,0,1,2,3,4,5,6,7,8,9,10,11,12,13,14,15,16,17,18,19,20,21,22,23,24,25,26,27,28,29,30,31,32,33,34,35,36,37,38,39,40,41,42,43,44,45,46,47,48,49,50,51,52,53,54,55,56,57,58,59,60,61,62,63,64,65,66,67,68,69,70,71,72,73,74,75,76,77,78,79,80,81,82,83,84,85,86,87,88,89,90,91,92,93,94,95,96,97,98,99
0,0.0,-0.072,-0.656,-0.744,-0.352,-0.488,-0.336,-0.48,-0.352,-0.584,-0.432,-0.984,-0.32,-0.664,-0.32,-0.672,-0.936,-0.576,-0.672,-0.528,-0.448,-0.72,-0.088,-0.744,-0.304,-0.32,-0.752,-0.368,-0.2,-0.144,-0.024,-0.376,-0.632,-0.456,-0.296,-0.456,-0.6,-0.224,-0.704,-0.78125,-0.88,-0.288,-0.456,-0.392,-0.76,-0.4,-0.384,-0.936,-0.536,-0.672,-0.512,-0.512,-0.312,-0.28,-0.946969696969697,-0.128,-1.0,-0.688,-0.328,-0.304,-0.128,-0.456,-0.824,-0.504,-0.328,-0.568,-0.672,-0.128,-0.176,-0.272,-0.2,-0.6868131868131868,-0.576,-0.176,-0.792,-0.504,-0.6038647342995169,-0.68,-0.488,-0.32,-0.384,-0.272,-0.528,-0.264,-0.936,-0.128,-0.792,-0.664,-0.408,-0.848,-0.48,-0.664,-0.344,-0.9541984732824428,-0.56,-0.768,-0.272,-0.184,-0.528,-0.32
1,-0.072,0.0,-0.10975609756097561,-0.0967741935483871,-0.20454545454545456,-0.14754098360655737,-0.21428571428571427,-0.15,-0.20454545454545456,-0.1232876712328767,-0.16666666666666666,-0.07317073170731707,-0.225,-0.10843373493975904,-0.225,-0.10714285714285714,-0.07692307692307693,-0.125,-0.10714285714285714,-0.13636363636363635,-0.16071428571428573,-0.1,-0.8181818181818182,-0.0967741935483871,-0.23684210526315788,-0.225,-0.09574468085106383,-0.1956521739130435,-0.36,-0.5,-0.3333333333333333,-0.19148936170212766,-0.11392405063291139,-0.15789473684210525,-0.24324324324324326,-0.15789473684210525,-0.12,-0.32142857142857145,-0.10227272727272728,-0.05625,-0.08181818181818182,-0.25,-0.15789473684210525,-0.1836734693877551,-0.09473684210526316,-0.18,-0.1875,-0.07692307692307693,-0.13432835820895522,-0.10714285714285714,-0.140625,-0.140625,-0.23076923076923078,-0.2571428571428571,-0.06818181818181818,-0.5625,-0.072,-0.10465116279069768,-0.21951219512195122,-0.23684210526315788,-0.5625,-0.15789473684210525,-0.08737864077669903,-0.14285714285714285,-0.21951219512195122,-0.1267605633802817,-0.10714285714285714,-0.5625,-0.4090909090909091,-0.2647058823529412,-0.36,-0.04945054945054945,-0.125,-0.4090909090909091,-0.09090909090909091,-0.14285714285714285,-0.043478260869565216,-0.10588235294117647,-0.14754098360655737,-0.225,-0.1875,-0.2647058823529412,-0.13636363636363635,-0.2727272727272727,-0.07692307692307693,-0.5625,-0.09090909090909091,-0.10843373493975904,-0.17647058823529413,-0.08490566037735849,-0.15,-0.10843373493975904,-0.20930232558139536,-0.06870229007633588,-0.12857142857142856,-0.09375,-0.2647058823529412,-0.391304347826087,-0.13636363636363635,-0.225
2,-0.656,-0.10975609756097561,0.0,-0.8817204301075269,-0.5365853658536586,-0.7439024390243902,-0.5121951219512195,-0.7317073170731707,-0.5365853658536586,-0.8902439024390244,-0.6585365853658537,-0.6666666666666666,-0.4878048780487805,-0.9879518072289156,-0.4878048780487805,-0.9761904761904762,-0.7008547008547008,-0.8780487804878049,-0.9761904761904762,-0.8048780487804879,-0.6829268292682927,-0.9111111111111111,-0.13414634146341464,-0.8817204301075269,-0.4634146341463415,-0.4878048780487805,-0.8723404255319149,-0.5609756097560976,-0.3048780487804878,-0.21951219512195122,-0.036585365853658534,-0.573170731707317,-0.9634146341463414,-0.6951219512195121,-0.45121951219512196,-0.6951219512195121,-0.9146341463414634,-0.34146341463414637,-0.9318181818181818,-0.5125,-0.7454545454545455,-0.43902439024390244,-0.6951219512195121,-0.5975609756097561,-0.8631578947368421,-0.6097560975609756,-0.5853658536585366,-0.7008547008547008,-0.8170731707317073,-0.9761904761904762,-0.7804878048780488,-0.7804878048780488,-0.47560975609756095,-0.4268292682926829,-0.6212121212121212,-0.1951219512195122,-0.656,-0.9534883720930233,-0.5,-0.4634146341463415,-0.1951219512195122,-0.6951219512195121,-0.7961165048543689,-0.7682926829268293,-0.5,-0.8658536585365854,-0.9761904761904762,-0.1951219512195122,-0.2682926829268293,-0.4146341463414634,-0.3048780487804878,-0.45054945054945056,-0.8780487804878049,-0.2682926829268293,-0.8282828282828283,-0.7682926829268293,-0.3961352657004831,-0.9647058823529412,-0.7439024390243902,-0.4878048780487805,-0.5853658536585366,-0.4146341463414634,-0.8048780487804879,-0.4024390243902439,-0.7008547008547008,-0.1951219512195122,-0.8282828282828283,-0.9879518072289156,-0.6219512195121951,-0.7735849056603774,-0.7317073170731707,-0.9879518072289156,-0.524390243902439,-0.6259541984732825,-0.8536585365853658,-0.8541666666666666,-0.4146341463414634,-0.2804878048780488,-0.8048780487804879,-0.4878048780487805
3,-0.744,-0.0967741935483871,-0.8817204301075269,0.0,-0.4731182795698925,-0.6559139784946236,-0.45161290322580644,-0.6451612903225806,-0.4731182795698925,-0.7849462365591398,-0.5806451612903226,-0.7560975609756098,-0.43010752688172044,-0.8924731182795699,-0.43010752688172044,-0.9032258064516129,-0.7948717948717948,-0.7741935483870968,-0.9032258064516129,-0.7096774193548387,-0.6021505376344086,-0.967741935483871,-0.11827956989247312,-1.0,-0.40860215053763443,-0.43010752688172044,-0.9893617021276596,-0.4946236559139785,-0.26881720430107525,-0.1935483870967742,-0.03225806451612903,-0.5053763440860215,-0.8494623655913979,-0.6129032258064516,-0.3978494623655914,-0.6129032258064516,-0.8064516129032258,-0.3010752688172043,-0.946236559139785,-0.58125,-0.8454545454545455,-0.3870967741935484,-0.6129032258064516,-0.5268817204301075,-0.9789473684210527,-0.5376344086021505,-0.5161290322580645,-0.7948717948717948,-0.7204301075268817,-0.9032258064516129,-0.6881720430107527,-0.6881720430107527,-0.41935483870967744,-0.3763440860215054,-0.7045454545454546,-0.17204301075268819,-0.744,-0.9247311827956989,-0.44086021505376344,-0.40860215053763443,-0.17204301075268819,-0.6129032258064516,-0.9029126213592233,-0.6774193548387096,-0.44086021505376344,-0.7634408602150538,-0.9032258064516129,-0.17204301075268819,-0.23655913978494625,-0.3655913978494624,-0.26881720430107525,-0.510989010989011,-0.7741935483870968,-0.23655913978494625,-0.9393939393939394,-0.6774193548387096,-0.4492753623188406,-0.9139784946236559,-0.6559139784946236,-0.43010752688172044,-0.5161290322580645,-0.3655913978494624,-0.7096774193548387,-0.3548387096774194,-0.7948717948717948,-0.17204301075268819,-0.9393939393939394,-0.8924731182795699,-0.5483870967741935,-0.8773584905660378,-0.6451612903225806,-0.8924731182795699,-0.46236559139784944,-0.7099236641221374,-0.7526881720430108,-0.96875,-0.3655913978494624,-0.24731182795698925,-0.7096774193548387,-0.43010752688172044
4,-0.352,-0.20454545454545456,-0.5365853658536586,-0.4731182795698925,0.0,-0.7213114754098361,-0.9545454545454546,-0.7333333333333333,-1.0,-0.6027397260273972,-0.8148148148148148,-0.35772357723577236,-0.9090909090909091,-0.5301204819277109,-0.9090909090909091,-0.5238095238095238,-0.37606837606837606,-0.6111111111111112,-0.5238095238095238,-0.6666666666666666,-0.7857142857142857,-0.4888888888888889,-0.25,-0.4731182795698925,-0.8636363636363636,-0.9090909090909091,-0.46808510638297873,-0.9565217391304348,-0.5681818181818182,-0.4090909090909091,-0.06818181818181818,-0.9361702127659575,-0.5569620253164557,-0.7719298245614035,-0.8409090909090909,-0.7719298245614035,-0.5866666666666667,-0.6363636363636364,-0.5,-0.275,-0.4,-0.8181818181818182,-0.7719298245614035,-0.8979591836734694,-0.4631578947368421,-0.88,-0.9166666666666666,-0.37606837606837606,-0.6567164179104478,-0.5238095238095238,-0.6875,-0.6875,-0.8863636363636364,-0.7954545454545454,-0.3333333333333333,-0.36363636363636365,-0.352,-0.5116279069767442,-0.9318181818181818,-0.8636363636363636,-0.36363636363636365,-0.7719298245614035,-0.42718446601941745,-0.6984126984126984,-0.9318181818181818,-0.6197183098591549,-0.5238095238095238,-0.36363636363636365,-0.5,-0.7727272727272727,-0.5681818181818182,-0.24175824175824176,-0.6111111111111112,-0.5,-0.4444444444444444,-0.6984126984126984,-0.21256038647342995,-0.5176470588235295,-0.7213114754098361,-0.9090909090909091,-0.9166666666666666,-0.7727272727272727,-0.6666666666666666,-0.75,-0.37606837606837606,-0.36363636363636365,-0.4444444444444444,-0.5301204819277109,-0.8627450980392157,-0.41509433962264153,-0.7333333333333333,-0.5301204819277109,-0.9772727272727273,-0.33587786259541985,-0.6285714285714286,-0.4583333333333333,-0.7727272727272727,-0.5227272727272727,-0.6666666666666666,-0.9090909090909091
5,-0.488,-0.14754098360655737,-0.7439024390243902,-0.6559139784946236,-0.7213114754098361,0.0,-0.6885245901639344,-0.9836065573770492,-0.7213114754098361,-0.8356164383561644,-0.8852459016393442,-0.4959349593495935,-0.6557377049180327,-0.7349397590361446,-0.6557377049180327,-0.7261904761904762,-0.5213675213675214,-0.8472222222222222,-0.7261904761904762,-0.9242424242424242,-0.9180327868852459,-0.6777777777777778,-0.18032786885245902,-0.6559139784946236,-0.6229508196721312,-0.6557377049180327,-0.648936170212766,-0.7540983606557377,-0.4098360655737705,-0.29508196721311475,-0.04918032786885246,-0.7704918032786885,-0.7721518987341772,-0.9344262295081968,-0.6065573770491803,-0.9344262295081968,-0.8133333333333334,-0.45901639344262296,-0.6931818181818182,-0.38125,-0.5545454545454546,-0.5901639344262295,-0.9344262295081968,-0.8032786885245902,-0.6421052631578947,-0.819672131147541,-0.7868852459016393,-0.5213675213675214,-0.9104477611940298,-0.7261904761904762,-0.953125,-0.953125,-0.639344262295082,-0.5737704918032787,-0.4621212121212121,-0.26229508196721313,-0.488,-0.7093023255813954,-0.6721311475409836,-0.6229508196721312,-0.26229508196721313,-0.9344262295081968,-0.5922330097087378,-0.9682539682539683,-0.6721311475409836,-0.8591549295774648,-0.7261904761904762,-0.26229508196721313,-0.36065573770491804,-0.5573770491803278,-0.4098360655737705,-0.33516483516483514,-0.8472222222222222,-0.36065573770491804,-0.6161616161616161,-0.9682539682539683,-0.2946859903381642,-0.7176470588235294,-1.0,-0.6557377049180327,-0.7868852459016393,-0.5573770491803278,-0.9242424242424242,-0.5409836065573771,-0.5213675213675214,-0.26229508196721313,-0.6161616161616161,-0.7349397590361446,-0.8360655737704918,-0.5754716981132075,-0.9836065573770492,-0.7349397590361446,-0.7049180327868853,-0.46564885496183206,-0.8714285714285714,-0.6354166666666666,-0.5573770491803278,-0.3770491803278688,-0.9242424242424242,-0.6557377049180327
6,-0.336,-0.21428571428571427,-0.5121951219512195,-0.45161290322580644,-0.9545454545454546,-0.6885245901639344,0.0,-0.7,-0.9545454545454546,-0.5753424657534246,-0.7777777777777778,-0.34146341463414637,-0.9523809523809523,-0.5060240963855421,-0.9523809523809523,-0.5,-0.358974358974359,-0.5833333333333334,-0.5,-0.6363636363636364,-0.75,-0.4666666666666667,-0.2619047619047619,-0.45161290322580644,-0.9047619047619048,-0.9523809523809523,-0.44680851063829785,-0.9130434782608695,-0.5952380952380952,-0.42857142857142855,-0.07142857142857142,-0.8936170212765957,-0.5316455696202531,-0.7368421052631579,-0.8809523809523809,-0.7368421052631579,-0.56,-0.6666666666666666,-0.4772727272727273,-0.2625,-0.38181818181818183,-0.8571428571428571,-0.7368421052631579,-0.8571428571428571,-0.4421052631578947,-0.84,-0.875,-0.358974358974359,-0.6268656716417911,-0.5,-0.65625,-0.65625,-0.9285714285714286,-0.8333333333333334,-0.3181818181818182,-0.38095238095238093,-0.336,-0.4883720930232558,-0.9761904761904762,-0.9047619047619048,-0.38095238095238093,-0.7368421052631579,-0.4077669902912621,-0.6666666666666666,-0.9761904761904762,-0.5915492957746479,-0.5,-0.38095238095238093,-0.5238095238095238,-0.8095238095238095,-0.5952380952380952,-0.23076923076923078,-0.5833333333333334,-0.5238095238095238,-0.42424242424242425,-0.6666666666666666,-0.2028985507246377,-0.49411764705882355,-0.6885245901639344,-0.9523809523809523,-0.875,-0.8095238095238095,-0.6363636363636364,-0.7857142857142857,-0.358974358974359,-0.38095238095238093,-0.42424242424242425,-0.5060240963855421,-0.8235294117647058,-0.39622641509433965,-0.7,-0.5060240963855421,-0.9767441860465116,-0.32061068702290074,-0.6,-0.4375,-0.8095238095238095,-0.5476190476190477,-0.6363636363636364,-0.9523809523809523
7,-0.48,-0.15,-0.7317073170731707,-0.6451612903225806,-0.7333333333333333,-0.9836065573770492,-0.7,0.0,-0.7333333333333333,-0.821917808219178,-0.9,-0.4878048780487805,-0.6666666666666666,-0.7228915662650602,-0.6666666666666666,-0.7142857142857143,-0.5128205128205128,-0.8333333333333334,-0.7142857142857143,-0.9090909090909091,-0.9333333333333333,-0.6666666666666666,-0.18333333333333332,-0.6451612903225806,-0.6333333333333333,-0.6666666666666666,-0.6382978723404256,-0.7666666666666667,-0.4166666666666667,-0.3,-0.05,-0.7833333333333333,-0.759493670886076,-0.95,-0.6166666666666667,-0.95,-0.8,-0.4666666666666667,-0.6818181818181818,-0.375,-0.5454545454545454,-0.6,-0.95,-0.8166666666666667,-0.631578947368421,-0.8333333333333334,-0.8,-0.5128205128205128,-0.8955223880597015,-0.7142857142857143,-0.9375,-0.9375,-0.65,-0.5833333333333334,-0.45454545454545453,-0.26666666666666666,-0.48,-0.6976744186046512,-0.6833333333333333,-0.6333333333333333,-0.26666666666666666,-0.95,-0.5825242718446602,-0.9523809523809523,-0.6833333333333333,-0.8450704225352113,-0.7142857142857143,-0.26666666666666666,-0.36666666666666664,-0.5666666666666667,-0.4166666666666667,-0.32967032967032966,-0.8333333333333334,-0.36666666666666664,-0.6060606060606061,-0.9523809523809523,-0.2898550724637681,-0.7058823529411765,-0.9836065573770492,-0.6666666666666666,-0.8,-0.5666666666666667,-0.9090909090909091,-0.55,-0.5128205128205128,-0.26666666666666666,-0.6060606060606061,-0.7228915662650602,-0.85,-0.5660377358490566,-1.0,-0.7228915662650602,-0.7166666666666667,-0.4580152671755725,-0.8571428571428571,-0.625,-0.5666666666666667,-0.38333333333333336,-0.9090909090909091,-0.6666666666666666
8,-0.352,-0.20454545454545456,-0.5365853658536586,-0.4731182795698925,-1.0,-0.7213114754098361,-0.9545454545454546,-0.7333333333333333,0.0,-0.6027397260273972,-0.8148148148148148,-0.35772357723577236,-0.9090909090909091,-0.5301204819277109,-0.9090909090909091,-0.5238095238095238,-0.37606837606837606,-0.6111111111111112,-0.5238095238095238,-0.6666666666666666,-0.7857142857142857,-0.4888888888888889,-0.25,-0.4731182795698925,-0.8636363636363636,-0.9090909090909091,-0.46808510638297873,-0.9565217391304348,-0.5681818181818182,-0.4090909090909091,-0.06818181818181818,-0.9361702127659575,-0.5569620253164557,-0.7719298245614035,-0.8409090909090909,-0.7719298245614035,-0.5866666666666667,-0.6363636363636364,-0.5,-0.275,-0.4,-0.8181818181818182,-0.7719298245614035,-0.8979591836734694,-0.4631578947368421,-0.88,-0.9166666666666666,-0.37606837606837606,-0.6567164179104478,-0.5238095238095238,-0.6875,-0.6875,-0.8863636363636364,-0.7954545454545454,-0.3333333333333333,-0.36363636363636365,-0.352,-0.5116279069767442,-0.9318181818181818,-0.8636363636363636,-0.36363636363636365,-0.7719298245614035,-0.42718446601941745,-0.6984126984126984,-0.9318181818181818,-0.6197183098591549,-0.5238095238095238,-0.36363636363636365,-0.5,-0.7727272727272727,-0.5681818181818182,-0.24175824175824176,-0.6111111111111112,-0.5,-0.4444444444444444,-0.6984126984126984,-0.21256038647342995,-0.5176470588235295,-0.7213114754098361,-0.9090909090909091,-0.9166666666666666,-0.7727272727272727,-0.6666666666666666,-0.75,-0.37606837606837606,-0.36363636363636365,-0.4444444444444444,-0.5301204819277109,-0.8627450980392157,-0.41509433962264153,-0.7333333333333333,-0.5301204819277109,-0.9772727272727273,-0.33587786259541985,-0.6285714285714286,-0.4583333333333333,-0.7727272727272727,-0.5227272727272727,-0.6666666666666666,-0.9090909090909091
9,-0.584,-0.1232876712328767,-0.8902439024390244,-0.7849462365591398,-0.6027397260273972,-0.8356164383561644,-0.5753424657534246,-0.821917808219178,-0.6027397260273972,0.0,-0.7397260273972602,-0.5934959349593496,-0.547945205479452,-0.8795180722891566,-0.547945205479452,-0.8690476190476191,-0.6239316239316239,-0.9863013698630136,-0.8690476190476191,-0.9041095890410958,-0.7671232876712328,-0.8111111111111111,-0.1506849315068493,-0.7849462365591398,-0.5205479452054794,-0.547945205479452,-0.776595744680851,-0.6301369863013698,-0.3424657534246575,-0.2465753424657534,-0.0410958904109589,-0.6438356164383562,-0.9240506329113924,-0.7808219178082192,-0.5068493150684932,-0.7808219178082192,-0.9733333333333334,-0.3835616438356164,-0.8295454545454546,-0.45625,-0.6636363636363637,-0.4931506849315068,-0.7808219178082192,-0.6712328767123288,-0.7684210526315789,-0.684931506849315,-0.6575342465753424,-0.6239316239316239,-0.9178082191780822,-0.8690476190476191,-0.8767123287671232,-0.8767123287671232,-0.5342465753424658,-0.4794520547945205,-0.553030303030303,-0.2191780821917808,-0.584,-0.8488372093023255,-0.5616438356164384,-0.5205479452054794,-0.2191780821917808,-0.7808219178082192,-0.7087378640776699,-0.863013698630137,-0.5616438356164384,-0.9726027397260274,-0.8690476190476191,-0.2191780821917808,-0.3013698630136986,-0.4657534246575342,-0.3424657534246575,-0.4010989010989011,-0.9863013698630136,-0.3013698630136986,-0.7373737373737373,-0.863013698630137,-0.3526570048309179,-0.8588235294117647,-0.8356164383561644,-0.547945205479452,-0.6575342465753424,-0.4657534246575342,-0.9041095890410958,-0.4520547945205479,-0.6239316239316239,-0.2191780821917808,-0.7373737373737373,-0.8795180722891566,-0.6986301369863014,-0.6886792452830188,-0.821917808219178,-0.8795180722891566,-0.589041095890411,-0.5572519083969466,-0.958904109589041,-0.7604166666666666,-0.4657534246575342,-0.3150684931506849,-0.9041095890410958,-0.547945205479452
10,-0.432,-0.16666666666666666,-0.6585365853658537,-0.5806451612903226,-0.8148148148148148,-0.8852459016393442,-0.7777777777777778,-0.9,-0.8148148148148148,-0.7397260273972602,0.0,-0.43902439024390244,-0.7407407407407407,-0.6506024096385542,-0.7407407407407407,-0.6428571428571429,-0.46153846153846156,-0.75,-0.6428571428571429,-0.8181818181818182,-0.9642857142857143,-0.6,-0.2037037037037037,-0.5806451612903226,-0.7037037037037037,-0.7407407407407407,-0.574468085106383,-0.8518518518518519,-0.46296296296296297,-0.3333333333333333,-0.05555555555555555,-0.8703703703703703,-0.6835443037974683,-0.9473684210526315,-0.6851851851851852,-0.9473684210526315,-0.72,-0.5185185185185185,-0.6136363636363636,-0.3375,-0.4909090909090909,-0.6666666666666666,-0.9473684210526315,-0.9074074074074074,-0.5684210526315789,-0.9259259259259259,-0.8888888888888888,-0.46153846153846156,-0.8059701492537313,-0.6428571428571429,-0.84375,-0.84375,-0.7222222222222222,-0.6481481481481481,-0.4090909090909091,-0.2962962962962963,-0.432,-0.627906976744186,-0.7592592592592593,-0.7037037037037037,-0.2962962962962963,-0.9473684210526315,-0.5242718446601942,-0.8571428571428571,-0.7592592592592593,-0.7605633802816901,-0.6428571428571429,-0.2962962962962963,-0.4074074074074074,-0.6296296296296297,-0.46296296296296297,-0.2967032967032967,-0.75,-0.4074074074074074,-0.5454545454545454,-0.8571428571428571,-0.2608695652173913,-0.6352941176470588,-0.8852459016393442,-0.7407407407407407,-0.8888888888888888,-0.6296296296296297,-0.8181818181818182,-0.6111111111111112,-0.46153846153846156,-0.2962962962962963,-0.5454545454545454,-0.6506024096385542,-0.9444444444444444,-0.5094339622641509,-0.9,-0.6506024096385542,-0.7962962962962963,-0.4122137404580153,-0.7714285714285715,-0.5625,-0.6296296296296297,-0.42592592592592593,-0.8181818181818182,-0.7407407407407407
11,-0.984,-0.07317073170731707,-0.6666666666666666,-0.7560975609756098,-0.35772357723577236,-0.4959349593495935,-0.34146341463414637,-0.4878048780487805,-0.35772357723577236,-0.5934959349593496,-0.43902439024390244,0.0,-0.3252032520325203,-0.6747967479674797,-0.3252032520325203,-0.6829268292682927,-0.9512195121951219,-0.5853658536585366,-0.6829268292682927,-0.5365853658536586,-0.45528455284552843,-0.7317073170731707,-0.08943089430894309,-0.7560975609756098,-0.3089430894308943,-0.3252032520325203,-0.7642276422764228,-0.37398373983739835,-0.2032520325203252,-0.14634146341463414,-0.024390243902439025,-0.3821138211382114,-0.6422764227642277,-0.4634146341463415,-0.3008130081300813,-0.4634146341463415,-0.6097560975609756,-0.22764227642276422,-0.7154471544715447,-0.76875,-0.8943089430894309,-0.2926829268292683,-0.4634146341463415,-0.3983739837398374,-0.7723577235772358,-0.4065040650406504,-0.3902439024390244,-0.9512195121951219,-0.5447154471544715,-0.6829268292682927,-0.5203252032520326,-0.5203252032520326,-0.3170731707317073,-0.2845528455284553,-0.9318181818181818,-0.13008130081300814,-0.984,-0.6991869918699187,-0.3333333333333333,-0.3089430894308943,-0.13008130081300814,-0.4634146341463415,-0.8373983739837398,-0.5121951219512195,-0.3333333333333333,-0.5772357723577236,-0.6829268292682927,-0.13008130081300814,-0.17886178861788618,-0.2764227642276423,-0.2032520325203252,-0.6758241758241759,-0.5853658536585366,-0.17886178861788618,-0.8048780487804879,-0.5121951219512195,-0.5942028985507246,-0.6910569105691057,-0.4959349593495935,-0.3252032520325203,-0.3902439024390244,-0.2764227642276423,-0.5365853658536586,-0.2682926829268293,-0.9512195121951219,-0.13008130081300814,-0.8048780487804879,-0.6747967479674797,-0.4146341463414634,-0.8617886178861789,-0.4878048780487805,-0.6747967479674797,-0.34959349593495936,-0.9389312977099237,-0.5691056910569106,-0.7804878048780488,-0.2764227642276423,-0.18699186991869918,-0.5365853658536586,-0.3252032520325203
12,-0.32,-0.225,-0.4878048780487805,-0.43010752688172044,-0.9090909090909091,-0.6557377049180327,-0.9523809523809523,-0.6666666666666666,-0.9090909090909091,-0.547945205479452,-0.7407407407407407,-0.3252032520325203,0.0,-0.4819277108433735,-1.0,-0.47619047619047616,-0.3418803418803419,-0.5555555555555556,-0.47619047619047616,-0.6060606060606061,-0.7142857142857143,-0.4444444444444444,-0.275,-0.43010752688172044,-0.95,-1.0,-0.425531914893617,-0.8695652173913043,-0.625,-0.45,-0.075,-0.851063829787234,-0.5063291139240507,-0.7017543859649122,-0.925,-0.7017543859649122,-0.5333333333333333,-0.7,-0.45454545454545453,-0.25,-0.36363636363636365,-0.9,-0.7017543859649122,-0.8163265306122449,-0.42105263157894735,-0.8,-0.8333333333333334,-0.3418803418803419,-0.5970149253731343,-0.47619047619047616,-0.625,-0.625,-0.975,-0.875,-0.30303030303030304,-0.4,-0.32,-0.46511627906976744,-0.975609756097561,-0.95,-0.4,-0.7017543859649122,-0.3883495145631068,-0.6349206349206349,-0.975609756097561,-0.5633802816901409,-0.47619047619047616,-0.4,-0.55,-0.85,-0.625,-0.21978021978021978,-0.5555555555555556,-0.55,-0.40404040404040403,-0.6349206349206349,-0.1932367149758454,-0.47058823529411764,-0.6557377049180327,-1.0,-0.8333333333333334,-0.85,-0.6060606060606061,-0.825,-0.3418803418803419,-0.4,-0.40404040404040403,-0.4819277108433735,-0.7843137254901961,-0.37735849056603776,-0.6666666666666666,-0.4819277108433735,-0.9302325581395349,-0.3053435114503817,-0.5714285714285714,-0.4166666666666667,-0.85,-0.575,-0.6060606060606061,-1.0
13,-0.664,-0.10843373493975904,-0.9879518072289156,-0.8924731182795699,-0.5301204819277109,-0.7349397590361446,-0.5060240963855421,-0.7228915662650602,-0.5301204819277109,-0.8795180722891566,-0.6506024096385542,-0.6747967479674797,-0.4819277108433735,0.0,-0.4819277108433735,-0.9880952380952381,-0.7094017094017094,-0.8674698795180723,-0.9880952380952381,-0.7951807228915663,-0.6746987951807228,-0.9222222222222223,-0.13253012048192772,-0.8924731182795699,-0.4578313253012048,-0.4819277108433735,-0.8829787234042553,-0.5542168674698795,-0.30120481927710846,-0.21686746987951808,-0.03614457831325301,-0.5662650602409639,-0.9518072289156626,-0.6867469879518072,-0.4457831325301205,-0.6867469879518072,-0.9036144578313253,-0.3373493975903614,-0.9431818181818182,-0.51875,-0.7545454545454545,-0.43373493975903615,-0.6867469879518072,-0.5903614457831325,-0.8736842105263158,-0.6024096385542169,-0.5783132530120482,-0.7094017094017094,-0.8072289156626506,-0.9880952380952381,-0.7710843373493976,-0.7710843373493976,-0.46987951807228917,-0.42168674698795183,-0.6287878787878788,-0.1927710843373494,-0.664,-0.9651162790697675,-0.4939759036144578,-0.4578313253012048,-0.1927710843373494,-0.6867469879518072,-0.8058252427184466,-0.7590361445783133,-0.4939759036144578,-0.8554216867469879,-0.9880952380952381,-0.1927710843373494,-0.26506024096385544,-0.40963855421686746,-0.30120481927710846,-0.45604395604395603,-0.8674698795180723,-0.26506024096385544,-0.8383838383838383,-0.7590361445783133,-0.40096618357487923,-0.9764705882352941,-0.7349397590361446,-0.4819277108433735,-0.5783132530120482,-0.40963855421686746,-0.7951807228915663,-0.39759036144578314,-0.7094017094017094,-0.1927710843373494,-0.8383838383838383,-1.0,-0.6144578313253012,-0.7830188679245284,-0.7228915662650602,-1.0,-0.5180722891566265,-0.6335877862595419,-0.8433734939759037,-0.8645833333333334,-0.40963855421686746,-0.27710843373493976,-0.7951807228915663,-0.4819277108433735
14,-0.32,-0.225,-0.4878048780487805,-0.43010752688172044,-0.9090909090909091,-0.6557377049180327,-0.9523809523809523,-0.6666666666666666,-0.9090909090909091,-0.547945205479452,-0.7407407407407407,-0.3252032520325203,-1.0,-0.4819277108433735,0.0,-0.47619047619047616,-0.3418803418803419,-0.5555555555555556,-0.47619047619047616,-0.6060606060606061,-0.7142857142857143,-0.4444444444444444,-0.275,-0.43010752688172044,-0.95,-1.0,-0.425531914893617,-0.8695652173913043,-0.625,-0.45,-0.075,-0.851063829787234,-0.5063291139240507,-0.7017543859649122,-0.925,-0.7017543859649122,-0.5333333333333333,-0.7,-0.45454545454545453,-0.25,-0.36363636363636365,-0.9,-0.7017543859649122,-0.8163265306122449,-0.42105263157894735,-0.8,-0.8333333333333334,-0.3418803418803419,-0.5970149253731343,-0.47619047619047616,-0.625,-0.625,-0.975,-0.875,-0.30303030303030304,-0.4,-0.32,-0.46511627906976744,-0.975609756097561,-0.95,-0.4,-0.7017543859649122,-0.3883495145631068,-0.6349206349206349,-0.975609756097561,-0.5633802816901409,-0.47619047619047616,-0.4,-0.55,-0.85,-0.625,-0.21978021978021978,-0.5555555555555556,-0.55,-0.40404040404040403,-0.6349206349206349,-0.1932367149758454,-0.47058823529411764,-0.6557377049180327,-1.0,-0.8333333333333334,-0.85,-0.6060606060606061,-0.825,-0.3418803418803419,-0.4,-0.40404040404040403,-0.4819277108433735,-0.7843137254901961,-0.37735849056603776,-0.6666666666666666,-0.4819277108433735,-0.9302325581395349,-0.3053435114503817,-0.5714285714285714,-0.4166666666666667,-0.85,-0.575,-0.6060606060606061,-1.0
15,-0.672,-0.10714285714285714,-0.9761904761904762,-0.9032258064516129,-0.5238095238095238,-0.7261904761904762,-0.5,-0.7142857142857143,-0.5238095238095238,-0.8690476190476191,-0.6428571428571429,-0.6829268292682927,-0.47619047619047616,-0.9880952380952381,-0.47619047619047616,0.0,-0.717948717948718,-0.8571428571428571,-1.0,-0.7857142857142857,-0.6666666666666666,-0.9333333333333333,-0.13095238095238096,-0.9032258064516129,-0.4523809523809524,-0.47619047619047616,-0.8936170212765957,-0.5476190476190477,-0.2976190476190476,-0.21428571428571427,-0.03571428571428571,-0.5595238095238095,-0.9404761904761905,-0.6785714285714286,-0.44047619047619047,-0.6785714285714286,-0.8928571428571429,-0.3333333333333333,-0.9545454545454546,-0.525,-0.7636363636363637,-0.42857142857142855,-0.6785714285714286,-0.5833333333333334,-0.8842105263157894,-0.5952380952380952,-0.5714285714285714,-0.717948717948718,-0.7976190476190477,-1.0,-0.7619047619047619,-0.7619047619047619,-0.4642857142857143,-0.4166666666666667,-0.6363636363636364,-0.19047619047619047,-0.672,-0.9767441860465116,-0.4880952380952381,-0.4523809523809524,-0.19047619047619047,-0.6785714285714286,-0.8155339805825242,-0.75,-0.4880952380952381,-0.8452380952380952,-1.0,-0.19047619047619047,-0.2619047619047619,-0.40476190476190477,-0.2976190476190476,-0.46153846153846156,-0.8571428571428571,-0.2619047619047619,-0.8484848484848485,-0.75,-0.4057971014492754,-0.9882352941176471,-0.7261904761904762,-0.47619047619047616,-0.5714285714285714,-0.40476190476190477,-0.7857142857142857,-0.39285714285714285,-0.717948717948718,-0.19047619047619047,-0.8484848484848485,-0.9880952380952381,-0.6071428571428571,-0.7924528301886793,-0.7142857142857143,-0.9880952380952381,-0.5119047619047619,-0.6412213740458015,-0.8333333333333334,-0.875,-0.40476190476190477,-0.27380952380952384,-0.7857142857142857,-0.47619047619047616
16,-0.936,-0.07692307692307693,-0.7008547008547008,-0.7948717948717948,-0.37606837606837606,-0.5213675213675214,-0.358974358974359,-0.5128205128205128,-0.37606837606837606,-0.6239316239316239,-0.46153846153846156,-0.9512195121951219,-0.3418803418803419,-0.7094017094017094,-0.3418803418803419,-0.717948717948718,0.0,-0.6153846153846154,-0.717948717948718,-0.5641025641025641,-0.47863247863247865,-0.7692307692307693,-0.09401709401709402,-0.7948717948717948,-0.3247863247863248,-0.3418803418803419,-0.8034188034188035,-0.39316239316239315,-0.21367521367521367,-0.15384615384615385,-0.02564102564102564,-0.4017094017094017,-0.6752136752136753,-0.48717948717948717,-0.3162393162393162,-0.48717948717948717,-0.6410256410256411,-0.23931623931623933,-0.7521367521367521,-0.73125,-0.9401709401709402,-0.3076923076923077,-0.48717948717948717,-0.4188034188034188,-0.811965811965812,-0.42735042735042733,-0.41025641025641024,-1.0,-0.5726495726495726,-0.717948717948718,-0.5470085470085471,-0.5470085470085471,-0.3333333333333333,-0.29914529914529914,-0.8863636363636364,-0.13675213675213677,-0.936,-0.7350427350427351,-0.3504273504273504,-0.3247863247863248,-0.13675213675213677,-0.48717948717948717,-0.8803418803418803,-0.5384615384615384,-0.3504273504273504,-0.6068376068376068,-0.717948717948718,-0.13675213675213677,-0.18803418803418803,-0.2905982905982906,-0.21367521367521367,-0.6428571428571429,-0.6153846153846154,-0.18803418803418803,-0.8461538461538461,-0.5384615384615384,-0.5652173913043478,-0.7264957264957265,-0.5213675213675214,-0.3418803418803419,-0.41025641025641024,-0.2905982905982906,-0.5641025641025641,-0.28205128205128205,-1.0,-0.13675213675213677,-0.8461538461538461,-0.7094017094017094,-0.4358974358974359,-0.905982905982906,-0.5128205128205128,-0.7094017094017094,-0.36752136752136755,-0.8931297709923665,-0.5982905982905983,-0.8205128205128205,-0.2905982905982906,-0.19658119658119658,-0.5641025641025641,-0.3418803418803419
17,-0.576,-0.125,-0.8780487804878049,-0.7741935483870968,-0.6111111111111112,-0.8472222222222222,-0.5833333333333334,-0.8333333333333334,-0.6111111111111112,-0.9863013698630136,-0.75,-0.5853658536585366,-0.5555555555555556,-0.8674698795180723,-0.5555555555555556,-0.8571428571428571,-0.6153846153846154,0.0,-0.8571428571428571,-0.9166666666666666,-0.7777777777777778,-0.8,-0.1527777777777778,-0.7741935483870968,-0.5277777777777778,-0.5555555555555556,-0.7659574468085106,-0.6388888888888888,-0.3472222222222222,-0.25,-0.041666666666666664,-0.6527777777777778,-0.9113924050632911,-0.7916666666666666,-0.5138888888888888,-0.7916666666666666,-0.96,-0.3888888888888889,-0.8181818181818182,-0.45,-0.6545454545454545,-0.5,-0.7916666666666666,-0.6805555555555556,-0.7578947368421053,-0.6944444444444444,-0.6666666666666666,-0.6153846153846154,-0.9305555555555556,-0.8571428571428571,-0.8888888888888888,-0.8888888888888888,-0.5416666666666666,-0.4861111111111111,-0.5454545454545454,-0.2222222222222222,-0.576,-0.8372093023255814,-0.5694444444444444,-0.5277777777777778,-0.2222222222222222,-0.7916666666666666,-0.6990291262135923,-0.875,-0.5694444444444444,-0.9861111111111112,-0.8571428571428571,-0.2222222222222222,-0.3055555555555556,-0.4722222222222222,-0.3472222222222222,-0.3956043956043956,-1.0,-0.3055555555555556,-0.7272727272727273,-0.875,-0.34782608695652173,-0.8470588235294118,-0.8472222222222222,-0.5555555555555556,-0.6666666666666666,-0.4722222222222222,-0.9166666666666666,-0.4583333333333333,-0.6153846153846154,-0.2222222222222222,-0.7272727272727273,-0.8674698795180723,-0.7083333333333334,-0.6792452830188679,-0.8333333333333334,-0.8674698795180723,-0.5972222222222222,-0.549618320610687,-0.9722222222222222,-0.75,-0.4722222222222222,-0.3194444444444444,-0.9166666666666666,-0.5555555555555556
18,-0.672,-0.10714285714285714,-0.9761904761904762,-0.9032258064516129,-0.5238095238095238,-0.7261904761904762,-0.5,-0.7142857142857143,-0.5238095238095238,-0.8690476190476191,-0.6428571428571429,-0.6829268292682927,-0.47619047619047616,-0.9880952380952381,-0.47619047619047616,-1.0,-0.717948717948718,-0.8571428571428571,0.0,-0.7857142857142857,-0.6666666666666666,-0.9333333333333333,-0.13095238095238096,-0.9032258064516129,-0.4523809523809524,-0.47619047619047616,-0.8936170212765957,-0.5476190476190477,-0.2976190476190476,-0.21428571428571427,-0.03571428571428571,-0.5595238095238095,-0.9404761904761905,-0.6785714285714286,-0.44047619047619047,-0.6785714285714286,-0.8928571428571429,-0.3333333333333333,-0.9545454545454546,-0.525,-0.7636363636363637,-0.42857142857142855,-0.6785714285714286,-0.5833333333333334,-0.8842105263157894,-0.5952380952380952,-0.5714285714285714,-0.717948717948718,-0.7976190476190477,-1.0,-0.7619047619047619,-0.7619047619047619,-0.4642857142857143,-0.4166666666666667,-0.6363636363636364,-0.19047619047619047,-0.672,-0.9767441860465116,-0.4880952380952381,-0.4523809523809524,-0.19047619047619047,-0.6785714285714286,-0.8155339805825242,-0.75,-0.4880952380952381,-0.8452380952380952,-1.0,-0.19047619047619047,-0.2619047619047619,-0.40476190476190477,-0.2976190476190476,-0.46153846153846156,-0.8571428571428571,-0.2619047619047619,-0.8484848484848485,-0.75,-0.4057971014492754,-0.9882352941176471,-0.7261904761904762,-0.47619047619047616,-0.5714285714285714,-0.40476190476190477,-0.7857142857142857,-0.39285714285714285,-0.717948717948718,-0.19047619047619047,-0.8484848484848485,-0.9880952380952381,-0.6071428571428571,-0.7924528301886793,-0.7142857142857143,-0.9880952380952381,-0.5119047619047619,-0.6412213740458015,-0.8333333333333334,-0.875,-0.40476190476190477,-0.27380952380952384,-0.7857142857142857,-0.47619047619047616
19,-0.528,-0.13636363636363635,-0.8048780487804879,-0.7096774193548387,-0.6666666666666666,-0.9242424242424242,-0.6363636363636364,-0.9090909090909091,-0.6666666666666666,-0.9041095890410958,-0.8181818181818182,-0.5365853658536586,-0.6060606060606061,-0.7951807228915663,-0.6060606060606061,-0.7857142857142857,-0.5641025641025641,-0.9166666666666666,-0.7857142857142857,0.0,-0.8484848484848485,-0.7333333333333333,-0.16666666666666666,-0.7096774193548387,-0.5757575757575758,-0.6060606060606061,-0.7021276595744681,-0.696969696969697,-0.3787878787878788,-0.2727272727272727,-0.045454545454545456,-0.7121212121212122,-0.8354430379746836,-0.8636363636363636,-0.5606060606060606,-0.8636363636363636,-0.88,-0.42424242424242425,-0.75,-0.4125,-0.6,-0.5454545454545454,-0.8636363636363636,-0.7424242424242424,-0.6947368421052632,-0.7575757575757576,-0.7272727272727273,-0.5641025641025641,-0.9850746268656716,-0.7857142857142857,-0.9696969696969697,-0.9696969696969697,-0.5909090909090909,-0.5303030303030303,-0.5,-0.24242424242424243,-0.528,-0.7674418604651163,-0.6212121212121212,-0.5757575757575758,-0.24242424242424243,-0.8636363636363636,-0.6407766990291263,-0.9545454545454546,-0.6212121212121212,-0.9295774647887324,-0.7857142857142857,-0.24242424242424243,-0.3333333333333333,-0.5151515151515151,-0.3787878787878788,-0.3626373626373626,-0.9166666666666666,-0.3333333333333333,-0.6666666666666666,-0.9545454545454546,-0.3188405797101449,-0.7764705882352941,-0.9242424242424242,-0.6060606060606061,-0.7272727272727273,-0.5151515151515151,-1.0,-0.5,-0.5641025641025641,-0.24242424242424243,-0.6666666666666666,-0.7951807228915663,-0.7727272727272727,-0.6226415094339622,-0.9090909090909091,-0.7951807228915663,-0.6515151515151515,-0.5038167938931297,-0.9428571428571428,-0.6875,-0.5151515151515151,-0.3484848484848485,-1.0,-0.6060606060606061
20,-0.448,-0.16071428571428573,-0.6829268292682927,-0.6021505376344086,-0.7857142857142857,-0.9180327868852459,-0.75,-0.9333333333333333,-0.7857142857142857,-0.7671232876712328,-0.9642857142857143,-0.45528455284552843,-0.7142857142857143,-0.6746987951807228,-0.7142857142857143,-0.6666666666666666,-0.47863247863247865,-0.7777777777777778,-0.6666666666666666,-0.8484848484848485,0.0,-0.6222222222222222,-0.19642857142857142,-0.6021505376344086,-0.6785714285714286,-0.7142857142857143,-0.5957446808510638,-0.8214285714285714,-0.44642857142857145,-0.32142857142857145,-0.05357142857142857,-0.8392857142857143,-0.7088607594936709,-0.9824561403508771,-0.6607142857142857,-0.9824561403508771,-0.7466666666666667,-0.5,-0.6363636363636364,-0.35,-0.509090909090909,-0.6428571428571429,-0.9824561403508771,-0.875,-0.5894736842105263,-0.8928571428571429,-0.8571428571428571,-0.47863247863247865,-0.835820895522388,-0.6666666666666666,-0.875,-0.875,-0.6964285714285714,-0.625,-0.42424242424242425,-0.2857142857142857,-0.448,-0.6511627906976745,-0.7321428571428571,-0.6785714285714286,-0.2857142857142857,-0.9824561403508771,-0.5436893203883495,-0.8888888888888888,-0.7321428571428571,-0.7887323943661971,-0.6666666666666666,-0.2857142857142857,-0.39285714285714285,-0.6071428571428571,-0.44642857142857145,-0.3076923076923077,-0.7777777777777778,-0.39285714285714285,-0.5656565656565656,-0.8888888888888888,-0.27053140096618356,-0.6588235294117647,-0.9180327868852459,-0.7142857142857143,-0.8571428571428571,-0.6071428571428571,-0.8484848484848485,-0.5892857142857143,-0.47863247863247865,-0.2857142857142857,-0.5656565656565656,-0.6746987951807228,-0.9107142857142857,-0.5283018867924528,-0.9333333333333333,-0.6746987951807228,-0.7678571428571429,-0.42748091603053434,-0.8,-0.5833333333333334,-0.6071428571428571,-0.4107142857142857,-0.8484848484848485,-0.7142857142857143
21,-0.72,-0.1,-0.9111111111111111,-0.967741935483871,-0.4888888888888889,-0.6777777777777778,-0.4666666666666667,-0.6666666666666666,-0.4888888888888889,-0.8111111111111111,-0.6,-0.7317073170731707,-0.4444444444444444,-0.9222222222222223,-0.4444444444444444,-0.9333333333333333,-0.7692307692307693,-0.8,-0.9333333333333333,-0.7333333333333333,-0.6222222222222222,0.0,-0.12222222222222222,-0.967741935483871,-0.4222222222222222,-0.4444444444444444,-0.9574468085106383,-0.5111111111111111,-0.2777777777777778,-0.2,-0.03333333333333333,-0.5222222222222223,-0.8777777777777778,-0.6333333333333333,-0.4111111111111111,-0.6333333333333333,-0.8333333333333334,-0.3111111111111111,-0.9777777777777777,-0.5625,-0.8181818181818182,-0.4,-0.6333333333333333,-0.5444444444444444,-0.9473684210526315,-0.5555555555555556,-0.5333333333333333,-0.7692307692307693,-0.7444444444444445,-0.9333333333333333,-0.7111111111111111,-0.7111111111111111,-0.43333333333333335,-0.3888888888888889,-0.6818181818181818,-0.17777777777777778,-0.72,-0.9555555555555556,-0.45555555555555555,-0.4222222222222222,-0.17777777777777778,-0.6333333333333333,-0.8737864077669902,-0.7,-0.45555555555555555,-0.7888888888888889,-0.9333333333333333,-0.17777777777777778,-0.24444444444444444,-0.37777777777777777,-0.2777777777777778,-0.4945054945054945,-0.8,-0.24444444444444444,-0.9090909090909091,-0.7,-0.43478260869565216,-0.9444444444444444,-0.6777777777777778,-0.4444444444444444,-0.5333333333333333,-0.37777777777777777,-0.7333333333333333,-0.36666666666666664,-0.7692307692307693,-0.17777777777777778,-0.9090909090909091,-0.9222222222222223,-0.5666666666666667,-0.8490566037735849,-0.6666666666666666,-0.9222222222222223,-0.4777777777777778,-0.6870229007633588,-0.7777777777777778,-0.9375,-0.37777777777777777,-0.25555555555555554,-0.7333333333333333,-0.4444444444444444
22,-0.088,-0.8181818181818182,-0.13414634146341464,-0.11827956989247312,-0.25,-0.18032786885245902,-0.2619047619047619,-0.18333333333333332,-0.25,-0.1506849315068493,-0.2037037037037037,-0.08943089430894309,-0.275,-0.13253012048192772,-0.275,-0.13095238095238096,-0.09401709401709402,-0.1527777777777778,-0.13095238095238096,-0.16666666666666666,-0.19642857142857142,-0.12222222222222222,0.0,-0.11827956989247312,-0.2894736842105263,-0.275,-0.11702127659574468,-0.2391304347826087,-0.44,-0.6111111111111112,-0.2727272727272727,-0.23404255319148937,-0.13924050632911392,-0.19298245614035087,-0.2972972972972973,-0.19298245614035087,-0.14666666666666667,-0.39285714285714285,-0.125,-0.06875,-0.1,-0.3055555555555556,-0.19298245614035087,-0.22448979591836735,-0.11578947368421053,-0.22,-0.22916666666666666,-0.09401709401709402,-0.16417910447761194,-0.13095238095238096,-0.171875,-0.171875,-0.28205128205128205,-0.3142857142857143,-0.08333333333333333,-0.6875,-0.088,-0.12790697674418605,-0.2682926829268293,-0.2894736842105263,-0.6875,-0.19298245614035087,-0.10679611650485436,-0.1746031746031746,-0.2682926829268293,-0.15492957746478872,-0.13095238095238096,-0.6875,-0.5,-0.3235294117647059,-0.44,-0.06043956043956044,-0.1527777777777778,-0.5,-0.1111111111111111,-0.1746031746031746,-0.05314009661835749,-0.12941176470588237,-0.18032786885245902,-0.275,-0.22916666666666666,-0.3235294117647059,-0.16666666666666666,-0.3333333333333333,-0.09401709401709402,-0.6875,-0.1111111111111111,-0.13253012048192772,-0.21568627450980393,-0.10377358490566038,-0.18333333333333332,-0.13253012048192772,-0.2558139534883721,-0.08396946564885496,-0.15714285714285714,-0.11458333333333333,-0.3235294117647059,-0.4782608695652174,-0.16666666666666666,-0.275
23,-0.744,-0.0967741935483871,-0.8817204301075269,-1.0,-0.4731182795698925,-0.6559139784946236,-0.45161290322580644,-0.6451612903225806,-0.4731182795698925,-0.7849462365591398,-0.5806451612903226,-0.7560975609756098,-0.43010752688172044,-0.8924731182795699,-0.43010752688172044,-0.9032258064516129,-0.7948717948717948,-0.7741935483870968,-0.9032258064516129,-0.7096774193548387,-0.6021505376344086,-0.967741935483871,-0.11827956989247312,0.0,-0.40860215053763443,-0.43010752688172044,-0.9893617021276596,-0.4946236559139785,-0.26881720430107525,-0.1935483870967742,-0.03225806451612903,-0.5053763440860215,-0.8494623655913979,-0.6129032258064516,-0.3978494623655914,-0.6129032258064516,-0.8064516129032258,-0.3010752688172043,-0.946236559139785,-0.58125,-0.8454545454545455,-0.3870967741935484,-0.6129032258064516,-0.5268817204301075,-0.9789473684210527,-0.5376344086021505,-0.5161290322580645,-0.7948717948717948,-0.7204301075268817,-0.9032258064516129,-0.6881720430107527,-0.6881720430107527,-0.41935483870967744,-0.3763440860215054,-0.7045454545454546,-0.17204301075268819,-0.744,-0.9247311827956989,-0.44086021505376344,-0.40860215053763443,-0.17204301075268819,-0.6129032258064516,-0.9029126213592233,-0.6774193548387096,-0.44086021505376344,-0.7634408602150538,-0.9032258064516129,-0.17204301075268819,-0.23655913978494625,-0.3655913978494624,-0.26881720430107525,-0.510989010989011,-0.7741935483870968,-0.23655913978494625,-0.9393939393939394,-0.6774193548387096,-0.4492753623188406,-0.9139784946236559,-0.6559139784946236,-0.43010752688172044,-0.5161290322580645,-0.3655913978494624,-0.7096774193548387,-0.3548387096774194,-0.7948717948717948,-0.17204301075268819,-0.9393939393939394,-0.8924731182795699,-0.5483870967741935,-0.8773584905660378,-0.6451612903225806,-0.8924731182795699,-0.46236559139784944,-0.7099236641221374,-0.7526881720430108,-0.96875,-0.3655913978494624,-0.24731182795698925,-0.7096774193548387,-0.43010752688172044
24,-0.304,-0.23684210526315788,-0.4634146341463415,-0.40860215053763443,-0.8636363636363636,-0.6229508196721312,-0.9047619047619048,-0.6333333333333333,-0.8636363636363636,-0.5205479452054794,-0.7037037037037037,-0.3089430894308943,-0.95,-0.4578313253012048,-0.95,-0.4523809523809524,-0.3247863247863248,-0.5277777777777778,-0.4523809523809524,-0.5757575757575758,-0.6785714285714286,-0.4222222222222222,-0.2894736842105263,-0.40860215053763443,0.0,-0.95,-0.40425531914893614,-0.8260869565217391,-0.6578947368421053,-0.47368421052631576,-0.07894736842105263,-0.8085106382978723,-0.4810126582278481,-0.6666666666666666,-0.9736842105263158,-0.6666666666666666,-0.5066666666666667,-0.7368421052631579,-0.4318181818181818,-0.2375,-0.34545454545454546,-0.9473684210526315,-0.6666666666666666,-0.7755102040816326,-0.4,-0.76,-0.7916666666666666,-0.3247863247863248,-0.5671641791044776,-0.4523809523809524,-0.59375,-0.59375,-0.9743589743589743,-0.9210526315789473,-0.2878787878787879,-0.42105263157894735,-0.304,-0.4418604651162791,-0.926829268292683,-1.0,-0.42105263157894735,-0.6666666666666666,-0.36893203883495146,-0.6031746031746031,-0.926829268292683,-0.5352112676056338,-0.4523809523809524,-0.42105263157894735,-0.5789473684210527,-0.8947368421052632,-0.6578947368421053,-0.2087912087912088,-0.5277777777777778,-0.5789473684210527,-0.3838383838383838,-0.6031746031746031,-0.18357487922705315,-0.4470588235294118,-0.6229508196721312,-0.95,-0.7916666666666666,-0.8947368421052632,-0.5757575757575758,-0.868421052631579,-0.3247863247863248,-0.42105263157894735,-0.3838383838383838,-0.4578313253012048,-0.7450980392156863,-0.3584905660377358,-0.6333333333333333,-0.4578313253012048,-0.8837209302325582,-0.2900763358778626,-0.5428571428571428,-0.3958333333333333,-0.8947368421052632,-0.6052631578947368,-0.5757575757575758,-0.95
25,-0.32,-0.225,-0.4878048780487805,-0.43010752688172044,-0.9090909090909091,-0.6557377049180327,-0.9523809523809523,-0.6666666666666666,-0.9090909090909091,-0.547945205479452,-0.7407407407407407,-0.3252032520325203,-1.0,-0.4819277108433735,-1.0,-0.47619047619047616,-0.3418803418803419,-0.5555555555555556,-0.47619047619047616,-0.6060606060606061,-0.7142857142857143,-0.4444444444444444,-0.275,-0.43010752688172044,-0.95,0.0,-0.425531914893617,-0.8695652173913043,-0.625,-0.45,-0.075,-0.851063829787234,-0.5063291139240507,-0.7017543859649122,-0.925,-0.7017543859649122,-0.5333333333333333,-0.7,-0.45454545454545453,-0.25,-0.36363636363636365,-0.9,-0.7017543859649122,-0.8163265306122449,-0.42105263157894735,-0.8,-0.8333333333333334,-0.3418803418803419,-0.5970149253731343,-0.47619047619047616,-0.625,-0.625,-0.975,-0.875,-0.30303030303030304,-0.4,-0.32,-0.46511627906976744,-0.975609756097561,-0.95,-0.4,-0.7017543859649122,-0.3883495145631068,-0.6349206349206349,-0.975609756097561,-0.5633802816901409,-0.47619047619047616,-0.4,-0.55,-0.85,-0.625,-0.21978021978021978,-0.5555555555555556,-0.55,-0.40404040404040403,-0.6349206349206349,-0.1932367149758454,-0.47058823529411764,-0.6557377049180327,-1.0,-0.8333333333333334,-0.85,-0.6060606060606061,-0.825,-0.3418803418803419,-0.4,-0.40404040404040403,-0.4819277108433735,-0.7843137254901961,-0.37735849056603776,-0.6666666666666666,-0.4819277108433735,-0.9302325581395349,-0.3053435114503817,-0.5714285714285714,-0.4166666666666667,-0.85,-0.575,-0.6060606060606061,-1.0
26,-0.752,-0.09574468085106383,-0.8723404255319149,-0.9893617021276596,-0.46808510638297873,-0.648936170212766,-0.44680851063829785,-0.6382978723404256,-0.46808510638297873,-0.776595744680851,-0.574468085106383,-0.7642276422764228,-0.425531914893617,-0.8829787234042553,-0.425531914893617,-0.8936170212765957,-0.8034188034188035,-0.7659574468085106,-0.8936170212765957,-0.7021276595744681,-0.5957446808510638,-0.9574468085106383,-0.11702127659574468,-0.9893617021276596,-0.40425531914893614,-0.425531914893617,0.0,-0.48936170212765956,-0.26595744680851063,-0.19148936170212766,-0.031914893617021274,-0.5,-0.8404255319148937,-0.6063829787234043,-0.39361702127659576,-0.6063829787234043,-0.7978723404255319,-0.2978723404255319,-0.9361702127659575,-0.5875,-0.8545454545454545,-0.3829787234042553,-0.6063829787234043,-0.5212765957446809,-0.9894736842105263,-0.5319148936170213,-0.5106382978723404,-0.8034188034188035,-0.7127659574468085,-0.8936170212765957,-0.6808510638297872,-0.6808510638297872,-0.4148936170212766,-0.3723404255319149,-0.7121212121212122,-0.1702127659574468,-0.752,-0.9148936170212766,-0.43617021276595747,-0.40425531914893614,-0.1702127659574468,-0.6063829787234043,-0.912621359223301,-0.6702127659574468,-0.43617021276595747,-0.7553191489361702,-0.8936170212765957,-0.1702127659574468,-0.23404255319148937,-0.3617021276595745,-0.26595744680851063,-0.5164835164835165,-0.7659574468085106,-0.23404255319148937,-0.9494949494949495,-0.6702127659574468,-0.45410628019323673,-0.9042553191489362,-0.648936170212766,-0.425531914893617,-0.5106382978723404,-0.3617021276595745,-0.7021276595744681,-0.35106382978723405,-0.8034188034188035,-0.1702127659574468,-0.9494949494949495,-0.8829787234042553,-0.5425531914893617,-0.8867924528301887,-0.6382978723404256,-0.8829787234042553,-0.4574468085106383,-0.7175572519083969,-0.7446808510638298,-0.9791666666666666,-0.3617021276595745,-0.24468085106382978,-0.7021276595744681,-0.425531914893617
27,-0.368,-0.1956521739130435,-0.5609756097560976,-0.4946236559139785,-0.9565217391304348,-0.7540983606557377,-0.9130434782608695,-0.7666666666666667,-0.9565217391304348,-0.6301369863013698,-0.8518518518518519,-0.37398373983739835,-0.8695652173913043,-0.5542168674698795,-0.8695652173913043,-0.5476190476190477,-0.39316239316239315,-0.6388888888888888,-0.5476190476190477,-0.696969696969697,-0.8214285714285714,-0.5111111111111111,-0.2391304347826087,-0.4946236559139785,-0.8260869565217391,-0.8695652173913043,-0.48936170212765956,0.0,-0.5434782608695652,-0.391304347826087,-0.06521739130434782,-0.9787234042553191,-0.5822784810126582,-0.8070175438596491,-0.8043478260869565,-0.8070175438596491,-0.6133333333333333,-0.6086956521739131,-0.5227272727272727,-0.2875,-0.41818181818181815,-0.782608695652174,-0.8070175438596491,-0.9387755102040817,-0.4842105263157895,-0.92,-0.9583333333333334,-0.39316239316239315,-0.6865671641791045,-0.5476190476190477,-0.71875,-0.71875,-0.8478260869565217,-0.7608695652173914,-0.3484848484848485,-0.34782608695652173,-0.368,-0.5348837209302325,-0.8913043478260869,-0.8260869565217391,-0.34782608695652173,-0.8070175438596491,-0.44660194174757284,-0.7301587301587301,-0.8913043478260869,-0.647887323943662,-0.5476190476190477,-0.34782608695652173,-0.4782608695652174,-0.7391304347826086,-0.5434782608695652,-0.25274725274725274,-0.6388888888888888,-0.4782608695652174,-0.46464646464646464,-0.7301587301587301,-0.2222222222222222,-0.5411764705882353,-0.7540983606557377,-0.8695652173913043,-0.9583333333333334,-0.7391304347826086,-0.696969696969697,-0.717391304347826,-0.39316239316239315,-0.34782608695652173,-0.46464646464646464,-0.5542168674698795,-0.9019607843137255,-0.4339622641509434,-0.7666666666666667,-0.5542168674698795,-0.9347826086956522,-0.3511450381679389,-0.6571428571428571,-0.4791666666666667,-0.7391304347826086,-0.5,-0.696969696969697,-0.8695652173913043
28,-0.2,-0.36,-0.3048780487804878,-0.26881720430107525,-0.5681818181818182,-0.4098360655737705,-0.5952380952380952,-0.4166666666666667,-0.5681818181818182,-0.3424657534246575,-0.46296296296296297,-0.2032520325203252,-0.625,-0.30120481927710846,-0.625,-0.2976190476190476,-0.21367521367521367,-0.3472222222222222,-0.2976190476190476,-0.3787878787878788,-0.44642857142857145,-0.2777777777777778,-0.44,-0.26881720430107525,-0.6578947368421053,-0.625,-0.26595744680851063,-0.5434782608695652,0.0,-0.72,-0.12,-0.5319148936170213,-0.31645569620253167,-0.43859649122807015,-0.6756756756756757,-0.43859649122807015,-0.3333333333333333,-0.8928571428571429,-0.2840909090909091,-0.15625,-0.22727272727272727,-0.6944444444444444,-0.43859649122807015,-0.5102040816326531,-0.2631578947368421,-0.5,-0.5208333333333334,-0.21367521367521367,-0.373134328358209,-0.2976190476190476,-0.390625,-0.390625,-0.6410256410256411,-0.7142857142857143,-0.1893939393939394,-0.64,-0.2,-0.29069767441860467,-0.6097560975609756,-0.6578947368421053,-0.64,-0.43859649122807015,-0.24271844660194175,-0.3968253968253968,-0.6097560975609756,-0.352112676056338,-0.2976190476190476,-0.64,-0.88,-0.7352941176470589,-1.0,-0.13736263736263737,-0.3472222222222222,-0.88,-0.25252525252525254,-0.3968253968253968,-0.12077294685990338,-0.29411764705882354,-0.4098360655737705,-0.625,-0.5208333333333334,-0.7352941176470589,-0.3787878787878788,-0.7575757575757576,-0.21367521367521367,-0.64,-0.25252525252525254,-0.30120481927710846,-0.49019607843137253,-0.2358490566037736,-0.4166666666666667,-0.30120481927710846,-0.5813953488372093,-0.19083969465648856,-0.35714285714285715,-0.2604166666666667,-0.7352941176470589,-0.92,-0.3787878787878788,-0.625
29,-0.144,-0.5,-0.21951219512195122,-0.1935483870967742,-0.4090909090909091,-0.29508196721311475,-0.42857142857142855,-0.3,-0.4090909090909091,-0.2465753424657534,-0.3333333333333333,-0.14634146341463414,-0.45,-0.21686746987951808,-0.45,-0.21428571428571427,-0.15384615384615385,-0.25,-0.21428571428571427,-0.2727272727272727,-0.32142857142857145,-0.2,-0.6111111111111112,-0.1935483870967742,-0.47368421052631576,-0.45,-0.19148936170212766,-0.391304347826087,-0.72,0.0,-0.16666666666666666,-0.3829787234042553,-0.22784810126582278,-0.3157894736842105,-0.4864864864864865,-0.3157894736842105,-0.24,-0.6428571428571429,-0.20454545454545456,-0.1125,-0.16363636363636364,-0.5,-0.3157894736842105,-0.3673469387755102,-0.18947368421052632,-0.36,-0.375,-0.15384615384615385,-0.26865671641791045,-0.21428571428571427,-0.28125,-0.28125,-0.46153846153846156,-0.5142857142857142,-0.13636363636363635,-0.8888888888888888,-0.144,-0.20930232558139536,-0.43902439024390244,-0.47368421052631576,-0.8888888888888888,-0.3157894736842105,-0.17475728155339806,-0.2857142857142857,-0.43902439024390244,-0.2535211267605634,-0.21428571428571427,-0.8888888888888888,-0.8181818181818182,-0.5294117647058824,-0.72,-0.0989010989010989,-0.25,-0.8181818181818182,-0.18181818181818182,-0.2857142857142857,-0.08695652173913043,-0.21176470588235294,-0.29508196721311475,-0.45,-0.375,-0.5294117647058824,-0.2727272727272727,-0.5454545454545454,-0.15384615384615385,-0.8888888888888888,-0.18181818181818182,-0.21686746987951808,-0.35294117647058826,-0.16981132075471697,-0.3,-0.21686746987951808,-0.4186046511627907,-0.13740458015267176,-0.2571428571428571,-0.1875,-0.5294117647058824,-0.782608695652174,-0.2727272727272727,-0.45
30,-0.024,-0.3333333333333333,-0.036585365853658534,-0.03225806451612903,-0.06818181818181818,-0.04918032786885246,-0.07142857142857142,-0.05,-0.06818181818181818,-0.0410958904109589,-0.05555555555555555,-0.024390243902439025,-0.075,-0.03614457831325301,-0.075,-0.03571428571428571,-0.02564102564102564,-0.041666666666666664,-0.03571428571428571,-0.045454545454545456,-0.05357142857142857,-0.03333333333333333,-0.2727272727272727,-0.03225806451612903,-0.07894736842105263,-0.075,-0.031914893617021274,-0.06521739130434782,-0.12,-0.16666666666666666,0.0,-0.06382978723404255,-0.0379746835443038,-0.05263157894736842,-0.08108108108108109,-0.05263157894736842,-0.04,-0.10714285714285714,-0.03409090909090909,-0.01875,-0.02727272727272727,-0.08333333333333333,-0.05263157894736842,-0.061224489795918366,-0.031578947368421054,-0.06,-0.0625,-0.02564102564102564,-0.04477611940298507,-0.03571428571428571,-0.046875,-0.046875,-0.07692307692307693,-0.08571428571428572,-0.022727272727272728,-0.1875,-0.024,-0.03488372093023256,-0.07317073170731707,-0.07894736842105263,-0.1875,-0.05263157894736842,-0.02912621359223301,-0.047619047619047616,-0.07317073170731707,-0.04225352112676056,-0.03571428571428571,-0.1875,-0.13636363636363635,-0.08823529411764706,-0.12,-0.016483516483516484,-0.041666666666666664,-0.13636363636363635,-0.030303030303030304,-0.047619047619047616,-0.014492753623188406,-0.03529411764705882,-0.04918032786885246,-0.075,-0.0625,-0.08823529411764706,-0.045454545454545456,-0.09090909090909091,-0.02564102564102564,-0.1875,-0.030303030303030304,-0.03614457831325301,-0.058823529411764705,-0.02830188679245283,-0.05,-0.03614457831325301,-0.06976744186046512,-0.022900763358778626,-0.04285714285714286,-0.03125,-0.08823529411764706,-0.13043478260869565,-0.045454545454545456,-0.075
31,-0.376,-0.19148936170212766,-0.573170731707317,-0.5053763440860215,-0.9361702127659575,-0.7704918032786885,-0.8936170212765957,-0.7833333333333333,-0.9361702127659575,-0.6438356164383562,-0.8703703703703703,-0.3821138211382114,-0.851063829787234,-0.5662650602409639,-0.851063829787234,-0.5595238095238095,-0.4017094017094017,-0.6527777777777778,-0.5595238095238095,-0.7121212121212122,-0.8392857142857143,-0.5222222222222223,-0.23404255319148937,-0.5053763440860215,-0.8085106382978723,-0.851063829787234,-0.5,-0.9787234042553191,-0.5319148936170213,-0.3829787234042553,-0.06382978723404255,0.0,-0.5949367088607594,-0.8245614035087719,-0.7872340425531915,-0.8245614035087719,-0.6266666666666667,-0.5957446808510638,-0.5340909090909091,-0.29375,-0.42727272727272725,-0.7659574468085106,-0.8245614035087719,-0.9591836734693877,-0.49473684210526314,-0.94,-0.9791666666666666,-0.4017094017094017,-0.7014925373134329,-0.5595238095238095,-0.734375,-0.734375,-0.8297872340425532,-0.7446808510638298,-0.3560606060606061,-0.3404255319148936,-0.376,-0.5465116279069767,-0.8723404255319149,-0.8085106382978723,-0.3404255319148936,-0.8245614035087719,-0.4563106796116505,-0.746031746031746,-0.8723404255319149,-0.6619718309859155,-0.5595238095238095,-0.3404255319148936,-0.46808510638297873,-0.723404255319149,-0.5319148936170213,-0.25824175824175827,-0.6527777777777778,-0.46808510638297873,-0.47474747474747475,-0.746031746031746,-0.22705314009661837,-0.5529411764705883,-0.7704918032786885,-0.851063829787234,-0.9791666666666666,-0.723404255319149,-0.7121212121212122,-0.7021276595744681,-0.4017094017094017,-0.3404255319148936,-0.47474747474747475,-0.5662650602409639,-0.9215686274509803,-0.44339622641509435,-0.7833333333333333,-0.5662650602409639,-0.9148936170212766,-0.35877862595419846,-0.6714285714285714,-0.4895833333333333,-0.723404255319149,-0.48936170212765956,-0.7121212121212122,-0.851063829787234
32,-0.632,-0.11392405063291139,-0.9634146341463414,-0.8494623655913979,-0.5569620253164557,-0.7721518987341772,-0.5316455696202531,-0.759493670886076,-0.5569620253164557,-0.9240506329113924,-0.6835443037974683,-0.6422764227642277,-0.5063291139240507,-0.9518072289156626,-0.5063291139240507,-0.9404761904761905,-0.6752136752136753,-0.9113924050632911,-0.9404761904761905,-0.8354430379746836,-0.7088607594936709,-0.8777777777777778,-0.13924050632911392,-0.8494623655913979,-0.4810126582278481,-0.5063291139240507,-0.8404255319148937,-0.5822784810126582,-0.31645569620253167,-0.22784810126582278,-0.0379746835443038,-0.5949367088607594,0.0,-0.7215189873417721,-0.46835443037974683,-0.7215189873417721,-0.9493670886075949,-0.35443037974683544,-0.8977272727272727,-0.49375,-0.7181818181818181,-0.45569620253164556,-0.7215189873417721,-0.620253164556962,-0.8315789473684211,-0.6329113924050633,-0.6075949367088608,-0.6752136752136753,-0.8481012658227848,-0.9404761904761905,-0.810126582278481,-0.810126582278481,-0.4936708860759494,-0.4430379746835443,-0.5984848484848485,-0.20253164556962025,-0.632,-0.9186046511627907,-0.5189873417721519,-0.4810126582278481,-0.20253164556962025,-0.7215189873417721,-0.7669902912621359,-0.7974683544303798,-0.5189873417721519,-0.8987341772151899,-0.9404761904761905,-0.20253164556962025,-0.27848101265822783,-0.43037974683544306,-0.31645569620253167,-0.4340659340659341,-0.9113924050632911,-0.27848101265822783,-0.797979797979798,-0.7974683544303798,-0.38164251207729466,-0.9294117647058824,-0.7721518987341772,-0.5063291139240507,-0.6075949367088608,-0.43037974683544306,-0.8354430379746836,-0.4177215189873418,-0.6752136752136753,-0.20253164556962025,-0.797979797979798,-0.9518072289156626,-0.6455696202531646,-0.7452830188679245,-0.759493670886076,-0.9518072289156626,-0.5443037974683544,-0.6030534351145038,-0.8860759493670886,-0.8229166666666666,-0.43037974683544306,-0.2911392405063291,-0.8354430379746836,-0.5063291139240507
33,-0.456,-0.15789473684210525,-0.6951219512195121,-0.6129032258064516,-0.7719298245614035,-0.9344262295081968,-0.7368421052631579,-0.95,-0.7719298245614035,-0.7808219178082192,-0.9473684210526315,-0.4634146341463415,-0.7017543859649122,-0.6867469879518072,-0.7017543859649122,-0.6785714285714286,-0.48717948717948717,-0.7916666666666666,-0.6785714285714286,-0.8636363636363636,-0.9824561403508771,-0.6333333333333333,-0.19298245614035087,-0.6129032258064516,-0.6666666666666666,-0.7017543859649122,-0.6063829787234043,-0.8070175438596491,-0.43859649122807015,-0.3157894736842105,-0.05263157894736842,-0.8245614035087719,-0.7215189873417721,0.0,-0.6491228070175439,-1.0,-0.76,-0.49122807017543857,-0.6477272727272727,-0.35625,-0.5181818181818182,-0.631578947368421,-1.0,-0.8596491228070176,-0.6,-0.8771929824561403,-0.8421052631578947,-0.48717948717948717,-0.8507462686567164,-0.6785714285714286,-0.890625,-0.890625,-0.6842105263157895,-0.6140350877192983,-0.4318181818181818,-0.2807017543859649,-0.456,-0.6627906976744186,-0.7192982456140351,-0.6666666666666666,-0.2807017543859649,-1.0,-0.5533980582524272,-0.9047619047619048,-0.7192982456140351,-0.8028169014084507,-0.6785714285714286,-0.2807017543859649,-0.38596491228070173,-0.5964912280701754,-0.43859649122807015,-0.3131868131868132,-0.7916666666666666,-0.38596491228070173,-0.5757575757575758,-0.9047619047619048,-0.2753623188405797,-0.6705882352941176,-0.9344262295081968,-0.7017543859649122,-0.8421052631578947,-0.5964912280701754,-0.8636363636363636,-0.5789473684210527,-0.48717948717948717,-0.2807017543859649,-0.5757575757575758,-0.6867469879518072,-0.8947368421052632,-0.5377358490566038,-0.95,-0.6867469879518072,-0.7543859649122807,-0.4351145038167939,-0.8142857142857143,-0.59375,-0.5964912280701754,-0.40350877192982454,-0.8636363636363636,-0.7017543859649122
34,-0.296,-0.24324324324324326,-0.45121951219512196,-0.3978494623655914,-0.8409090909090909,-0.6065573770491803,-0.8809523809523809,-0.6166666666666667,-0.8409090909090909,-0.5068493150684932,-0.6851851851851852,-0.3008130081300813,-0.925,-0.4457831325301205,-0.925,-0.44047619047619047,-0.3162393162393162,-0.5138888888888888,-0.44047619047619047,-0.5606060606060606,-0.6607142857142857,-0.4111111111111111,-0.2972972972972973,-0.3978494623655914,-0.9736842105263158,-0.925,-0.39361702127659576,-0.8043478260869565,-0.6756756756756757,-0.4864864864864865,-0.08108108108108109,-0.7872340425531915,-0.46835443037974683,-0.6491228070175439,0.0,-0.6491228070175439,-0.49333333333333335,-0.7567567567567568,-0.42045454545454547,-0.23125,-0.33636363636363636,-0.972972972972973,-0.6491228070175439,-0.7551020408163265,-0.3894736842105263,-0.74,-0.7708333333333334,-0.3162393162393162,-0.5522388059701493,-0.44047619047619047,-0.578125,-0.578125,-0.9487179487179487,-0.9459459459459459,-0.2803030303030303,-0.43243243243243246,-0.296,-0.43023255813953487,-0.9024390243902439,-0.9736842105263158,-0.43243243243243246,-0.6491228070175439,-0.3592233009708738,-0.5873015873015873,-0.9024390243902439,-0.5211267605633803,-0.44047619047619047,-0.43243243243243246,-0.5945945945945946,-0.918918918918919,-0.6756756756756757,-0.2032967032967033,-0.5138888888888888,-0.5945945945945946,-0.37373737373737376,-0.5873015873015873,-0.178743961352657,-0.43529411764705883,-0.6065573770491803,-0.925,-0.7708333333333334,-0.918918918918919,-0.5606060606060606,-0.8918918918918919,-0.3162393162393162,-0.43243243243243246,-0.37373737373737376,-0.4457831325301205,-0.7254901960784313,-0.3490566037735849,-0.6166666666666667,-0.4457831325301205,-0.8604651162790697,-0.2824427480916031,-0.5285714285714286,-0.3854166666666667,-0.918918918918919,-0.6216216216216216,-0.5606060606060606,-0.925
35,-0.456,-0.15789473684210525,-0.6951219512195121,-0.6129032258064516,-0.7719298245614035,-0.9344262295081968,-0.7368421052631579,-0.95,-0.7719298245614035,-0.7808219178082192,-0.9473684210526315,-0.4634146341463415,-0.7017543859649122,-0.6867469879518072,-0.7017543859649122,-0.6785714285714286,-0.48717948717948717,-0.7916666666666666,-0.6785714285714286,-0.8636363636363636,-0.9824561403508771,-0.6333333333333333,-0.19298245614035087,-0.6129032258064516,-0.6666666666666666,-0.7017543859649122,-0.6063829787234043,-0.8070175438596491,-0.43859649122807015,-0.3157894736842105,-0.05263157894736842,-0.8245614035087719,-0.7215189873417721,-1.0,-0.6491228070175439,0.0,-0.76,-0.49122807017543857,-0.6477272727272727,-0.35625,-0.5181818181818182,-0.631578947368421,-1.0,-0.8596491228070176,-0.6,-0.8771929824561403,-0.8421052631578947,-0.48717948717948717,-0.8507462686567164,-0.6785714285714286,-0.890625,-0.890625,-0.6842105263157895,-0.6140350877192983,-0.4318181818181818,-0.2807017543859649,-0.456,-0.6627906976744186,-0.7192982456140351,-0.6666666666666666,-0.2807017543859649,-1.0,-0.5533980582524272,-0.9047619047619048,-0.7192982456140351,-0.8028169014084507,-0.6785714285714286,-0.2807017543859649,-0.38596491228070173,-0.5964912280701754,-0.43859649122807015,-0.3131868131868132,-0.7916666666666666,-0.38596491228070173,-0.5757575757575758,-0.9047619047619048,-0.2753623188405797,-0.6705882352941176,-0.9344262295081968,-0.7017543859649122,-0.8421052631578947,-0.5964912280701754,-0.8636363636363636,-0.5789473684210527,-0.48717948717948717,-0.2807017543859649,-0.5757575757575758,-0.6867469879518072,-0.8947368421052632,-0.5377358490566038,-0.95,-0.6867469879518072,-0.7543859649122807,-0.4351145038167939,-0.8142857142857143,-0.59375,-0.5964912280701754,-0.40350877192982454,-0.8636363636363636,-0.7017543859649122
36,-0.6,-0.12,-0.9146341463414634,-0.8064516129032258,-0.5866666666666667,-0.8133333333333334,-0.56,-0.8,-0.5866666666666667,-0.9733333333333334,-0.72,-0.6097560975609756,-0.5333333333333333,-0.9036144578313253,-0.5333333333333333,-0.8928571428571429,-0.6410256410256411,-0.96,-0.8928571428571429,-0.88,-0.7466666666666667,-0.8333333333333334,-0.14666666666666667,-0.8064516129032258,-0.5066666666666667,-0.5333333333333333,-0.7978723404255319,-0.6133333333333333,-0.3333333333333333,-0.24,-0.04,-0.6266666666666667,-0.9493670886075949,-0.76,-0.49333333333333335,-0.76,0.0,-0.37333333333333335,-0.8522727272727273,-0.46875,-0.6818181818181818,-0.48,-0.76,-0.6533333333333333,-0.7894736842105263,-0.6666666666666666,-0.64,-0.6410256410256411,-0.8933333333333333,-0.8928571428571429,-0.8533333333333334,-0.8533333333333334,-0.52,-0.4666666666666667,-0.5681818181818182,-0.21333333333333335,-0.6,-0.872093023255814,-0.5466666666666666,-0.5066666666666667,-0.21333333333333335,-0.76,-0.7281553398058253,-0.84,-0.5466666666666666,-0.9466666666666667,-0.8928571428571429,-0.21333333333333335,-0.29333333333333333,-0.4533333333333333,-0.3333333333333333,-0.41208791208791207,-0.96,-0.29333333333333333,-0.7575757575757576,-0.84,-0.36231884057971014,-0.8823529411764706,-0.8133333333333334,-0.5333333333333333,-0.64,-0.4533333333333333,-0.88,-0.44,-0.6410256410256411,-0.21333333333333335,-0.7575757575757576,-0.9036144578313253,-0.68,-0.7075471698113207,-0.8,-0.9036144578313253,-0.5733333333333334,-0.5725190839694656,-0.9333333333333333,-0.78125,-0.4533333333333333,-0.30666666666666664,-0.88,-0.5333333333333333
37,-0.224,-0.32142857142857145,-0.34146341463414637,-0.3010752688172043,-0.6363636363636364,-0.45901639344262296,-0.6666666666666666,-0.4666666666666667,-0.6363636363636364,-0.3835616438356164,-0.5185185185185185,-0.22764227642276422,-0.7,-0.3373493975903614,-0.7,-0.3333333333333333,-0.23931623931623933,-0.3888888888888889,-0.3333333333333333,-0.42424242424242425,-0.5,-0.3111111111111111,-0.39285714285714285,-0.3010752688172043,-0.7368421052631579,-0.7,-0.2978723404255319,-0.6086956521739131,-0.8928571428571429,-0.6428571428571429,-0.10714285714285714,-0.5957446808510638,-0.35443037974683544,-0.49122807017543857,-0.7567567567567568,-0.49122807017543857,-0.37333333333333335,0.0,-0.3181818181818182,-0.175,-0.2545454545454545,-0.7777777777777778,-0.49122807017543857,-0.5714285714285714,-0.29473684210526313,-0.56,-0.5833333333333334,-0.23931623931623933,-0.417910447761194,-0.3333333333333333,-0.4375,-0.4375,-0.717948717948718,-0.8,-0.21212121212121213,-0.5714285714285714,-0.224,-0.32558139534883723,-0.6829268292682927,-0.7368421052631579,-0.5714285714285714,-0.49122807017543857,-0.27184466019417475,-0.4444444444444444,-0.6829268292682927,-0.39436619718309857,-0.3333333333333333,-0.5714285714285714,-0.7857142857142857,-0.8235294117647058,-0.8928571428571429,-0.15384615384615385,-0.3888888888888889,-0.7857142857142857,-0.2828282828282828,-0.4444444444444444,-0.13526570048309178,-0.32941176470588235,-0.45901639344262296,-0.7,-0.5833333333333334,-0.8235294117647058,-0.42424242424242425,-0.8484848484848485,-0.23931623931623933,-0.5714285714285714,-0.2828282828282828,-0.3373493975903614,-0.5490196078431373,-0.2641509433962264,-0.4666666666666667,-0.3373493975903614,-0.6511627906976745,-0.21374045801526717,-0.4,-0.2916666666666667,-0.8235294117647058,-0.8214285714285714,-0.42424242424242425,-0.7
38,-0.704,-0.10227272727272728,-0.9318181818181818,-0.946236559139785,-0.5,-0.6931818181818182,-0.4772727272727273,-0.6818181818181818,-0.5,-0.8295454545454546,-0.6136363636363636,-0.7154471544715447,-0.45454545454545453,-0.9431818181818182,-0.45454545454545453,-0.9545454545454546,-0.7521367521367521,-0.8181818181818182,-0.9545454545454546,-0.75,-0.6363636363636364,-0.9777777777777777,-0.125,-0.946236559139785,-0.4318181818181818,-0.45454545454545453,-0.9361702127659575,-0.5227272727272727,-0.2840909090909091,-0.20454545454545456,-0.03409090909090909,-0.5340909090909091,-0.8977272727272727,-0.6477272727272727,-0.42045454545454547,-0.6477272727272727,-0.8522727272727273,-0.3181818181818182,0.0,-0.55,-0.8,-0.4090909090909091,-0.6477272727272727,-0.5568181818181818,-0.9263157894736842,-0.5681818181818182,-0.5454545454545454,-0.7521367521367521,-0.7613636363636364,-0.9545454545454546,-0.7272727272727273,-0.7272727272727273,-0.4431818181818182,-0.3977272727272727,-0.6666666666666666,-0.18181818181818182,-0.704,-0.9772727272727273,-0.4659090909090909,-0.4318181818181818,-0.18181818181818182,-0.6477272727272727,-0.8543689320388349,-0.7159090909090909,-0.4659090909090909,-0.8068181818181818,-0.9545454545454546,-0.18181818181818182,-0.25,-0.38636363636363635,-0.2840909090909091,-0.4835164835164835,-0.8181818181818182,-0.25,-0.8888888888888888,-0.7159090909090909,-0.4251207729468599,-0.9659090909090909,-0.6931818181818182,-0.45454545454545453,-0.5454545454545454,-0.38636363636363635,-0.75,-0.375,-0.7521367521367521,-0.18181818181818182,-0.8888888888888888,-0.9431818181818182,-0.5795454545454546,-0.8301886792452831,-0.6818181818181818,-0.9431818181818182,-0.48863636363636365,-0.6717557251908397,-0.7954545454545454,-0.9166666666666666,-0.38636363636363635,-0.26136363636363635,-0.75,-0.45454545454545453
39,-0.78125,-0.05625,-0.5125,-0.58125,-0.275,-0.38125,-0.2625,-0.375,-0.275,-0.45625,-0.3375,-0.76875,-0.25,-0.51875,-0.25,-0.525,-0.73125,-0.45,-0.525,-0.4125,-0.35,-0.5625,-0.06875,-0.58125,-0.2375,-0.25,-0.5875,-0.2875,-0.15625,-0.1125,-0.01875,-0.29375,-0.49375,-0.35625,-0.23125,-0.35625,-0.46875,-0.175,-0.55,0.0,-0.6875,-0.225,-0.35625,-0.30625,-0.59375,-0.3125,-0.3,-0.73125,-0.41875,-0.525,-0.4,-0.4,-0.24375,-0.21875,-0.825,-0.1,-0.78125,-0.5375,-0.25625,-0.2375,-0.1,-0.35625,-0.64375,-0.39375,-0.25625,-0.44375,-0.525,-0.1,-0.1375,-0.2125,-0.15625,-0.8791208791208791,-0.45,-0.1375,-0.61875,-0.39375,-0.7729468599033816,-0.53125,-0.38125,-0.25,-0.3,-0.2125,-0.4125,-0.20625,-0.73125,-0.1,-0.61875,-0.51875,-0.31875,-0.6625,-0.375,-0.51875,-0.26875,-0.81875,-0.4375,-0.6,-0.2125,-0.14375,-0.4125,-0.25
40,-0.88,-0.08181818181818182,-0.7454545454545455,-0.8454545454545455,-0.4,-0.5545454545454546,-0.38181818181818183,-0.5454545454545454,-0.4,-0.6636363636363637,-0.4909090909090909,-0.8943089430894309,-0.36363636363636365,-0.7545454545454545,-0.36363636363636365,-0.7636363636363637,-0.9401709401709402,-0.6545454545454545,-0.7636363636363637,-0.6,-0.509090909090909,-0.8181818181818182,-0.1,-0.8454545454545455,-0.34545454545454546,-0.36363636363636365,-0.8545454545454545,-0.41818181818181815,-0.22727272727272727,-0.16363636363636364,-0.02727272727272727,-0.42727272727272725,-0.7181818181818181,-0.5181818181818182,-0.33636363636363636,-0.5181818181818182,-0.6818181818181818,-0.2545454545454545,-0.8,-0.6875,0.0,-0.32727272727272727,-0.5181818181818182,-0.44545454545454544,-0.8636363636363636,-0.45454545454545453,-0.43636363636363634,-0.9401709401709402,-0.6090909090909091,-0.7636363636363637,-0.5818181818181818,-0.5818181818181818,-0.35454545454545455,-0.3181818181818182,-0.8333333333333334,-0.14545454545454545,-0.88,-0.7818181818181819,-0.37272727272727274,-0.34545454545454546,-0.14545454545454545,-0.5181818181818182,-0.9363636363636364,-0.5727272727272728,-0.37272727272727274,-0.6454545454545455,-0.7636363636363637,-0.14545454545454545,-0.2,-0.3090909090909091,-0.22727272727272727,-0.6043956043956044,-0.6545454545454545,-0.2,-0.9,-0.5727272727272728,-0.5314009661835749,-0.7727272727272727,-0.5545454545454546,-0.36363636363636365,-0.43636363636363634,-0.3090909090909091,-0.6,-0.3,-0.9401709401709402,-0.14545454545454545,-0.9,-0.7545454545454545,-0.4636363636363636,-0.9636363636363636,-0.5454545454545454,-0.7545454545454545,-0.39090909090909093,-0.8396946564885496,-0.6363636363636364,-0.8727272727272727,-0.3090909090909091,-0.20909090909090908,-0.6,-0.36363636363636365
41,-0.288,-0.25,-0.43902439024390244,-0.3870967741935484,-0.8181818181818182,-0.5901639344262295,-0.8571428571428571,-0.6,-0.8181818181818182,-0.4931506849315068,-0.6666666666666666,-0.2926829268292683,-0.9,-0.43373493975903615,-0.9,-0.42857142857142855,-0.3076923076923077,-0.5,-0.42857142857142855,-0.5454545454545454,-0.6428571428571429,-0.4,-0.3055555555555556,-0.3870967741935484,-0.9473684210526315,-0.9,-0.3829787234042553,-0.782608695652174,-0.6944444444444444,-0.5,-0.08333333333333333,-0.7659574468085106,-0.45569620253164556,-0.631578947368421,-0.972972972972973,-0.631578947368421,-0.48,-0.7777777777777778,-0.4090909090909091,-0.225,-0.32727272727272727,0.0,-0.631578947368421,-0.7346938775510204,-0.37894736842105264,-0.72,-0.75,-0.3076923076923077,-0.5373134328358209,-0.42857142857142855,-0.5625,-0.5625,-0.9230769230769231,-0.9722222222222222,-0.2727272727272727,-0.4444444444444444,-0.288,-0.4186046511627907,-0.8780487804878049,-0.9473684210526315,-0.4444444444444444,-0.631578947368421,-0.34951456310679613,-0.5714285714285714,-0.8780487804878049,-0.5070422535211268,-0.42857142857142855,-0.4444444444444444,-0.6111111111111112,-0.9444444444444444,-0.6944444444444444,-0.1978021978021978,-0.5,-0.6111111111111112,-0.36363636363636365,-0.5714285714285714,-0.17391304347826086,-0.4235294117647059,-0.5901639344262295,-0.9,-0.75,-0.9444444444444444,-0.5454545454545454,-0.9166666666666666,-0.3076923076923077,-0.4444444444444444,-0.36363636363636365,-0.43373493975903615,-0.7058823529411765,-0.33962264150943394,-0.6,-0.43373493975903615,-0.8372093023255814,-0.2748091603053435,-0.5142857142857142,-0.375,-0.9444444444444444,-0.6388888888888888,-0.5454545454545454,-0.9
42,-0.456,-0.15789473684210525,-0.6951219512195121,-0.6129032258064516,-0.7719298245614035,-0.9344262295081968,-0.7368421052631579,-0.95,-0.7719298245614035,-0.7808219178082192,-0.9473684210526315,-0.4634146341463415,-0.7017543859649122,-0.6867469879518072,-0.7017543859649122,-0.6785714285714286,-0.48717948717948717,-0.7916666666666666,-0.6785714285714286,-0.8636363636363636,-0.9824561403508771,-0.6333333333333333,-0.19298245614035087,-0.6129032258064516,-0.6666666666666666,-0.7017543859649122,-0.6063829787234043,-0.8070175438596491,-0.43859649122807015,-0.3157894736842105,-0.05263157894736842,-0.8245614035087719,-0.7215189873417721,-1.0,-0.6491228070175439,-1.0,-0.76,-0.49122807017543857,-0.6477272727272727,-0.35625,-0.5181818181818182,-0.631578947368421,0.0,-0.8596491228070176,-0.6,-0.8771929824561403,-0.8421052631578947,-0.48717948717948717,-0.8507462686567164,-0.6785714285714286,-0.890625,-0.890625,-0.6842105263157895,-0.6140350877192983,-0.4318181818181818,-0.2807017543859649,-0.456,-0.6627906976744186,-0.7192982456140351,-0.6666666666666666,-0.2807017543859649,-1.0,-0.5533980582524272,-0.9047619047619048,-0.7192982456140351,-0.8028169014084507,-0.6785714285714286,-0.2807017543859649,-0.38596491228070173,-0.5964912280701754,-0.43859649122807015,-0.3131868131868132,-0.7916666666666666,-0.38596491228070173,-0.5757575757575758,-0.9047619047619048,-0.2753623188405797,-0.6705882352941176,-0.9344262295081968,-0.7017543859649122,-0.8421052631578947,-0.5964912280701754,-0.8636363636363636,-0.5789473684210527,-0.48717948717948717,-0.2807017543859649,-0.5757575757575758,-0.6867469879518072,-0.8947368421052632,-0.5377358490566038,-0.95,-0.6867469879518072,-0.7543859649122807,-0.4351145038167939,-0.8142857142857143,-0.59375,-0.5964912280701754,-0.40350877192982454,-0.8636363636363636,-0.7017543859649122
43,-0.392,-0.1836734693877551,-0.5975609756097561,-0.5268817204301075,-0.8979591836734694,-0.8032786885245902,-0.8571428571428571,-0.8166666666666667,-0.8979591836734694,-0.6712328767123288,-0.9074074074074074,-0.3983739837398374,-0.8163265306122449,-0.5903614457831325,-0.8163265306122449,-0.5833333333333334,-0.4188034188034188,-0.6805555555555556,-0.5833333333333334,-0.7424242424242424,-0.875,-0.5444444444444444,-0.22448979591836735,-0.5268817204301075,-0.7755102040816326,-0.8163265306122449,-0.5212765957446809,-0.9387755102040817,-0.5102040816326531,-0.3673469387755102,-0.061224489795918366,-0.9591836734693877,-0.620253164556962,-0.8596491228070176,-0.7551020408163265,-0.8596491228070176,-0.6533333333333333,-0.5714285714285714,-0.5568181818181818,-0.30625,-0.44545454545454544,-0.7346938775510204,-0.8596491228070176,0.0,-0.5157894736842106,-0.98,-0.9795918367346939,-0.4188034188034188,-0.7313432835820896,-0.5833333333333334,-0.765625,-0.765625,-0.7959183673469388,-0.7142857142857143,-0.3712121212121212,-0.32653061224489793,-0.392,-0.5697674418604651,-0.8367346938775511,-0.7755102040816326,-0.32653061224489793,-0.8596491228070176,-0.47572815533980584,-0.7777777777777778,-0.8367346938775511,-0.6901408450704225,-0.5833333333333334,-0.32653061224489793,-0.4489795918367347,-0.6938775510204082,-0.5102040816326531,-0.2692307692307692,-0.6805555555555556,-0.4489795918367347,-0.494949494949495,-0.7777777777777778,-0.23671497584541062,-0.5764705882352941,-0.8032786885245902,-0.8163265306122449,-0.9795918367346939,-0.6938775510204082,-0.7424242424242424,-0.673469387755102,-0.4188034188034188,-0.32653061224489793,-0.494949494949495,-0.5903614457831325,-0.9607843137254902,-0.46226415094339623,-0.8166666666666667,-0.5903614457831325,-0.8775510204081632,-0.37404580152671757,-0.7,-0.5104166666666666,-0.6938775510204082,-0.46938775510204084,-0.7424242424242424,-0.8163265306122449
44,-0.76,-0.09473684210526316,-0.8631578947368421,-0.9789473684210527,-0.4631578947368421,-0.6421052631578947,-0.4421052631578947,-0.631578947368421,-0.4631578947368421,-0.7684210526315789,-0.5684210526315789,-0.7723577235772358,-0.42105263157894735,-0.8736842105263158,-0.42105263157894735,-0.8842105263157894,-0.811965811965812,-0.7578947368421053,-0.8842105263157894,-0.6947368421052632,-0.5894736842105263,-0.9473684210526315,-0.11578947368421053,-0.9789473684210527,-0.4,-0.42105263157894735,-0.9894736842105263,-0.4842105263157895,-0.2631578947368421,-0.18947368421052632,-0.031578947368421054,-0.49473684210526314,-0.8315789473684211,-0.6,-0.3894736842105263,-0.6,-0.7894736842105263,-0.29473684210526313,-0.9263157894736842,-0.59375,-0.8636363636363636,-0.37894736842105264,-0.6,-0.5157894736842106,0.0,-0.5263157894736842,-0.5052631578947369,-0.811965811965812,-0.7052631578947368,-0.8842105263157894,-0.6736842105263158,-0.6736842105263158,-0.4105263157894737,-0.3684210526315789,-0.7196969696969697,-0.16842105263157894,-0.76,-0.9052631578947369,-0.43157894736842106,-0.4,-0.16842105263157894,-0.6,-0.9223300970873787,-0.6631578947368421,-0.43157894736842106,-0.7473684210526316,-0.8842105263157894,-0.16842105263157894,-0.23157894736842105,-0.35789473684210527,-0.2631578947368421,-0.521978021978022,-0.7578947368421053,-0.23157894736842105,-0.9595959595959596,-0.6631578947368421,-0.45893719806763283,-0.8947368421052632,-0.6421052631578947,-0.42105263157894735,-0.5052631578947369,-0.35789473684210527,-0.6947368421052632,-0.3473684210526316,-0.811965811965812,-0.16842105263157894,-0.9595959595959596,-0.8736842105263158,-0.5368421052631579,-0.8962264150943396,-0.631578947368421,-0.8736842105263158,-0.45263157894736844,-0.7251908396946565,-0.7368421052631579,-0.9895833333333334,-0.35789473684210527,-0.24210526315789474,-0.6947368421052632,-0.42105263157894735
45,-0.4,-0.18,-0.6097560975609756,-0.5376344086021505,-0.88,-0.819672131147541,-0.84,-0.8333333333333334,-0.88,-0.684931506849315,-0.9259259259259259,-0.4065040650406504,-0.8,-0.6024096385542169,-0.8,-0.5952380952380952,-0.42735042735042733,-0.6944444444444444,-0.5952380952380952,-0.7575757575757576,-0.8928571428571429,-0.5555555555555556,-0.22,-0.5376344086021505,-0.76,-0.8,-0.5319148936170213,-0.92,-0.5,-0.36,-0.06,-0.94,-0.6329113924050633,-0.8771929824561403,-0.74,-0.8771929824561403,-0.6666666666666666,-0.56,-0.5681818181818182,-0.3125,-0.45454545454545453,-0.72,-0.8771929824561403,-0.98,-0.5263157894736842,0.0,-0.96,-0.42735042735042733,-0.746268656716418,-0.5952380952380952,-0.78125,-0.78125,-0.78,-0.7,-0.3787878787878788,-0.32,-0.4,-0.5813953488372093,-0.82,-0.76,-0.32,-0.8771929824561403,-0.4854368932038835,-0.7936507936507936,-0.82,-0.704225352112676,-0.5952380952380952,-0.32,-0.44,-0.68,-0.5,-0.27472527472527475,-0.6944444444444444,-0.44,-0.5050505050505051,-0.7936507936507936,-0.24154589371980675,-0.5882352941176471,-0.819672131147541,-0.8,-0.96,-0.68,-0.7575757575757576,-0.66,-0.42735042735042733,-0.32,-0.5050505050505051,-0.6024096385542169,-0.9803921568627451,-0.4716981132075472,-0.8333333333333334,-0.6024096385542169,-0.86,-0.3816793893129771,-0.7142857142857143,-0.5208333333333334,-0.68,-0.46,-0.7575757575757576,-0.8
46,-0.384,-0.1875,-0.5853658536585366,-0.5161290322580645,-0.9166666666666666,-0.7868852459016393,-0.875,-0.8,-0.9166666666666666,-0.6575342465753424,-0.8888888888888888,-0.3902439024390244,-0.8333333333333334,-0.5783132530120482,-0.8333333333333334,-0.5714285714285714,-0.41025641025641024,-0.6666666666666666,-0.5714285714285714,-0.7272727272727273,-0.8571428571428571,-0.5333333333333333,-0.22916666666666666,-0.5161290322580645,-0.7916666666666666,-0.8333333333333334,-0.5106382978723404,-0.9583333333333334,-0.5208333333333334,-0.375,-0.0625,-0.9791666666666666,-0.6075949367088608,-0.8421052631578947,-0.7708333333333334,-0.8421052631578947,-0.64,-0.5833333333333334,-0.5454545454545454,-0.3,-0.43636363636363634,-0.75,-0.8421052631578947,-0.9795918367346939,-0.5052631578947369,-0.96,0.0,-0.41025641025641024,-0.7164179104477612,-0.5714285714285714,-0.75,-0.75,-0.8125,-0.7291666666666666,-0.36363636363636365,-0.3333333333333333,-0.384,-0.5581395348837209,-0.8541666666666666,-0.7916666666666666,-0.3333333333333333,-0.8421052631578947,-0.46601941747572817,-0.7619047619047619,-0.8541666666666666,-0.676056338028169,-0.5714285714285714,-0.3333333333333333,-0.4583333333333333,-0.7083333333333334,-0.5208333333333334,-0.26373626373626374,-0.6666666666666666,-0.4583333333333333,-0.48484848484848486,-0.7619047619047619,-0.2318840579710145,-0.5647058823529412,-0.7868852459016393,-0.8333333333333334,-1.0,-0.7083333333333334,-0.7272727272727273,-0.6875,-0.41025641025641024,-0.3333333333333333,-0.48484848484848486,-0.5783132530120482,-0.9411764705882353,-0.4528301886792453,-0.8,-0.5783132530120482,-0.8958333333333334,-0.366412213740458,-0.6857142857142857,-0.5,-0.7083333333333334,-0.4791666666666667,-0.7272727272727273,-0.8333333333333334
47,-0.936,-0.07692307692307693,-0.7008547008547008,-0.7948717948717948,-0.37606837606837606,-0.5213675213675214,-0.358974358974359,-0.5128205128205128,-0.37606837606837606,-0.6239316239316239,-0.46153846153846156,-0.9512195121951219,-0.3418803418803419,-0.7094017094017094,-0.3418803418803419,-0.717948717948718,-1.0,-0.6153846153846154,-0.717948717948718,-0.5641025641025641,-0.47863247863247865,-0.7692307692307693,-0.09401709401709402,-0.7948717948717948,-0.3247863247863248,-0.3418803418803419,-0.8034188034188035,-0.39316239316239315,-0.21367521367521367,-0.15384615384615385,-0.02564102564102564,-0.4017094017094017,-0.6752136752136753,-0.48717948717948717,-0.3162393162393162,-0.48717948717948717,-0.6410256410256411,-0.23931623931623933,-0.7521367521367521,-0.73125,-0.9401709401709402,-0.3076923076923077,-0.48717948717948717,-0.4188034188034188,-0.811965811965812,-0.42735042735042733,-0.41025641025641024,0.0,-0.5726495726495726,-0.717948717948718,-0.5470085470085471,-0.5470085470085471,-0.3333333333333333,-0.29914529914529914,-0.8863636363636364,-0.13675213675213677,-0.936,-0.7350427350427351,-0.3504273504273504,-0.3247863247863248,-0.13675213675213677,-0.48717948717948717,-0.8803418803418803,-0.5384615384615384,-0.3504273504273504,-0.6068376068376068,-0.717948717948718,-0.13675213675213677,-0.18803418803418803,-0.2905982905982906,-0.21367521367521367,-0.6428571428571429,-0.6153846153846154,-0.18803418803418803,-0.8461538461538461,-0.5384615384615384,-0.5652173913043478,-0.7264957264957265,-0.5213675213675214,-0.3418803418803419,-0.41025641025641024,-0.2905982905982906,-0.5641025641025641,-0.28205128205128205,-1.0,-0.13675213675213677,-0.8461538461538461,-0.7094017094017094,-0.4358974358974359,-0.905982905982906,-0.5128205128205128,-0.7094017094017094,-0.36752136752136755,-0.8931297709923665,-0.5982905982905983,-0.8205128205128205,-0.2905982905982906,-0.19658119658119658,-0.5641025641025641,-0.3418803418803419
48,-0.536,-0.13432835820895522,-0.8170731707317073,-0.7204301075268817,-0.6567164179104478,-0.9104477611940298,-0.6268656716417911,-0.8955223880597015,-0.6567164179104478,-0.9178082191780822,-0.8059701492537313,-0.5447154471544715,-0.5970149253731343,-0.8072289156626506,-0.5970149253731343,-0.7976190476190477,-0.5726495726495726,-0.9305555555555556,-0.7976190476190477,-0.9850746268656716,-0.835820895522388,-0.7444444444444445,-0.16417910447761194,-0.7204301075268817,-0.5671641791044776,-0.5970149253731343,-0.7127659574468085,-0.6865671641791045,-0.373134328358209,-0.26865671641791045,-0.04477611940298507,-0.7014925373134329,-0.8481012658227848,-0.8507462686567164,-0.5522388059701493,-0.8507462686567164,-0.8933333333333333,-0.417910447761194,-0.7613636363636364,-0.41875,-0.6090909090909091,-0.5373134328358209,-0.8507462686567164,-0.7313432835820896,-0.7052631578947368,-0.746268656716418,-0.7164179104477612,-0.5726495726495726,0.0,-0.7976190476190477,-0.9552238805970149,-0.9552238805970149,-0.582089552238806,-0.5223880597014925,-0.5075757575757576,-0.23880597014925373,-0.536,-0.7790697674418605,-0.6119402985074627,-0.5671641791044776,-0.23880597014925373,-0.8507462686567164,-0.6504854368932039,-0.9402985074626866,-0.6119402985074627,-0.9436619718309859,-0.7976190476190477,-0.23880597014925373,-0.3283582089552239,-0.5074626865671642,-0.373134328358209,-0.36813186813186816,-0.9305555555555556,-0.3283582089552239,-0.6767676767676768,-0.9402985074626866,-0.32367149758454106,-0.788235294117647,-0.9104477611940298,-0.5970149253731343,-0.7164179104477612,-0.5074626865671642,-0.9850746268656716,-0.4925373134328358,-0.5726495726495726,-0.23880597014925373,-0.6767676767676768,-0.8072289156626506,-0.7611940298507462,-0.6320754716981132,-0.8955223880597015,-0.8072289156626506,-0.6417910447761194,-0.5114503816793893,-0.9571428571428572,-0.6979166666666666,-0.5074626865671642,-0.34328358208955223,-0.9850746268656716,-0.5970149253731343
49,-0.672,-0.10714285714285714,-0.9761904761904762,-0.9032258064516129,-0.5238095238095238,-0.7261904761904762,-0.5,-0.7142857142857143,-0.5238095238095238,-0.8690476190476191,-0.6428571428571429,-0.6829268292682927,-0.47619047619047616,-0.9880952380952381,-0.47619047619047616,-1.0,-0.717948717948718,-0.8571428571428571,-1.0,-0.7857142857142857,-0.6666666666666666,-0.9333333333333333,-0.13095238095238096,-0.9032258064516129,-0.4523809523809524,-0.47619047619047616,-0.8936170212765957,-0.5476190476190477,-0.2976190476190476,-0.21428571428571427,-0.03571428571428571,-0.5595238095238095,-0.9404761904761905,-0.6785714285714286,-0.44047619047619047,-0.6785714285714286,-0.8928571428571429,-0.3333333333333333,-0.9545454545454546,-0.525,-0.7636363636363637,-0.42857142857142855,-0.6785714285714286,-0.5833333333333334,-0.8842105263157894,-0.5952380952380952,-0.5714285714285714,-0.717948717948718,-0.7976190476190477,0.0,-0.7619047619047619,-0.7619047619047619,-0.4642857142857143,-0.4166666666666667,-0.6363636363636364,-0.19047619047619047,-0.672,-0.9767441860465116,-0.4880952380952381,-0.4523809523809524,-0.19047619047619047,-0.6785714285714286,-0.8155339805825242,-0.75,-0.4880952380952381,-0.8452380952380952,-1.0,-0.19047619047619047,-0.2619047619047619,-0.40476190476190477,-0.2976190476190476,-0.46153846153846156,-0.8571428571428571,-0.2619047619047619,-0.8484848484848485,-0.75,-0.4057971014492754,-0.9882352941176471,-0.7261904761904762,-0.47619047619047616,-0.5714285714285714,-0.40476190476190477,-0.7857142857142857,-0.39285714285714285,-0.717948717948718,-0.19047619047619047,-0.8484848484848485,-0.9880952380952381,-0.6071428571428571,-0.7924528301886793,-0.7142857142857143,-0.9880952380952381,-0.5119047619047619,-0.6412213740458015,-0.8333333333333334,-0.875,-0.40476190476190477,-0.27380952380952384,-0.7857142857142857,-0.47619047619047616
50,-0.512,-0.140625,-0.7804878048780488,-0.6881720430107527,-0.6875,-0.953125,-0.65625,-0.9375,-0.6875,-0.8767123287671232,-0.84375,-0.5203252032520326,-0.625,-0.7710843373493976,-0.625,-0.7619047619047619,-0.5470085470085471,-0.8888888888888888,-0.7619047619047619,-0.9696969696969697,-0.875,-0.7111111111111111,-0.171875,-0.6881720430107527,-0.59375,-0.625,-0.6808510638297872,-0.71875,-0.390625,-0.28125,-0.046875,-0.734375,-0.810126582278481,-0.890625,-0.578125,-0.890625,-0.8533333333333334,-0.4375,-0.7272727272727273,-0.4,-0.5818181818181818,-0.5625,-0.890625,-0.765625,-0.6736842105263158,-0.78125,-0.75,-0.5470085470085471,-0.9552238805970149,-0.7619047619047619,0.0,-1.0,-0.609375,-0.546875,-0.48484848484848486,-0.25,-0.512,-0.7441860465116279,-0.640625,-0.59375,-0.25,-0.890625,-0.6213592233009708,-0.984375,-0.640625,-0.9014084507042254,-0.7619047619047619,-0.25,-0.34375,-0.53125,-0.390625,-0.3516483516483517,-0.8888888888888888,-0.34375,-0.6464646464646465,-0.984375,-0.30917874396135264,-0.7529411764705882,-0.953125,-0.625,-0.75,-0.53125,-0.9696969696969697,-0.515625,-0.5470085470085471,-0.25,-0.6464646464646465,-0.7710843373493976,-0.796875,-0.6037735849056604,-0.9375,-0.7710843373493976,-0.671875,-0.48854961832061067,-0.9142857142857143,-0.6666666666666666,-0.53125,-0.359375,-0.9696969696969697,-0.625
51,-0.512,-0.140625,-0.7804878048780488,-0.6881720430107527,-0.6875,-0.953125,-0.65625,-0.9375,-0.6875,-0.8767123287671232,-0.84375,-0.5203252032520326,-0.625,-0.7710843373493976,-0.625,-0.7619047619047619,-0.5470085470085471,-0.8888888888888888,-0.7619047619047619,-0.9696969696969697,-0.875,-0.7111111111111111,-0.171875,-0.6881720430107527,-0.59375,-0.625,-0.6808510638297872,-0.71875,-0.390625,-0.28125,-0.046875,-0.734375,-0.810126582278481,-0.890625,-0.578125,-0.890625,-0.8533333333333334,-0.4375,-0.7272727272727273,-0.4,-0.5818181818181818,-0.5625,-0.890625,-0.765625,-0.6736842105263158,-0.78125,-0.75,-0.5470085470085471,-0.9552238805970149,-0.7619047619047619,-1.0,0.0,-0.609375,-0.546875,-0.48484848484848486,-0.25,-0.512,-0.7441860465116279,-0.640625,-0.59375,-0.25,-0.890625,-0.6213592233009708,-0.984375,-0.640625,-0.9014084507042254,-0.7619047619047619,-0.25,-0.34375,-0.53125,-0.390625,-0.3516483516483517,-0.8888888888888888,-0.34375,-0.6464646464646465,-0.984375,-0.30917874396135264,-0.7529411764705882,-0.953125,-0.625,-0.75,-0.53125,-0.9696969696969697,-0.515625,-0.5470085470085471,-0.25,-0.6464646464646465,-0.7710843373493976,-0.796875,-0.6037735849056604,-0.9375,-0.7710843373493976,-0.671875,-0.48854961832061067,-0.9142857142857143,-0.6666666666666666,-0.53125,-0.359375,-0.9696969696969697,-0.625
52,-0.312,-0.23076923076923078,-0.47560975609756095,-0.41935483870967744,-0.8863636363636364,-0.639344262295082,-0.9285714285714286,-0.65,-0.8863636363636364,-0.5342465753424658,-0.7222222222222222,-0.3170731707317073,-0.975,-0.46987951807228917,-0.975,-0.4642857142857143,-0.3333333333333333,-0.5416666666666666,-0.4642857142857143,-0.5909090909090909,-0.6964285714285714,-0.43333333333333335,-0.28205128205128205,-0.41935483870967744,-0.9743589743589743,-0.975,-0.4148936170212766,-0.8478260869565217,-0.6410256410256411,-0.46153846153846156,-0.07692307692307693,-0.8297872340425532,-0.4936708860759494,-0.6842105263157895,-0.9487179487179487,-0.6842105263157895,-0.52,-0.717948717948718,-0.4431818181818182,-0.24375,-0.35454545454545455,-0.9230769230769231,-0.6842105263157895,-0.7959183673469388,-0.4105263157894737,-0.78,-0.8125,-0.3333333333333333,-0.582089552238806,-0.4642857142857143,-0.609375,-0.609375,0.0,-0.8974358974358975,-0.29545454545454547,-0.41025641025641024,-0.312,-0.45348837209302323,-0.9512195121951219,-0.9743589743589743,-0.41025641025641024,-0.6842105263157895,-0.3786407766990291,-0.6190476190476191,-0.9512195121951219,-0.5492957746478874,-0.4642857142857143,-0.41025641025641024,-0.5641025641025641,-0.8717948717948718,-0.6410256410256411,-0.21428571428571427,-0.5416666666666666,-0.5641025641025641,-0.3939393939393939,-0.6190476190476191,-0.18840579710144928,-0.4588235294117647,-0.639344262295082,-0.975,-0.8125,-0.8717948717948718,-0.5909090909090909,-0.8461538461538461,-0.3333333333333333,-0.41025641025641024,-0.3939393939393939,-0.46987951807228917,-0.7647058823529411,-0.36792452830188677,-0.65,-0.46987951807228917,-0.9069767441860465,-0.29770992366412213,-0.5571428571428572,-0.40625,-0.8717948717948718,-0.5897435897435898,-0.5909090909090909,-0.975
53,-0.28,-0.2571428571428571,-0.4268292682926829,-0.3763440860215054,-0.7954545454545454,-0.5737704918032787,-0.8333333333333334,-0.5833333333333334,-0.7954545454545454,-0.4794520547945205,-0.6481481481481481,-0.2845528455284553,-0.875,-0.42168674698795183,-0.875,-0.4166666666666667,-0.29914529914529914,-0.4861111111111111,-0.4166666666666667,-0.5303030303030303,-0.625,-0.3888888888888889,-0.3142857142857143,-0.3763440860215054,-0.9210526315789473,-0.875,-0.3723404255319149,-0.7608695652173914,-0.7142857142857143,-0.5142857142857142,-0.08571428571428572,-0.7446808510638298,-0.4430379746835443,-0.6140350877192983,-0.9459459459459459,-0.6140350877192983,-0.4666666666666667,-0.8,-0.3977272727272727,-0.21875,-0.3181818181818182,-0.9722222222222222,-0.6140350877192983,-0.7142857142857143,-0.3684210526315789,-0.7,-0.7291666666666666,-0.29914529914529914,-0.5223880597014925,-0.4166666666666667,-0.546875,-0.546875,-0.8974358974358975,0.0,-0.26515151515151514,-0.45714285714285713,-0.28,-0.4069767441860465,-0.8536585365853658,-0.9210526315789473,-0.45714285714285713,-0.6140350877192983,-0.33980582524271846,-0.5555555555555556,-0.8536585365853658,-0.49295774647887325,-0.4166666666666667,-0.45714285714285713,-0.6285714285714286,-0.9714285714285714,-0.7142857142857143,-0.19230769230769232,-0.4861111111111111,-0.6285714285714286,-0.35353535353535354,-0.5555555555555556,-0.16908212560386474,-0.4117647058823529,-0.5737704918032787,-0.875,-0.7291666666666666,-0.9714285714285714,-0.5303030303030303,-0.9428571428571428,-0.29914529914529914,-0.45714285714285713,-0.35353535353535354,-0.42168674698795183,-0.6862745098039216,-0.330188679245283,-0.5833333333333334,-0.42168674698795183,-0.813953488372093,-0.26717557251908397,-0.5,-0.3645833333333333,-0.9714285714285714,-0.6571428571428571,-0.5303030303030303,-0.875
54,-0.946969696969697,-0.06818181818181818,-0.6212121212121212,-0.7045454545454546,-0.3333333333333333,-0.4621212121212121,-0.3181818181818182,-0.45454545454545453,-0.3333333333333333,-0.553030303030303,-0.4090909090909091,-0.9318181818181818,-0.30303030303030304,-0.6287878787878788,-0.30303030303030304,-0.6363636363636364,-0.8863636363636364,-0.5454545454545454,-0.6363636363636364,-0.5,-0.42424242424242425,-0.6818181818181818,-0.08333333333333333,-0.7045454545454546,-0.2878787878787879,-0.30303030303030304,-0.7121212121212122,-0.3484848484848485,-0.1893939393939394,-0.13636363636363635,-0.022727272727272728,-0.3560606060606061,-0.5984848484848485,-0.4318181818181818,-0.2803030303030303,-0.4318181818181818,-0.5681818181818182,-0.21212121212121213,-0.6666666666666666,-0.825,-0.8333333333333334,-0.2727272727272727,-0.4318181818181818,-0.3712121212121212,-0.7196969696969697,-0.3787878787878788,-0.36363636363636365,-0.8863636363636364,-0.5075757575757576,-0.6363636363636364,-0.48484848484848486,-0.48484848484848486,-0.29545454545454547,-0.26515151515151514,0.0,-0.12121212121212122,-0.946969696969697,-0.6515151515151515,-0.3106060606060606,-0.2878787878787879,-0.12121212121212122,-0.4318181818181818,-0.7803030303030303,-0.4772727272727273,-0.3106060606060606,-0.5378787878787878,-0.6363636363636364,-0.12121212121212122,-0.16666666666666666,-0.25757575757575757,-0.1893939393939394,-0.7252747252747253,-0.5454545454545454,-0.16666666666666666,-0.75,-0.4772727272727273,-0.6376811594202898,-0.6439393939393939,-0.4621212121212121,-0.30303030303030304,-0.36363636363636365,-0.25757575757575757,-0.5,-0.25,-0.8863636363636364,-0.12121212121212122,-0.75,-0.6287878787878788,-0.38636363636363635,-0.803030303030303,-0.45454545454545453,-0.6287878787878788,-0.32575757575757575,-0.9924242424242424,-0.5303030303030303,-0.7272727272727273,-0.25757575757575757,-0.17424242424242425,-0.5,-0.30303030303030304
55,-0.128,-0.5625,-0.1951219512195122,-0.17204301075268819,-0.36363636363636365,-0.26229508196721313,-0.38095238095238093,-0.26666666666666666,-0.36363636363636365,-0.2191780821917808,-0.2962962962962963,-0.13008130081300814,-0.4,-0.1927710843373494,-0.4,-0.19047619047619047,-0.13675213675213677,-0.2222222222222222,-0.19047619047619047,-0.24242424242424243,-0.2857142857142857,-0.17777777777777778,-0.6875,-0.17204301075268819,-0.42105263157894735,-0.4,-0.1702127659574468,-0.34782608695652173,-0.64,-0.8888888888888888,-0.1875,-0.3404255319148936,-0.20253164556962025,-0.2807017543859649,-0.43243243243243246,-0.2807017543859649,-0.21333333333333335,-0.5714285714285714,-0.18181818181818182,-0.1,-0.14545454545454545,-0.4444444444444444,-0.2807017543859649,-0.32653061224489793,-0.16842105263157894,-0.32,-0.3333333333333333,-0.13675213675213677,-0.23880597014925373,-0.19047619047619047,-0.25,-0.25,-0.41025641025641024,-0.45714285714285713,-0.12121212121212122,0.0,-0.128,-0.18604651162790697,-0.3902439024390244,-0.42105263157894735,-1.0,-0.2807017543859649,-0.1553398058252427,-0.25396825396825395,-0.3902439024390244,-0.22535211267605634,-0.19047619047619047,-1.0,-0.7272727272727273,-0.47058823529411764,-0.64,-0.08791208791208792,-0.2222222222222222,-0.7272727272727273,-0.16161616161616163,-0.25396825396825395,-0.07729468599033816,-0.18823529411764706,-0.26229508196721313,-0.4,-0.3333333333333333,-0.47058823529411764,-0.24242424242424243,-0.48484848484848486,-0.13675213675213677,-1.0,-0.16161616161616163,-0.1927710843373494,-0.3137254901960784,-0.1509433962264151,-0.26666666666666666,-0.1927710843373494,-0.37209302325581395,-0.12213740458015267,-0.22857142857142856,-0.16666666666666666,-0.47058823529411764,-0.6956521739130435,-0.24242424242424243,-0.4
56,-1.0,-0.072,-0.656,-0.744,-0.352,-0.488,-0.336,-0.48,-0.352,-0.584,-0.432,-0.984,-0.32,-0.664,-0.32,-0.672,-0.936,-0.576,-0.672,-0.528,-0.448,-0.72,-0.088,-0.744,-0.304,-0.32,-0.752,-0.368,-0.2,-0.144,-0.024,-0.376,-0.632,-0.456,-0.296,-0.456,-0.6,-0.224,-0.704,-0.78125,-0.88,-0.288,-0.456,-0.392,-0.76,-0.4,-0.384,-0.936,-0.536,-0.672,-0.512,-0.512,-0.312,-0.28,-0.946969696969697,-0.128,0.0,-0.688,-0.328,-0.304,-0.128,-0.456,-0.824,-0.504,-0.328,-0.568,-0.672,-0.128,-0.176,-0.272,-0.2,-0.6868131868131868,-0.576,-0.176,-0.792,-0.504,-0.6038647342995169,-0.68,-0.488,-0.32,-0.384,-0.272,-0.528,-0.264,-0.936,-0.128,-0.792,-0.664,-0.408,-0.848,-0.48,-0.664,-0.344,-0.9541984732824428,-0.56,-0.768,-0.272,-0.184,-0.528,-0.32
57,-0.688,-0.10465116279069768,-0.9534883720930233,-0.9247311827956989,-0.5116279069767442,-0.7093023255813954,-0.4883720930232558,-0.6976744186046512,-0.5116279069767442,-0.8488372093023255,-0.627906976744186,-0.6991869918699187,-0.46511627906976744,-0.9651162790697675,-0.46511627906976744,-0.9767441860465116,-0.7350427350427351,-0.8372093023255814,-0.9767441860465116,-0.7674418604651163,-0.6511627906976745,-0.9555555555555556,-0.12790697674418605,-0.9247311827956989,-0.4418604651162791,-0.46511627906976744,-0.9148936170212766,-0.5348837209302325,-0.29069767441860467,-0.20930232558139536,-0.03488372093023256,-0.5465116279069767,-0.9186046511627907,-0.6627906976744186,-0.43023255813953487,-0.6627906976744186,-0.872093023255814,-0.32558139534883723,-0.9772727272727273,-0.5375,-0.7818181818181819,-0.4186046511627907,-0.6627906976744186,-0.5697674418604651,-0.9052631578947369,-0.5813953488372093,-0.5581395348837209,-0.7350427350427351,-0.7790697674418605,-0.9767441860465116,-0.7441860465116279,-0.7441860465116279,-0.45348837209302323,-0.4069767441860465,-0.6515151515151515,-0.18604651162790697,-0.688,0.0,-0.47674418604651164,-0.4418604651162791,-0.18604651162790697,-0.6627906976744186,-0.8349514563106796,-0.7325581395348837,-0.47674418604651164,-0.8255813953488372,-0.9767441860465116,-0.18604651162790697,-0.2558139534883721,-0.3953488372093023,-0.29069767441860467,-0.4725274725274725,-0.8372093023255814,-0.2558139534883721,-0.8686868686868687,-0.7325581395348837,-0.41545893719806765,-0.9883720930232558,-0.7093023255813954,-0.46511627906976744,-0.5581395348837209,-0.3953488372093023,-0.7674418604651163,-0.38372093023255816,-0.7350427350427351,-0.18604651162790697,-0.8686868686868687,-0.9651162790697675,-0.5930232558139535,-0.8113207547169812,-0.6976744186046512,-0.9651162790697675,-0.5,-0.6564885496183206,-0.813953488372093,-0.8958333333333334,-0.3953488372093023,-0.26744186046511625,-0.7674418604651163,-0.46511627906976744
58,-0.328,-0.21951219512195122,-0.5,-0.44086021505376344,-0.9318181818181818,-0.6721311475409836,-0.9761904761904762,-0.6833333333333333,-0.9318181818181818,-0.5616438356164384,-0.7592592592592593,-0.3333333333333333,-0.975609756097561,-0.4939759036144578,-0.975609756097561,-0.4880952380952381,-0.3504273504273504,-0.5694444444444444,-0.4880952380952381,-0.6212121212121212,-0.7321428571428571,-0.45555555555555555,-0.2682926829268293,-0.44086021505376344,-0.926829268292683,-0.975609756097561,-0.43617021276595747,-0.8913043478260869,-0.6097560975609756,-0.43902439024390244,-0.07317073170731707,-0.8723404255319149,-0.5189873417721519,-0.7192982456140351,-0.9024390243902439,-0.7192982456140351,-0.5466666666666666,-0.6829268292682927,-0.4659090909090909,-0.25625,-0.37272727272727274,-0.8780487804878049,-0.7192982456140351,-0.8367346938775511,-0.43157894736842106,-0.82,-0.8541666666666666,-0.3504273504273504,-0.6119402985074627,-0.4880952380952381,-0.640625,-0.640625,-0.9512195121951219,-0.8536585365853658,-0.3106060606060606,-0.3902439024390244,-0.328,-0.47674418604651164,0.0,-0.926829268292683,-0.3902439024390244,-0.7192982456140351,-0.39805825242718446,-0.6507936507936508,-1.0,-0.5774647887323944,-0.4880952380952381,-0.3902439024390244,-0.5365853658536586,-0.8292682926829268,-0.6097560975609756,-0.22527472527472528,-0.5694444444444444,-0.5365853658536586,-0.41414141414141414,-0.6507936507936508,-0.19806763285024154,-0.4823529411764706,-0.6721311475409836,-0.975609756097561,-0.8541666666666666,-0.8292682926829268,-0.6212121212121212,-0.8048780487804879,-0.3504273504273504,-0.3902439024390244,-0.41414141414141414,-0.4939759036144578,-0.803921568627451,-0.3867924528301887,-0.6833333333333333,-0.4939759036144578,-0.9534883720930233,-0.31297709923664124,-0.5857142857142857,-0.4270833333333333,-0.8292682926829268,-0.5609756097560976,-0.6212121212121212,-0.975609756097561
59,-0.304,-0.23684210526315788,-0.4634146341463415,-0.40860215053763443,-0.8636363636363636,-0.6229508196721312,-0.9047619047619048,-0.6333333333333333,-0.8636363636363636,-0.5205479452054794,-0.7037037037037037,-0.3089430894308943,-0.95,-0.4578313253012048,-0.95,-0.4523809523809524,-0.3247863247863248,-0.5277777777777778,-0.4523809523809524,-0.5757575757575758,-0.6785714285714286,-0.4222222222222222,-0.2894736842105263,-0.40860215053763443,-1.0,-0.95,-0.40425531914893614,-0.8260869565217391,-0.6578947368421053,-0.47368421052631576,-0.07894736842105263,-0.8085106382978723,-0.4810126582278481,-0.6666666666666666,-0.9736842105263158,-0.6666666666666666,-0.5066666666666667,-0.7368421052631579,-0.4318181818181818,-0.2375,-0.34545454545454546,-0.9473684210526315,-0.6666666666666666,-0.7755102040816326,-0.4,-0.76,-0.7916666666666666,-0.3247863247863248,-0.5671641791044776,-0.4523809523809524,-0.59375,-0.59375,-0.9743589743589743,-0.9210526315789473,-0.2878787878787879,-0.42105263157894735,-0.304,-0.4418604651162791,-0.926829268292683,0.0,-0.42105263157894735,-0.6666666666666666,-0.36893203883495146,-0.6031746031746031,-0.926829268292683,-0.5352112676056338,-0.4523809523809524,-0.42105263157894735,-0.5789473684210527,-0.8947368421052632,-0.6578947368421053,-0.2087912087912088,-0.5277777777777778,-0.5789473684210527,-0.3838383838383838,-0.6031746031746031,-0.18357487922705315,-0.4470588235294118,-0.6229508196721312,-0.95,-0.7916666666666666,-0.8947368421052632,-0.5757575757575758,-0.868421052631579,-0.3247863247863248,-0.42105263157894735,-0.3838383838383838,-0.4578313253012048,-0.7450980392156863,-0.3584905660377358,-0.6333333333333333,-0.4578313253012048,-0.8837209302325582,-0.2900763358778626,-0.5428571428571428,-0.3958333333333333,-0.8947368421052632,-0.6052631578947368,-0.5757575757575758,-0.95
60,-0.128,-0.5625,-0.1951219512195122,-0.17204301075268819,-0.36363636363636365,-0.26229508196721313,-0.38095238095238093,-0.26666666666666666,-0.36363636363636365,-0.2191780821917808,-0.2962962962962963,-0.13008130081300814,-0.4,-0.1927710843373494,-0.4,-0.19047619047619047,-0.13675213675213677,-0.2222222222222222,-0.19047619047619047,-0.24242424242424243,-0.2857142857142857,-0.17777777777777778,-0.6875,-0.17204301075268819,-0.42105263157894735,-0.4,-0.1702127659574468,-0.34782608695652173,-0.64,-0.8888888888888888,-0.1875,-0.3404255319148936,-0.20253164556962025,-0.2807017543859649,-0.43243243243243246,-0.2807017543859649,-0.21333333333333335,-0.5714285714285714,-0.18181818181818182,-0.1,-0.14545454545454545,-0.4444444444444444,-0.2807017543859649,-0.32653061224489793,-0.16842105263157894,-0.32,-0.3333333333333333,-0.13675213675213677,-0.23880597014925373,-0.19047619047619047,-0.25,-0.25,-0.41025641025641024,-0.45714285714285713,-0.12121212121212122,-1.0,-0.128,-0.18604651162790697,-0.3902439024390244,-0.42105263157894735,0.0,-0.2807017543859649,-0.1553398058252427,-0.25396825396825395,-0.3902439024390244,-0.22535211267605634,-0.19047619047619047,-1.0,-0.7272727272727273,-0.47058823529411764,-0.64,-0.08791208791208792,-0.2222222222222222,-0.7272727272727273,-0.16161616161616163,-0.25396825396825395,-0.07729468599033816,-0.18823529411764706,-0.26229508196721313,-0.4,-0.3333333333333333,-0.47058823529411764,-0.24242424242424243,-0.48484848484848486,-0.13675213675213677,-1.0,-0.16161616161616163,-0.1927710843373494,-0.3137254901960784,-0.1509433962264151,-0.26666666666666666,-0.1927710843373494,-0.37209302325581395,-0.12213740458015267,-0.22857142857142856,-0.16666666666666666,-0.47058823529411764,-0.6956521739130435,-0.24242424242424243,-0.4
61,-0.456,-0.15789473684210525,-0.6951219512195121,-0.6129032258064516,-0.7719298245614035,-0.9344262295081968,-0.7368421052631579,-0.95,-0.7719298245614035,-0.7808219178082192,-0.9473684210526315,-0.4634146341463415,-0.7017543859649122,-0.6867469879518072,-0.7017543859649122,-0.6785714285714286,-0.48717948717948717,-0.7916666666666666,-0.6785714285714286,-0.8636363636363636,-0.9824561403508771,-0.6333333333333333,-0.19298245614035087,-0.6129032258064516,-0.6666666666666666,-0.7017543859649122,-0.6063829787234043,-0.8070175438596491,-0.43859649122807015,-0.3157894736842105,-0.05263157894736842,-0.8245614035087719,-0.7215189873417721,-1.0,-0.6491228070175439,-1.0,-0.76,-0.49122807017543857,-0.6477272727272727,-0.35625,-0.5181818181818182,-0.631578947368421,-1.0,-0.8596491228070176,-0.6,-0.8771929824561403,-0.8421052631578947,-0.48717948717948717,-0.8507462686567164,-0.6785714285714286,-0.890625,-0.890625,-0.6842105263157895,-0.6140350877192983,-0.4318181818181818,-0.2807017543859649,-0.456,-0.6627906976744186,-0.7192982456140351,-0.6666666666666666,-0.2807017543859649,0.0,-0.5533980582524272,-0.9047619047619048,-0.7192982456140351,-0.8028169014084507,-0.6785714285714286,-0.2807017543859649,-0.38596491228070173,-0.5964912280701754,-0.43859649122807015,-0.3131868131868132,-0.7916666666666666,-0.38596491228070173,-0.5757575757575758,-0.9047619047619048,-0.2753623188405797,-0.6705882352941176,-0.9344262295081968,-0.7017543859649122,-0.8421052631578947,-0.5964912280701754,-0.8636363636363636,-0.5789473684210527,-0.48717948717948717,-0.2807017543859649,-0.5757575757575758,-0.6867469879518072,-0.8947368421052632,-0.5377358490566038,-0.95,-0.6867469879518072,-0.7543859649122807,-0.4351145038167939,-0.8142857142857143,-0.59375,-0.5964912280701754,-0.40350877192982454,-0.8636363636363636,-0.7017543859649122
62,-0.824,-0.08737864077669903,-0.7961165048543689,-0.9029126213592233,-0.42718446601941745,-0.5922330097087378,-0.4077669902912621,-0.5825242718446602,-0.42718446601941745,-0.7087378640776699,-0.5242718446601942,-0.8373983739837398,-0.3883495145631068,-0.8058252427184466,-0.3883495145631068,-0.8155339805825242,-0.8803418803418803,-0.6990291262135923,-0.8155339805825242,-0.6407766990291263,-0.5436893203883495,-0.8737864077669902,-0.10679611650485436,-0.9029126213592233,-0.36893203883495146,-0.3883495145631068,-0.912621359223301,-0.44660194174757284,-0.24271844660194175,-0.17475728155339806,-0.02912621359223301,-0.4563106796116505,-0.7669902912621359,-0.5533980582524272,-0.3592233009708738,-0.5533980582524272,-0.7281553398058253,-0.27184466019417475,-0.8543689320388349,-0.64375,-0.9363636363636364,-0.34951456310679613,-0.5533980582524272,-0.47572815533980584,-0.9223300970873787,-0.4854368932038835,-0.46601941747572817,-0.8803418803418803,-0.6504854368932039,-0.8155339805825242,-0.6213592233009708,-0.6213592233009708,-0.3786407766990291,-0.33980582524271846,-0.7803030303030303,-0.1553398058252427,-0.824,-0.8349514563106796,-0.39805825242718446,-0.36893203883495146,-0.1553398058252427,-0.5533980582524272,0.0,-0.6116504854368932,-0.39805825242718446,-0.6893203883495146,-0.8155339805825242,-0.1553398058252427,-0.21359223300970873,-0.3300970873786408,-0.24271844660194175,-0.5659340659340659,-0.6990291262135923,-0.21359223300970873,-0.9611650485436893,-0.6116504854368932,-0.4975845410628019,-0.8252427184466019,-0.5922330097087378,-0.3883495145631068,-0.46601941747572817,-0.3300970873786408,-0.6407766990291263,-0.32038834951456313,-0.8803418803418803,-0.1553398058252427,-0.9611650485436893,-0.8058252427184466,-0.49514563106796117,-0.9716981132075472,-0.5825242718446602,-0.8058252427184466,-0.4174757281553398,-0.7862595419847328,-0.6796116504854369,-0.9320388349514563,-0.3300970873786408,-0.22330097087378642,-0.6407766990291263,-0.3883495145631068
63,-0.504,-0.14285714285714285,-0.7682926829268293,-0.6774193548387096,-0.6984126984126984,-0.9682539682539683,-0.6666666666666666,-0.9523809523809523,-0.6984126984126984,-0.863013698630137,-0.8571428571428571,-0.5121951219512195,-0.6349206349206349,-0.7590361445783133,-0.6349206349206349,-0.75,-0.5384615384615384,-0.875,-0.75,-0.9545454545454546,-0.8888888888888888,-0.7,-0.1746031746031746,-0.6774193548387096,-0.6031746031746031,-0.6349206349206349,-0.6702127659574468,-0.7301587301587301,-0.3968253968253968,-0.2857142857142857,-0.047619047619047616,-0.746031746031746,-0.7974683544303798,-0.9047619047619048,-0.5873015873015873,-0.9047619047619048,-0.84,-0.4444444444444444,-0.7159090909090909,-0.39375,-0.5727272727272728,-0.5714285714285714,-0.9047619047619048,-0.7777777777777778,-0.6631578947368421,-0.7936507936507936,-0.7619047619047619,-0.5384615384615384,-0.9402985074626866,-0.75,-0.984375,-0.984375,-0.6190476190476191,-0.5555555555555556,-0.4772727272727273,-0.25396825396825395,-0.504,-0.7325581395348837,-0.6507936507936508,-0.6031746031746031,-0.25396825396825395,-0.9047619047619048,-0.6116504854368932,0.0,-0.6507936507936508,-0.8873239436619719,-0.75,-0.25396825396825395,-0.3492063492063492,-0.5396825396825397,-0.3968253968253968,-0.34615384615384615,-0.875,-0.3492063492063492,-0.6363636363636364,-1.0,-0.30434782608695654,-0.7411764705882353,-0.9682539682539683,-0.6349206349206349,-0.7619047619047619,-0.5396825396825397,-0.9545454545454546,-0.5238095238095238,-0.5384615384615384,-0.25396825396825395,-0.6363636363636364,-0.7590361445783133,-0.8095238095238095,-0.5943396226415094,-0.9523809523809523,-0.7590361445783133,-0.6825396825396826,-0.48091603053435117,-0.9,-0.65625,-0.5396825396825397,-0.36507936507936506,-0.9545454545454546,-0.6349206349206349
64,-0.328,-0.21951219512195122,-0.5,-0.44086021505376344,-0.9318181818181818,-0.6721311475409836,-0.9761904761904762,-0.6833333333333333,-0.9318181818181818,-0.5616438356164384,-0.7592592592592593,-0.3333333333333333,-0.975609756097561,-0.4939759036144578,-0.975609756097561,-0.4880952380952381,-0.3504273504273504,-0.5694444444444444,-0.4880952380952381,-0.6212121212121212,-0.7321428571428571,-0.45555555555555555,-0.2682926829268293,-0.44086021505376344,-0.926829268292683,-0.975609756097561,-0.43617021276595747,-0.8913043478260869,-0.6097560975609756,-0.43902439024390244,-0.07317073170731707,-0.8723404255319149,-0.5189873417721519,-0.7192982456140351,-0.9024390243902439,-0.7192982456140351,-0.5466666666666666,-0.6829268292682927,-0.4659090909090909,-0.25625,-0.37272727272727274,-0.8780487804878049,-0.7192982456140351,-0.8367346938775511,-0.43157894736842106,-0.82,-0.8541666666666666,-0.3504273504273504,-0.6119402985074627,-0.4880952380952381,-0.640625,-0.640625,-0.9512195121951219,-0.8536585365853658,-0.3106060606060606,-0.3902439024390244,-0.328,-0.47674418604651164,-1.0,-0.926829268292683,-0.3902439024390244,-0.7192982456140351,-0.39805825242718446,-0.6507936507936508,0.0,-0.5774647887323944,-0.4880952380952381,-0.3902439024390244,-0.5365853658536586,-0.8292682926829268,-0.6097560975609756,-0.22527472527472528,-0.5694444444444444,-0.5365853658536586,-0.41414141414141414,-0.6507936507936508,-0.19806763285024154,-0.4823529411764706,-0.6721311475409836,-0.975609756097561,-0.8541666666666666,-0.8292682926829268,-0.6212121212121212,-0.8048780487804879,-0.3504273504273504,-0.3902439024390244,-0.41414141414141414,-0.4939759036144578,-0.803921568627451,-0.3867924528301887,-0.6833333333333333,-0.4939759036144578,-0.9534883720930233,-0.31297709923664124,-0.5857142857142857,-0.4270833333333333,-0.8292682926829268,-0.5609756097560976,-0.6212121212121212,-0.975609756097561
65,-0.568,-0.1267605633802817,-0.8658536585365854,-0.7634408602150538,-0.6197183098591549,-0.8591549295774648,-0.5915492957746479,-0.8450704225352113,-0.6197183098591549,-0.9726027397260274,-0.7605633802816901,-0.5772357723577236,-0.5633802816901409,-0.8554216867469879,-0.5633802816901409,-0.8452380952380952,-0.6068376068376068,-0.9861111111111112,-0.8452380952380952,-0.9295774647887324,-0.7887323943661971,-0.7888888888888889,-0.15492957746478872,-0.7634408602150538,-0.5352112676056338,-0.5633802816901409,-0.7553191489361702,-0.647887323943662,-0.352112676056338,-0.2535211267605634,-0.04225352112676056,-0.6619718309859155,-0.8987341772151899,-0.8028169014084507,-0.5211267605633803,-0.8028169014084507,-0.9466666666666667,-0.39436619718309857,-0.8068181818181818,-0.44375,-0.6454545454545455,-0.5070422535211268,-0.8028169014084507,-0.6901408450704225,-0.7473684210526316,-0.704225352112676,-0.676056338028169,-0.6068376068376068,-0.9436619718309859,-0.8452380952380952,-0.9014084507042254,-0.9014084507042254,-0.5492957746478874,-0.49295774647887325,-0.5378787878787878,-0.22535211267605634,-0.568,-0.8255813953488372,-0.5774647887323944,-0.5352112676056338,-0.22535211267605634,-0.8028169014084507,-0.6893203883495146,-0.8873239436619719,-0.5774647887323944,0.0,-0.8452380952380952,-0.22535211267605634,-0.30985915492957744,-0.4788732394366197,-0.352112676056338,-0.3901098901098901,-0.9861111111111112,-0.30985915492957744,-0.7171717171717171,-0.8873239436619719,-0.34299516908212563,-0.8352941176470589,-0.8591549295774648,-0.5633802816901409,-0.676056338028169,-0.4788732394366197,-0.9295774647887324,-0.4647887323943662,-0.6068376068376068,-0.22535211267605634,-0.7171717171717171,-0.8554216867469879,-0.7183098591549296,-0.6698113207547169,-0.8450704225352113,-0.8554216867469879,-0.6056338028169014,-0.5419847328244275,-0.9859154929577465,-0.7395833333333334,-0.4788732394366197,-0.323943661971831,-0.9295774647887324,-0.5633802816901409
66,-0.672,-0.10714285714285714,-0.9761904761904762,-0.9032258064516129,-0.5238095238095238,-0.7261904761904762,-0.5,-0.7142857142857143,-0.5238095238095238,-0.8690476190476191,-0.6428571428571429,-0.6829268292682927,-0.47619047619047616,-0.9880952380952381,-0.47619047619047616,-1.0,-0.717948717948718,-0.8571428571428571,-1.0,-0.7857142857142857,-0.6666666666666666,-0.9333333333333333,-0.13095238095238096,-0.9032258064516129,-0.4523809523809524,-0.47619047619047616,-0.8936170212765957,-0.5476190476190477,-0.2976190476190476,-0.21428571428571427,-0.03571428571428571,-0.5595238095238095,-0.9404761904761905,-0.6785714285714286,-0.44047619047619047,-0.6785714285714286,-0.8928571428571429,-0.3333333333333333,-0.9545454545454546,-0.525,-0.7636363636363637,-0.42857142857142855,-0.6785714285714286,-0.5833333333333334,-0.8842105263157894,-0.5952380952380952,-0.5714285714285714,-0.717948717948718,-0.7976190476190477,-1.0,-0.7619047619047619,-0.7619047619047619,-0.4642857142857143,-0.4166666666666667,-0.6363636363636364,-0.19047619047619047,-0.672,-0.9767441860465116,-0.4880952380952381,-0.4523809523809524,-0.19047619047619047,-0.6785714285714286,-0.8155339805825242,-0.75,-0.4880952380952381,-0.8452380952380952,0.0,-0.19047619047619047,-0.2619047619047619,-0.40476190476190477,-0.2976190476190476,-0.46153846153846156,-0.8571428571428571,-0.2619047619047619,-0.8484848484848485,-0.75,-0.4057971014492754,-0.9882352941176471,-0.7261904761904762,-0.47619047619047616,-0.5714285714285714,-0.40476190476190477,-0.7857142857142857,-0.39285714285714285,-0.717948717948718,-0.19047619047619047,-0.8484848484848485,-0.9880952380952381,-0.6071428571428571,-0.7924528301886793,-0.7142857142857143,-0.9880952380952381,-0.5119047619047619,-0.6412213740458015,-0.8333333333333334,-0.875,-0.40476190476190477,-0.27380952380952384,-0.7857142857142857,-0.47619047619047616
67,-0.128,-0.5625,-0.1951219512195122,-0.17204301075268819,-0.36363636363636365,-0.26229508196721313,-0.38095238095238093,-0.26666666666666666,-0.36363636363636365,-0.2191780821917808,-0.2962962962962963,-0.13008130081300814,-0.4,-0.1927710843373494,-0.4,-0.19047619047619047,-0.13675213675213677,-0.2222222222222222,-0.19047619047619047,-0.24242424242424243,-0.2857142857142857,-0.17777777777777778,-0.6875,-0.17204301075268819,-0.42105263157894735,-0.4,-0.1702127659574468,-0.34782608695652173,-0.64,-0.8888888888888888,-0.1875,-0.3404255319148936,-0.20253164556962025,-0.2807017543859649,-0.43243243243243246,-0.2807017543859649,-0.21333333333333335,-0.5714285714285714,-0.18181818181818182,-0.1,-0.14545454545454545,-0.4444444444444444,-0.2807017543859649,-0.32653061224489793,-0.16842105263157894,-0.32,-0.3333333333333333,-0.13675213675213677,-0.23880597014925373,-0.19047619047619047,-0.25,-0.25,-0.41025641025641024,-0.45714285714285713,-0.12121212121212122,-1.0,-0.128,-0.18604651162790697,-0.3902439024390244,-0.42105263157894735,-1.0,-0.2807017543859649,-0.1553398058252427,-0.25396825396825395,-0.3902439024390244,-0.22535211267605634,-0.19047619047619047,0.0,-0.7272727272727273,-0.47058823529411764,-0.64,-0.08791208791208792,-0.2222222222222222,-0.7272727272727273,-0.16161616161616163,-0.25396825396825395,-0.07729468599033816,-0.18823529411764706,-0.26229508196721313,-0.4,-0.3333333333333333,-0.47058823529411764,-0.24242424242424243,-0.48484848484848486,-0.13675213675213677,-1.0,-0.16161616161616163,-0.1927710843373494,-0.3137254901960784,-0.1509433962264151,-0.26666666666666666,-0.1927710843373494,-0.37209302325581395,-0.12213740458015267,-0.22857142857142856,-0.16666666666666666,-0.47058823529411764,-0.6956521739130435,-0.24242424242424243,-0.4
68,-0.176,-0.4090909090909091,-0.2682926829268293,-0.23655913978494625,-0.5,-0.36065573770491804,-0.5238095238095238,-0.36666666666666664,-0.5,-0.3013698630136986,-0.4074074074074074,-0.17886178861788618,-0.55,-0.26506024096385544,-0.55,-0.2619047619047619,-0.18803418803418803,-0.3055555555555556,-0.2619047619047619,-0.3333333333333333,-0.39285714285714285,-0.24444444444444444,-0.5,-0.23655913978494625,-0.5789473684210527,-0.55,-0.23404255319148937,-0.4782608695652174,-0.88,-0.8181818181818182,-0.13636363636363635,-0.46808510638297873,-0.27848101265822783,-0.38596491228070173,-0.5945945945945946,-0.38596491228070173,-0.29333333333333333,-0.7857142857142857,-0.25,-0.1375,-0.2,-0.6111111111111112,-0.38596491228070173,-0.4489795918367347,-0.23157894736842105,-0.44,-0.4583333333333333,-0.18803418803418803,-0.3283582089552239,-0.2619047619047619,-0.34375,-0.34375,-0.5641025641025641,-0.6285714285714286,-0.16666666666666666,-0.7272727272727273,-0.176,-0.2558139534883721,-0.5365853658536586,-0.5789473684210527,-0.7272727272727273,-0.38596491228070173,-0.21359223300970873,-0.3492063492063492,-0.5365853658536586,-0.30985915492957744,-0.2619047619047619,-0.7272727272727273,0.0,-0.6470588235294118,-0.88,-0.12087912087912088,-0.3055555555555556,-1.0,-0.2222222222222222,-0.3492063492063492,-0.10628019323671498,-0.25882352941176473,-0.36065573770491804,-0.55,-0.4583333333333333,-0.6470588235294118,-0.3333333333333333,-0.6666666666666666,-0.18803418803418803,-0.7272727272727273,-0.2222222222222222,-0.26506024096385544,-0.43137254901960786,-0.20754716981132076,-0.36666666666666664,-0.26506024096385544,-0.5116279069767442,-0.16793893129770993,-0.3142857142857143,-0.22916666666666666,-0.6470588235294118,-0.9565217391304348,-0.3333333333333333,-0.55
69,-0.272,-0.2647058823529412,-0.4146341463414634,-0.3655913978494624,-0.7727272727272727,-0.5573770491803278,-0.8095238095238095,-0.5666666666666667,-0.7727272727272727,-0.4657534246575342,-0.6296296296296297,-0.2764227642276423,-0.85,-0.40963855421686746,-0.85,-0.40476190476190477,-0.2905982905982906,-0.4722222222222222,-0.40476190476190477,-0.5151515151515151,-0.6071428571428571,-0.37777777777777777,-0.3235294117647059,-0.3655913978494624,-0.8947368421052632,-0.85,-0.3617021276595745,-0.7391304347826086,-0.7352941176470589,-0.5294117647058824,-0.08823529411764706,-0.723404255319149,-0.43037974683544306,-0.5964912280701754,-0.918918918918919,-0.5964912280701754,-0.4533333333333333,-0.8235294117647058,-0.38636363636363635,-0.2125,-0.3090909090909091,-0.9444444444444444,-0.5964912280701754,-0.6938775510204082,-0.35789473684210527,-0.68,-0.7083333333333334,-0.2905982905982906,-0.5074626865671642,-0.40476190476190477,-0.53125,-0.53125,-0.8717948717948718,-0.9714285714285714,-0.25757575757575757,-0.47058823529411764,-0.272,-0.3953488372093023,-0.8292682926829268,-0.8947368421052632,-0.47058823529411764,-0.5964912280701754,-0.3300970873786408,-0.5396825396825397,-0.8292682926829268,-0.4788732394366197,-0.40476190476190477,-0.47058823529411764,-0.6470588235294118,0.0,-0.7352941176470589,-0.18681318681318682,-0.4722222222222222,-0.6470588235294118,-0.3434343434343434,-0.5396825396825397,-0.1642512077294686,-0.4,-0.5573770491803278,-0.85,-0.7083333333333334,-1.0,-0.5151515151515151,-0.9705882352941176,-0.2905982905982906,-0.47058823529411764,-0.3434343434343434,-0.40963855421686746,-0.6666666666666666,-0.32075471698113206,-0.5666666666666667,-0.40963855421686746,-0.7906976744186046,-0.2595419847328244,-0.4857142857142857,-0.3541666666666667,-1.0,-0.6764705882352942,-0.5151515151515151,-0.85
70,-0.2,-0.36,-0.3048780487804878,-0.26881720430107525,-0.5681818181818182,-0.4098360655737705,-0.5952380952380952,-0.4166666666666667,-0.5681818181818182,-0.3424657534246575,-0.46296296296296297,-0.2032520325203252,-0.625,-0.30120481927710846,-0.625,-0.2976190476190476,-0.21367521367521367,-0.3472222222222222,-0.2976190476190476,-0.3787878787878788,-0.44642857142857145,-0.2777777777777778,-0.44,-0.26881720430107525,-0.6578947368421053,-0.625,-0.26595744680851063,-0.5434782608695652,-1.0,-0.72,-0.12,-0.5319148936170213,-0.31645569620253167,-0.43859649122807015,-0.6756756756756757,-0.43859649122807015,-0.3333333333333333,-0.8928571428571429,-0.2840909090909091,-0.15625,-0.22727272727272727,-0.6944444444444444,-0.43859649122807015,-0.5102040816326531,-0.2631578947368421,-0.5,-0.5208333333333334,-0.21367521367521367,-0.373134328358209,-0.2976190476190476,-0.390625,-0.390625,-0.6410256410256411,-0.7142857142857143,-0.1893939393939394,-0.64,-0.2,-0.29069767441860467,-0.6097560975609756,-0.6578947368421053,-0.64,-0.43859649122807015,-0.24271844660194175,-0.3968253968253968,-0.6097560975609756,-0.352112676056338,-0.2976190476190476,-0.64,-0.88,-0.7352941176470589,0.0,-0.13736263736263737,-0.3472222222222222,-0.88,-0.25252525252525254,-0.3968253968253968,-0.12077294685990338,-0.29411764705882354,-0.4098360655737705,-0.625,-0.5208333333333334,-0.7352941176470589,-0.3787878787878788,-0.7575757575757576,-0.21367521367521367,-0.64,-0.25252525252525254,-0.30120481927710846,-0.49019607843137253,-0.2358490566037736,-0.4166666666666667,-0.30120481927710846,-0.5813953488372093,-0.19083969465648856,-0.35714285714285715,-0.2604166666666667,-0.7352941176470589,-0.92,-0.3787878787878788,-0.625
71,-0.6868131868131868,-0.04945054945054945,-0.45054945054945056,-0.510989010989011,-0.24175824175824176,-0.33516483516483514,-0.23076923076923078,-0.32967032967032966,-0.24175824175824176,-0.4010989010989011,-0.2967032967032967,-0.6758241758241759,-0.21978021978021978,-0.45604395604395603,-0.21978021978021978,-0.46153846153846156,-0.6428571428571429,-0.3956043956043956,-0.46153846153846156,-0.3626373626373626,-0.3076923076923077,-0.4945054945054945,-0.06043956043956044,-0.510989010989011,-0.2087912087912088,-0.21978021978021978,-0.5164835164835165,-0.25274725274725274,-0.13736263736263737,-0.0989010989010989,-0.016483516483516484,-0.25824175824175827,-0.4340659340659341,-0.3131868131868132,-0.2032967032967033,-0.3131868131868132,-0.41208791208791207,-0.15384615384615385,-0.4835164835164835,-0.8791208791208791,-0.6043956043956044,-0.1978021978021978,-0.3131868131868132,-0.2692307692307692,-0.521978021978022,-0.27472527472527475,-0.26373626373626374,-0.6428571428571429,-0.36813186813186816,-0.46153846153846156,-0.3516483516483517,-0.3516483516483517,-0.21428571428571427,-0.19230769230769232,-0.7252747252747253,-0.08791208791208792,-0.6868131868131868,-0.4725274725274725,-0.22527472527472528,-0.2087912087912088,-0.08791208791208792,-0.3131868131868132,-0.5659340659340659,-0.34615384615384615,-0.22527472527472528,-0.3901098901098901,-0.46153846153846156,-0.08791208791208792,-0.12087912087912088,-0.18681318681318682,-0.13736263736263737,0.0,-0.3956043956043956,-0.12087912087912088,-0.5439560439560439,-0.34615384615384615,-0.8792270531400966,-0.46703296703296704,-0.33516483516483514,-0.21978021978021978,-0.26373626373626374,-0.18681318681318682,-0.3626373626373626,-0.1813186813186813,-0.6428571428571429,-0.08791208791208792,-0.5439560439560439,-0.45604395604395603,-0.2802197802197802,-0.5824175824175825,-0.32967032967032966,-0.45604395604395603,-0.23626373626373626,-0.7197802197802198,-0.38461538461538464,-0.5274725274725275,-0.18681318681318682,-0.12637362637362637,-0.3626373626373626,-0.21978021978021978
72,-0.576,-0.125,-0.8780487804878049,-0.7741935483870968,-0.6111111111111112,-0.8472222222222222,-0.5833333333333334,-0.8333333333333334,-0.6111111111111112,-0.9863013698630136,-0.75,-0.5853658536585366,-0.5555555555555556,-0.8674698795180723,-0.5555555555555556,-0.8571428571428571,-0.6153846153846154,-1.0,-0.8571428571428571,-0.9166666666666666,-0.7777777777777778,-0.8,-0.1527777777777778,-0.7741935483870968,-0.5277777777777778,-0.5555555555555556,-0.7659574468085106,-0.6388888888888888,-0.3472222222222222,-0.25,-0.041666666666666664,-0.6527777777777778,-0.9113924050632911,-0.7916666666666666,-0.5138888888888888,-0.7916666666666666,-0.96,-0.3888888888888889,-0.8181818181818182,-0.45,-0.6545454545454545,-0.5,-0.7916666666666666,-0.6805555555555556,-0.7578947368421053,-0.6944444444444444,-0.6666666666666666,-0.6153846153846154,-0.9305555555555556,-0.8571428571428571,-0.8888888888888888,-0.8888888888888888,-0.5416666666666666,-0.4861111111111111,-0.5454545454545454,-0.2222222222222222,-0.576,-0.8372093023255814,-0.5694444444444444,-0.5277777777777778,-0.2222222222222222,-0.7916666666666666,-0.6990291262135923,-0.875,-0.5694444444444444,-0.9861111111111112,-0.8571428571428571,-0.2222222222222222,-0.3055555555555556,-0.4722222222222222,-0.3472222222222222,-0.3956043956043956,0.0,-0.3055555555555556,-0.7272727272727273,-0.875,-0.34782608695652173,-0.8470588235294118,-0.8472222222222222,-0.5555555555555556,-0.6666666666666666,-0.4722222222222222,-0.9166666666666666,-0.4583333333333333,-0.6153846153846154,-0.2222222222222222,-0.7272727272727273,-0.8674698795180723,-0.7083333333333334,-0.6792452830188679,-0.8333333333333334,-0.8674698795180723,-0.5972222222222222,-0.549618320610687,-0.9722222222222222,-0.75,-0.4722222222222222,-0.3194444444444444,-0.9166666666666666,-0.5555555555555556
73,-0.176,-0.4090909090909091,-0.2682926829268293,-0.23655913978494625,-0.5,-0.36065573770491804,-0.5238095238095238,-0.36666666666666664,-0.5,-0.3013698630136986,-0.4074074074074074,-0.17886178861788618,-0.55,-0.26506024096385544,-0.55,-0.2619047619047619,-0.18803418803418803,-0.3055555555555556,-0.2619047619047619,-0.3333333333333333,-0.39285714285714285,-0.24444444444444444,-0.5,-0.23655913978494625,-0.5789473684210527,-0.55,-0.23404255319148937,-0.4782608695652174,-0.88,-0.8181818181818182,-0.13636363636363635,-0.46808510638297873,-0.27848101265822783,-0.38596491228070173,-0.5945945945945946,-0.38596491228070173,-0.29333333333333333,-0.7857142857142857,-0.25,-0.1375,-0.2,-0.6111111111111112,-0.38596491228070173,-0.4489795918367347,-0.23157894736842105,-0.44,-0.4583333333333333,-0.18803418803418803,-0.3283582089552239,-0.2619047619047619,-0.34375,-0.34375,-0.5641025641025641,-0.6285714285714286,-0.16666666666666666,-0.7272727272727273,-0.176,-0.2558139534883721,-0.5365853658536586,-0.5789473684210527,-0.7272727272727273,-0.38596491228070173,-0.21359223300970873,-0.3492063492063492,-0.5365853658536586,-0.30985915492957744,-0.2619047619047619,-0.7272727272727273,-1.0,-0.6470588235294118,-0.88,-0.12087912087912088,-0.3055555555555556,0.0,-0.2222222222222222,-0.3492063492063492,-0.10628019323671498,-0.25882352941176473,-0.36065573770491804,-0.55,-0.4583333333333333,-0.6470588235294118,-0.3333333333333333,-0.6666666666666666,-0.18803418803418803,-0.7272727272727273,-0.2222222222222222,-0.26506024096385544,-0.43137254901960786,-0.20754716981132076,-0.36666666666666664,-0.26506024096385544,-0.5116279069767442,-0.16793893129770993,-0.3142857142857143,-0.22916666666666666,-0.6470588235294118,-0.9565217391304348,-0.3333333333333333,-0.55
74,-0.792,-0.09090909090909091,-0.8282828282828283,-0.9393939393939394,-0.4444444444444444,-0.6161616161616161,-0.42424242424242425,-0.6060606060606061,-0.4444444444444444,-0.7373737373737373,-0.5454545454545454,-0.8048780487804879,-0.40404040404040403,-0.8383838383838383,-0.40404040404040403,-0.8484848484848485,-0.8461538461538461,-0.7272727272727273,-0.8484848484848485,-0.6666666666666666,-0.5656565656565656,-0.9090909090909091,-0.1111111111111111,-0.9393939393939394,-0.3838383838383838,-0.40404040404040403,-0.9494949494949495,-0.46464646464646464,-0.25252525252525254,-0.18181818181818182,-0.030303030303030304,-0.47474747474747475,-0.797979797979798,-0.5757575757575758,-0.37373737373737376,-0.5757575757575758,-0.7575757575757576,-0.2828282828282828,-0.8888888888888888,-0.61875,-0.9,-0.36363636363636365,-0.5757575757575758,-0.494949494949495,-0.9595959595959596,-0.5050505050505051,-0.48484848484848486,-0.8461538461538461,-0.6767676767676768,-0.8484848484848485,-0.6464646464646465,-0.6464646464646465,-0.3939393939393939,-0.35353535353535354,-0.75,-0.16161616161616163,-0.792,-0.8686868686868687,-0.41414141414141414,-0.3838383838383838,-0.16161616161616163,-0.5757575757575758,-0.9611650485436893,-0.6363636363636364,-0.41414141414141414,-0.7171717171717171,-0.8484848484848485,-0.16161616161616163,-0.2222222222222222,-0.3434343434343434,-0.25252525252525254,-0.5439560439560439,-0.7272727272727273,-0.2222222222222222,0.0,-0.6363636363636364,-0.4782608695652174,-0.8585858585858586,-0.6161616161616161,-0.40404040404040403,-0.48484848484848486,-0.3434343434343434,-0.6666666666666666,-0.3333333333333333,-0.8461538461538461,-0.16161616161616163,-1.0,-0.8383838383838383,-0.5151515151515151,-0.9339622641509434,-0.6060606060606061,-0.8383838383838383,-0.43434343434343436,-0.7557251908396947,-0.7070707070707071,-0.9696969696969697,-0.3434343434343434,-0.23232323232323232,-0.6666666666666666,-0.40404040404040403
75,-0.504,-0.14285714285714285,-0.7682926829268293,-0.6774193548387096,-0.6984126984126984,-0.9682539682539683,-0.6666666666666666,-0.9523809523809523,-0.6984126984126984,-0.863013698630137,-0.8571428571428571,-0.5121951219512195,-0.6349206349206349,-0.7590361445783133,-0.6349206349206349,-0.75,-0.5384615384615384,-0.875,-0.75,-0.9545454545454546,-0.8888888888888888,-0.7,-0.1746031746031746,-0.6774193548387096,-0.6031746031746031,-0.6349206349206349,-0.6702127659574468,-0.7301587301587301,-0.3968253968253968,-0.2857142857142857,-0.047619047619047616,-0.746031746031746,-0.7974683544303798,-0.9047619047619048,-0.5873015873015873,-0.9047619047619048,-0.84,-0.4444444444444444,-0.7159090909090909,-0.39375,-0.5727272727272728,-0.5714285714285714,-0.9047619047619048,-0.7777777777777778,-0.6631578947368421,-0.7936507936507936,-0.7619047619047619,-0.5384615384615384,-0.9402985074626866,-0.75,-0.984375,-0.984375,-0.6190476190476191,-0.5555555555555556,-0.4772727272727273,-0.25396825396825395,-0.504,-0.7325581395348837,-0.6507936507936508,-0.6031746031746031,-0.25396825396825395,-0.9047619047619048,-0.6116504854368932,-1.0,-0.6507936507936508,-0.8873239436619719,-0.75,-0.25396825396825395,-0.3492063492063492,-0.5396825396825397,-0.3968253968253968,-0.34615384615384615,-0.875,-0.3492063492063492,-0.6363636363636364,0.0,-0.30434782608695654,-0.7411764705882353,-0.9682539682539683,-0.6349206349206349,-0.7619047619047619,-0.5396825396825397,-0.9545454545454546,-0.5238095238095238,-0.5384615384615384,-0.25396825396825395,-0.6363636363636364,-0.7590361445783133,-0.8095238095238095,-0.5943396226415094,-0.9523809523809523,-0.7590361445783133,-0.6825396825396826,-0.48091603053435117,-0.9,-0.65625,-0.5396825396825397,-0.36507936507936506,-0.9545454545454546,-0.6349206349206349
76,-0.6038647342995169,-0.043478260869565216,-0.3961352657004831,-0.4492753623188406,-0.21256038647342995,-0.2946859903381642,-0.2028985507246377,-0.2898550724637681,-0.21256038647342995,-0.3526570048309179,-0.2608695652173913,-0.5942028985507246,-0.1932367149758454,-0.40096618357487923,-0.1932367149758454,-0.4057971014492754,-0.5652173913043478,-0.34782608695652173,-0.4057971014492754,-0.3188405797101449,-0.27053140096618356,-0.43478260869565216,-0.05314009661835749,-0.4492753623188406,-0.18357487922705315,-0.1932367149758454,-0.45410628019323673,-0.2222222222222222,-0.12077294685990338,-0.08695652173913043,-0.014492753623188406,-0.22705314009661837,-0.38164251207729466,-0.2753623188405797,-0.178743961352657,-0.2753623188405797,-0.36231884057971014,-0.13526570048309178,-0.4251207729468599,-0.7729468599033816,-0.5314009661835749,-0.17391304347826086,-0.2753623188405797,-0.23671497584541062,-0.45893719806763283,-0.24154589371980675,-0.2318840579710145,-0.5652173913043478,-0.32367149758454106,-0.4057971014492754,-0.30917874396135264,-0.30917874396135264,-0.18840579710144928,-0.16908212560386474,-0.6376811594202898,-0.07729468599033816,-0.6038647342995169,-0.41545893719806765,-0.19806763285024154,-0.18357487922705315,-0.07729468599033816,-0.2753623188405797,-0.4975845410628019,-0.30434782608695654,-0.19806763285024154,-0.34299516908212563,-0.4057971014492754,-0.07729468599033816,-0.10628019323671498,-0.1642512077294686,-0.12077294685990338,-0.8792270531400966,-0.34782608695652173,-0.10628019323671498,-0.4782608695652174,-0.30434782608695654,0.0,-0.4106280193236715,-0.2946859903381642,-0.1932367149758454,-0.2318840579710145,-0.1642512077294686,-0.3188405797101449,-0.15942028985507245,-0.5652173913043478,-0.07729468599033816,-0.4782608695652174,-0.40096618357487923,-0.2463768115942029,-0.5120772946859904,-0.2898550724637681,-0.40096618357487923,-0.20772946859903382,-0.6328502415458938,-0.33816425120772947,-0.463768115942029,-0.1642512077294686,-0.1111111111111111,-0.3188405797101449,-0.1932367149758454
77,-0.68,-0.10588235294117647,-0.9647058823529412,-0.9139784946236559,-0.5176470588235295,-0.7176470588235294,-0.49411764705882355,-0.7058823529411765,-0.5176470588235295,-0.8588235294117647,-0.6352941176470588,-0.6910569105691057,-0.47058823529411764,-0.9764705882352941,-0.47058823529411764,-0.9882352941176471,-0.7264957264957265,-0.8470588235294118,-0.9882352941176471,-0.7764705882352941,-0.6588235294117647,-0.9444444444444444,-0.12941176470588237,-0.9139784946236559,-0.4470588235294118,-0.47058823529411764,-0.9042553191489362,-0.5411764705882353,-0.29411764705882354,-0.21176470588235294,-0.03529411764705882,-0.5529411764705883,-0.9294117647058824,-0.6705882352941176,-0.43529411764705883,-0.6705882352941176,-0.8823529411764706,-0.32941176470588235,-0.9659090909090909,-0.53125,-0.7727272727272727,-0.4235294117647059,-0.6705882352941176,-0.5764705882352941,-0.8947368421052632,-0.5882352941176471,-0.5647058823529412,-0.7264957264957265,-0.788235294117647,-0.9882352941176471,-0.7529411764705882,-0.7529411764705882,-0.4588235294117647,-0.4117647058823529,-0.6439393939393939,-0.18823529411764706,-0.68,-0.9883720930232558,-0.4823529411764706,-0.4470588235294118,-0.18823529411764706,-0.6705882352941176,-0.8252427184466019,-0.7411764705882353,-0.4823529411764706,-0.8352941176470589,-0.9882352941176471,-0.18823529411764706,-0.25882352941176473,-0.4,-0.29411764705882354,-0.46703296703296704,-0.8470588235294118,-0.25882352941176473,-0.8585858585858586,-0.7411764705882353,-0.4106280193236715,0.0,-0.7176470588235294,-0.47058823529411764,-0.5647058823529412,-0.4,-0.7764705882352941,-0.38823529411764707,-0.7264957264957265,-0.18823529411764706,-0.8585858585858586,-0.9764705882352941,-0.6,-0.8018867924528302,-0.7058823529411765,-0.9764705882352941,-0.5058823529411764,-0.648854961832061,-0.8235294117647058,-0.8854166666666666,-0.4,-0.27058823529411763,-0.7764705882352941,-0.47058823529411764
78,-0.488,-0.14754098360655737,-0.7439024390243902,-0.6559139784946236,-0.7213114754098361,-1.0,-0.6885245901639344,-0.9836065573770492,-0.7213114754098361,-0.8356164383561644,-0.8852459016393442,-0.4959349593495935,-0.6557377049180327,-0.7349397590361446,-0.6557377049180327,-0.7261904761904762,-0.5213675213675214,-0.8472222222222222,-0.7261904761904762,-0.9242424242424242,-0.9180327868852459,-0.6777777777777778,-0.18032786885245902,-0.6559139784946236,-0.6229508196721312,-0.6557377049180327,-0.648936170212766,-0.7540983606557377,-0.4098360655737705,-0.29508196721311475,-0.04918032786885246,-0.7704918032786885,-0.7721518987341772,-0.9344262295081968,-0.6065573770491803,-0.9344262295081968,-0.8133333333333334,-0.45901639344262296,-0.6931818181818182,-0.38125,-0.5545454545454546,-0.5901639344262295,-0.9344262295081968,-0.8032786885245902,-0.6421052631578947,-0.819672131147541,-0.7868852459016393,-0.5213675213675214,-0.9104477611940298,-0.7261904761904762,-0.953125,-0.953125,-0.639344262295082,-0.5737704918032787,-0.4621212121212121,-0.26229508196721313,-0.488,-0.7093023255813954,-0.6721311475409836,-0.6229508196721312,-0.26229508196721313,-0.9344262295081968,-0.5922330097087378,-0.9682539682539683,-0.6721311475409836,-0.8591549295774648,-0.7261904761904762,-0.26229508196721313,-0.36065573770491804,-0.5573770491803278,-0.4098360655737705,-0.33516483516483514,-0.8472222222222222,-0.36065573770491804,-0.6161616161616161,-0.9682539682539683,-0.2946859903381642,-0.7176470588235294,0.0,-0.6557377049180327,-0.7868852459016393,-0.5573770491803278,-0.9242424242424242,-0.5409836065573771,-0.5213675213675214,-0.26229508196721313,-0.6161616161616161,-0.7349397590361446,-0.8360655737704918,-0.5754716981132075,-0.9836065573770492,-0.7349397590361446,-0.7049180327868853,-0.46564885496183206,-0.8714285714285714,-0.6354166666666666,-0.5573770491803278,-0.3770491803278688,-0.9242424242424242,-0.6557377049180327
79,-0.32,-0.225,-0.4878048780487805,-0.43010752688172044,-0.9090909090909091,-0.6557377049180327,-0.9523809523809523,-0.6666666666666666,-0.9090909090909091,-0.547945205479452,-0.7407407407407407,-0.3252032520325203,-1.0,-0.4819277108433735,-1.0,-0.47619047619047616,-0.3418803418803419,-0.5555555555555556,-0.47619047619047616,-0.6060606060606061,-0.7142857142857143,-0.4444444444444444,-0.275,-0.43010752688172044,-0.95,-1.0,-0.425531914893617,-0.8695652173913043,-0.625,-0.45,-0.075,-0.851063829787234,-0.5063291139240507,-0.7017543859649122,-0.925,-0.7017543859649122,-0.5333333333333333,-0.7,-0.45454545454545453,-0.25,-0.36363636363636365,-0.9,-0.7017543859649122,-0.8163265306122449,-0.42105263157894735,-0.8,-0.8333333333333334,-0.3418803418803419,-0.5970149253731343,-0.47619047619047616,-0.625,-0.625,-0.975,-0.875,-0.30303030303030304,-0.4,-0.32,-0.46511627906976744,-0.975609756097561,-0.95,-0.4,-0.7017543859649122,-0.3883495145631068,-0.6349206349206349,-0.975609756097561,-0.5633802816901409,-0.47619047619047616,-0.4,-0.55,-0.85,-0.625,-0.21978021978021978,-0.5555555555555556,-0.55,-0.40404040404040403,-0.6349206349206349,-0.1932367149758454,-0.47058823529411764,-0.6557377049180327,0.0,-0.8333333333333334,-0.85,-0.6060606060606061,-0.825,-0.3418803418803419,-0.4,-0.40404040404040403,-0.4819277108433735,-0.7843137254901961,-0.37735849056603776,-0.6666666666666666,-0.4819277108433735,-0.9302325581395349,-0.3053435114503817,-0.5714285714285714,-0.4166666666666667,-0.85,-0.575,-0.6060606060606061,-1.0
80,-0.384,-0.1875,-0.5853658536585366,-0.5161290322580645,-0.9166666666666666,-0.7868852459016393,-0.875,-0.8,-0.9166666666666666,-0.6575342465753424,-0.8888888888888888,-0.3902439024390244,-0.8333333333333334,-0.5783132530120482,-0.8333333333333334,-0.5714285714285714,-0.41025641025641024,-0.6666666666666666,-0.5714285714285714,-0.7272727272727273,-0.8571428571428571,-0.5333333333333333,-0.22916666666666666,-0.5161290322580645,-0.7916666666666666,-0.8333333333333334,-0.5106382978723404,-0.9583333333333334,-0.5208333333333334,-0.375,-0.0625,-0.9791666666666666,-0.6075949367088608,-0.8421052631578947,-0.7708333333333334,-0.8421052631578947,-0.64,-0.5833333333333334,-0.5454545454545454,-0.3,-0.43636363636363634,-0.75,-0.8421052631578947,-0.9795918367346939,-0.5052631578947369,-0.96,-1.0,-0.41025641025641024,-0.7164179104477612,-0.5714285714285714,-0.75,-0.75,-0.8125,-0.7291666666666666,-0.36363636363636365,-0.3333333333333333,-0.384,-0.5581395348837209,-0.8541666666666666,-0.7916666666666666,-0.3333333333333333,-0.8421052631578947,-0.46601941747572817,-0.7619047619047619,-0.8541666666666666,-0.676056338028169,-0.5714285714285714,-0.3333333333333333,-0.4583333333333333,-0.7083333333333334,-0.5208333333333334,-0.26373626373626374,-0.6666666666666666,-0.4583333333333333,-0.48484848484848486,-0.7619047619047619,-0.2318840579710145,-0.5647058823529412,-0.7868852459016393,-0.8333333333333334,0.0,-0.7083333333333334,-0.7272727272727273,-0.6875,-0.41025641025641024,-0.3333333333333333,-0.48484848484848486,-0.5783132530120482,-0.9411764705882353,-0.4528301886792453,-0.8,-0.5783132530120482,-0.8958333333333334,-0.366412213740458,-0.6857142857142857,-0.5,-0.7083333333333334,-0.4791666666666667,-0.7272727272727273,-0.8333333333333334
81,-0.272,-0.2647058823529412,-0.4146341463414634,-0.3655913978494624,-0.7727272727272727,-0.5573770491803278,-0.8095238095238095,-0.5666666666666667,-0.7727272727272727,-0.4657534246575342,-0.6296296296296297,-0.2764227642276423,-0.85,-0.40963855421686746,-0.85,-0.40476190476190477,-0.2905982905982906,-0.4722222222222222,-0.40476190476190477,-0.5151515151515151,-0.6071428571428571,-0.37777777777777777,-0.3235294117647059,-0.3655913978494624,-0.8947368421052632,-0.85,-0.3617021276595745,-0.7391304347826086,-0.7352941176470589,-0.5294117647058824,-0.08823529411764706,-0.723404255319149,-0.43037974683544306,-0.5964912280701754,-0.918918918918919,-0.5964912280701754,-0.4533333333333333,-0.8235294117647058,-0.38636363636363635,-0.2125,-0.3090909090909091,-0.9444444444444444,-0.5964912280701754,-0.6938775510204082,-0.35789473684210527,-0.68,-0.7083333333333334,-0.2905982905982906,-0.5074626865671642,-0.40476190476190477,-0.53125,-0.53125,-0.8717948717948718,-0.9714285714285714,-0.25757575757575757,-0.47058823529411764,-0.272,-0.3953488372093023,-0.8292682926829268,-0.8947368421052632,-0.47058823529411764,-0.5964912280701754,-0.3300970873786408,-0.5396825396825397,-0.8292682926829268,-0.4788732394366197,-0.40476190476190477,-0.47058823529411764,-0.6470588235294118,-1.0,-0.7352941176470589,-0.18681318681318682,-0.4722222222222222,-0.6470588235294118,-0.3434343434343434,-0.5396825396825397,-0.1642512077294686,-0.4,-0.5573770491803278,-0.85,-0.7083333333333334,0.0,-0.5151515151515151,-0.9705882352941176,-0.2905982905982906,-0.47058823529411764,-0.3434343434343434,-0.40963855421686746,-0.6666666666666666,-0.32075471698113206,-0.5666666666666667,-0.40963855421686746,-0.7906976744186046,-0.2595419847328244,-0.4857142857142857,-0.3541666666666667,-1.0,-0.6764705882352942,-0.5151515151515151,-0.85
82,-0.528,-0.13636363636363635,-0.8048780487804879,-0.7096774193548387,-0.6666666666666666,-0.9242424242424242,-0.6363636363636364,-0.9090909090909091,-0.6666666666666666,-0.9041095890410958,-0.8181818181818182,-0.5365853658536586,-0.6060606060606061,-0.7951807228915663,-0.6060606060606061,-0.7857142857142857,-0.5641025641025641,-0.9166666666666666,-0.7857142857142857,-1.0,-0.8484848484848485,-0.7333333333333333,-0.16666666666666666,-0.7096774193548387,-0.5757575757575758,-0.6060606060606061,-0.7021276595744681,-0.696969696969697,-0.3787878787878788,-0.2727272727272727,-0.045454545454545456,-0.7121212121212122,-0.8354430379746836,-0.8636363636363636,-0.5606060606060606,-0.8636363636363636,-0.88,-0.42424242424242425,-0.75,-0.4125,-0.6,-0.5454545454545454,-0.8636363636363636,-0.7424242424242424,-0.6947368421052632,-0.7575757575757576,-0.7272727272727273,-0.5641025641025641,-0.9850746268656716,-0.7857142857142857,-0.9696969696969697,-0.9696969696969697,-0.5909090909090909,-0.5303030303030303,-0.5,-0.24242424242424243,-0.528,-0.7674418604651163,-0.6212121212121212,-0.5757575757575758,-0.24242424242424243,-0.8636363636363636,-0.6407766990291263,-0.9545454545454546,-0.6212121212121212,-0.9295774647887324,-0.7857142857142857,-0.24242424242424243,-0.3333333333333333,-0.5151515151515151,-0.3787878787878788,-0.3626373626373626,-0.9166666666666666,-0.3333333333333333,-0.6666666666666666,-0.9545454545454546,-0.3188405797101449,-0.7764705882352941,-0.9242424242424242,-0.6060606060606061,-0.7272727272727273,-0.5151515151515151,0.0,-0.5,-0.5641025641025641,-0.24242424242424243,-0.6666666666666666,-0.7951807228915663,-0.7727272727272727,-0.6226415094339622,-0.9090909090909091,-0.7951807228915663,-0.6515151515151515,-0.5038167938931297,-0.9428571428571428,-0.6875,-0.5151515151515151,-0.3484848484848485,-1.0,-0.6060606060606061
83,-0.264,-0.2727272727272727,-0.4024390243902439,-0.3548387096774194,-0.75,-0.5409836065573771,-0.7857142857142857,-0.55,-0.75,-0.4520547945205479,-0.6111111111111112,-0.2682926829268293,-0.825,-0.39759036144578314,-0.825,-0.39285714285714285,-0.28205128205128205,-0.4583333333333333,-0.39285714285714285,-0.5,-0.5892857142857143,-0.36666666666666664,-0.3333333333333333,-0.3548387096774194,-0.868421052631579,-0.825,-0.35106382978723405,-0.717391304347826,-0.7575757575757576,-0.5454545454545454,-0.09090909090909091,-0.7021276595744681,-0.4177215189873418,-0.5789473684210527,-0.8918918918918919,-0.5789473684210527,-0.44,-0.8484848484848485,-0.375,-0.20625,-0.3,-0.9166666666666666,-0.5789473684210527,-0.673469387755102,-0.3473684210526316,-0.66,-0.6875,-0.28205128205128205,-0.4925373134328358,-0.39285714285714285,-0.515625,-0.515625,-0.8461538461538461,-0.9428571428571428,-0.25,-0.48484848484848486,-0.264,-0.38372093023255816,-0.8048780487804879,-0.868421052631579,-0.48484848484848486,-0.5789473684210527,-0.32038834951456313,-0.5238095238095238,-0.8048780487804879,-0.4647887323943662,-0.39285714285714285,-0.48484848484848486,-0.6666666666666666,-0.9705882352941176,-0.7575757575757576,-0.1813186813186813,-0.4583333333333333,-0.6666666666666666,-0.3333333333333333,-0.5238095238095238,-0.15942028985507245,-0.38823529411764707,-0.5409836065573771,-0.825,-0.6875,-0.9705882352941176,-0.5,0.0,-0.28205128205128205,-0.48484848484848486,-0.3333333333333333,-0.39759036144578314,-0.6470588235294118,-0.3113207547169811,-0.55,-0.39759036144578314,-0.7674418604651163,-0.25190839694656486,-0.4714285714285714,-0.34375,-0.9705882352941176,-0.696969696969697,-0.5,-0.825
84,-0.936,-0.07692307692307693,-0.7008547008547008,-0.7948717948717948,-0.37606837606837606,-0.5213675213675214,-0.358974358974359,-0.5128205128205128,-0.37606837606837606,-0.6239316239316239,-0.46153846153846156,-0.9512195121951219,-0.3418803418803419,-0.7094017094017094,-0.3418803418803419,-0.717948717948718,-1.0,-0.6153846153846154,-0.717948717948718,-0.5641025641025641,-0.47863247863247865,-0.7692307692307693,-0.09401709401709402,-0.7948717948717948,-0.3247863247863248,-0.3418803418803419,-0.8034188034188035,-0.39316239316239315,-0.21367521367521367,-0.15384615384615385,-0.02564102564102564,-0.4017094017094017,-0.6752136752136753,-0.48717948717948717,-0.3162393162393162,-0.48717948717948717,-0.6410256410256411,-0.23931623931623933,-0.7521367521367521,-0.73125,-0.9401709401709402,-0.3076923076923077,-0.48717948717948717,-0.4188034188034188,-0.811965811965812,-0.42735042735042733,-0.41025641025641024,-1.0,-0.5726495726495726,-0.717948717948718,-0.5470085470085471,-0.5470085470085471,-0.3333333333333333,-0.29914529914529914,-0.8863636363636364,-0.13675213675213677,-0.936,-0.7350427350427351,-0.3504273504273504,-0.3247863247863248,-0.13675213675213677,-0.48717948717948717,-0.8803418803418803,-0.5384615384615384,-0.3504273504273504,-0.6068376068376068,-0.717948717948718,-0.13675213675213677,-0.18803418803418803,-0.2905982905982906,-0.21367521367521367,-0.6428571428571429,-0.6153846153846154,-0.18803418803418803,-0.8461538461538461,-0.5384615384615384,-0.5652173913043478,-0.7264957264957265,-0.5213675213675214,-0.3418803418803419,-0.41025641025641024,-0.2905982905982906,-0.5641025641025641,-0.28205128205128205,0.0,-0.13675213675213677,-0.8461538461538461,-0.7094017094017094,-0.4358974358974359,-0.905982905982906,-0.5128205128205128,-0.7094017094017094,-0.36752136752136755,-0.8931297709923665,-0.5982905982905983,-0.8205128205128205,-0.2905982905982906,-0.19658119658119658,-0.5641025641025641,-0.3418803418803419
85,-0.128,-0.5625,-0.1951219512195122,-0.17204301075268819,-0.36363636363636365,-0.26229508196721313,-0.38095238095238093,-0.26666666666666666,-0.36363636363636365,-0.2191780821917808,-0.2962962962962963,-0.13008130081300814,-0.4,-0.1927710843373494,-0.4,-0.19047619047619047,-0.13675213675213677,-0.2222222222222222,-0.19047619047619047,-0.24242424242424243,-0.2857142857142857,-0.17777777777777778,-0.6875,-0.17204301075268819,-0.42105263157894735,-0.4,-0.1702127659574468,-0.34782608695652173,-0.64,-0.8888888888888888,-0.1875,-0.3404255319148936,-0.20253164556962025,-0.2807017543859649,-0.43243243243243246,-0.2807017543859649,-0.21333333333333335,-0.5714285714285714,-0.18181818181818182,-0.1,-0.14545454545454545,-0.4444444444444444,-0.2807017543859649,-0.32653061224489793,-0.16842105263157894,-0.32,-0.3333333333333333,-0.13675213675213677,-0.23880597014925373,-0.19047619047619047,-0.25,-0.25,-0.41025641025641024,-0.45714285714285713,-0.12121212121212122,-1.0,-0.128,-0.18604651162790697,-0.3902439024390244,-0.42105263157894735,-1.0,-0.2807017543859649,-0.1553398058252427,-0.25396825396825395,-0.3902439024390244,-0.22535211267605634,-0.19047619047619047,-1.0,-0.7272727272727273,-0.47058823529411764,-0.64,-0.08791208791208792,-0.2222222222222222,-0.7272727272727273,-0.16161616161616163,-0.25396825396825395,-0.07729468599033816,-0.18823529411764706,-0.26229508196721313,-0.4,-0.3333333333333333,-0.47058823529411764,-0.24242424242424243,-0.48484848484848486,-0.13675213675213677,0.0,-0.16161616161616163,-0.1927710843373494,-0.3137254901960784,-0.1509433962264151,-0.26666666666666666,-0.1927710843373494,-0.37209302325581395,-0.12213740458015267,-0.22857142857142856,-0.16666666666666666,-0.47058823529411764,-0.6956521739130435,-0.24242424242424243,-0.4
86,-0.792,-0.09090909090909091,-0.8282828282828283,-0.9393939393939394,-0.4444444444444444,-0.6161616161616161,-0.42424242424242425,-0.6060606060606061,-0.4444444444444444,-0.7373737373737373,-0.5454545454545454,-0.8048780487804879,-0.40404040404040403,-0.8383838383838383,-0.40404040404040403,-0.8484848484848485,-0.8461538461538461,-0.7272727272727273,-0.8484848484848485,-0.6666666666666666,-0.5656565656565656,-0.9090909090909091,-0.1111111111111111,-0.9393939393939394,-0.3838383838383838,-0.40404040404040403,-0.9494949494949495,-0.46464646464646464,-0.25252525252525254,-0.18181818181818182,-0.030303030303030304,-0.47474747474747475,-0.797979797979798,-0.5757575757575758,-0.37373737373737376,-0.5757575757575758,-0.7575757575757576,-0.2828282828282828,-0.8888888888888888,-0.61875,-0.9,-0.36363636363636365,-0.5757575757575758,-0.494949494949495,-0.9595959595959596,-0.5050505050505051,-0.48484848484848486,-0.8461538461538461,-0.6767676767676768,-0.8484848484848485,-0.6464646464646465,-0.6464646464646465,-0.3939393939393939,-0.35353535353535354,-0.75,-0.16161616161616163,-0.792,-0.8686868686868687,-0.41414141414141414,-0.3838383838383838,-0.16161616161616163,-0.5757575757575758,-0.9611650485436893,-0.6363636363636364,-0.41414141414141414,-0.7171717171717171,-0.8484848484848485,-0.16161616161616163,-0.2222222222222222,-0.3434343434343434,-0.25252525252525254,-0.5439560439560439,-0.7272727272727273,-0.2222222222222222,-1.0,-0.6363636363636364,-0.4782608695652174,-0.8585858585858586,-0.6161616161616161,-0.40404040404040403,-0.48484848484848486,-0.3434343434343434,-0.6666666666666666,-0.3333333333333333,-0.8461538461538461,-0.16161616161616163,0.0,-0.8383838383838383,-0.5151515151515151,-0.9339622641509434,-0.6060606060606061,-0.8383838383838383,-0.43434343434343436,-0.7557251908396947,-0.7070707070707071,-0.9696969696969697,-0.3434343434343434,-0.23232323232323232,-0.6666666666666666,-0.40404040404040403
87,-0.664,-0.10843373493975904,-0.9879518072289156,-0.8924731182795699,-0.5301204819277109,-0.7349397590361446,-0.5060240963855421,-0.7228915662650602,-0.5301204819277109,-0.8795180722891566,-0.6506024096385542,-0.6747967479674797,-0.4819277108433735,-1.0,-0.4819277108433735,-0.9880952380952381,-0.7094017094017094,-0.8674698795180723,-0.9880952380952381,-0.7951807228915663,-0.6746987951807228,-0.9222222222222223,-0.13253012048192772,-0.8924731182795699,-0.4578313253012048,-0.4819277108433735,-0.8829787234042553,-0.5542168674698795,-0.30120481927710846,-0.21686746987951808,-0.03614457831325301,-0.5662650602409639,-0.9518072289156626,-0.6867469879518072,-0.4457831325301205,-0.6867469879518072,-0.9036144578313253,-0.3373493975903614,-0.9431818181818182,-0.51875,-0.7545454545454545,-0.43373493975903615,-0.6867469879518072,-0.5903614457831325,-0.8736842105263158,-0.6024096385542169,-0.5783132530120482,-0.7094017094017094,-0.8072289156626506,-0.9880952380952381,-0.7710843373493976,-0.7710843373493976,-0.46987951807228917,-0.42168674698795183,-0.6287878787878788,-0.1927710843373494,-0.664,-0.9651162790697675,-0.4939759036144578,-0.4578313253012048,-0.1927710843373494,-0.6867469879518072,-0.8058252427184466,-0.7590361445783133,-0.4939759036144578,-0.8554216867469879,-0.9880952380952381,-0.1927710843373494,-0.26506024096385544,-0.40963855421686746,-0.30120481927710846,-0.45604395604395603,-0.8674698795180723,-0.26506024096385544,-0.8383838383838383,-0.7590361445783133,-0.40096618357487923,-0.9764705882352941,-0.7349397590361446,-0.4819277108433735,-0.5783132530120482,-0.40963855421686746,-0.7951807228915663,-0.39759036144578314,-0.7094017094017094,-0.1927710843373494,-0.8383838383838383,0.0,-0.6144578313253012,-0.7830188679245284,-0.7228915662650602,-1.0,-0.5180722891566265,-0.6335877862595419,-0.8433734939759037,-0.8645833333333334,-0.40963855421686746,-0.27710843373493976,-0.7951807228915663,-0.4819277108433735
88,-0.408,-0.17647058823529413,-0.6219512195121951,-0.5483870967741935,-0.8627450980392157,-0.8360655737704918,-0.8235294117647058,-0.85,-0.8627450980392157,-0.6986301369863014,-0.9444444444444444,-0.4146341463414634,-0.7843137254901961,-0.6144578313253012,-0.7843137254901961,-0.6071428571428571,-0.4358974358974359,-0.7083333333333334,-0.6071428571428571,-0.7727272727272727,-0.9107142857142857,-0.5666666666666667,-0.21568627450980393,-0.5483870967741935,-0.7450980392156863,-0.7843137254901961,-0.5425531914893617,-0.9019607843137255,-0.49019607843137253,-0.35294117647058826,-0.058823529411764705,-0.9215686274509803,-0.6455696202531646,-0.8947368421052632,-0.7254901960784313,-0.8947368421052632,-0.68,-0.5490196078431373,-0.5795454545454546,-0.31875,-0.4636363636363636,-0.7058823529411765,-0.8947368421052632,-0.9607843137254902,-0.5368421052631579,-0.9803921568627451,-0.9411764705882353,-0.4358974358974359,-0.7611940298507462,-0.6071428571428571,-0.796875,-0.796875,-0.7647058823529411,-0.6862745098039216,-0.38636363636363635,-0.3137254901960784,-0.408,-0.5930232558139535,-0.803921568627451,-0.7450980392156863,-0.3137254901960784,-0.8947368421052632,-0.49514563106796117,-0.8095238095238095,-0.803921568627451,-0.7183098591549296,-0.6071428571428571,-0.3137254901960784,-0.43137254901960786,-0.6666666666666666,-0.49019607843137253,-0.2802197802197802,-0.7083333333333334,-0.43137254901960786,-0.5151515151515151,-0.8095238095238095,-0.2463768115942029,-0.6,-0.8360655737704918,-0.7843137254901961,-0.9411764705882353,-0.6666666666666666,-0.7727272727272727,-0.6470588235294118,-0.4358974358974359,-0.3137254901960784,-0.5151515151515151,-0.6144578313253012,0.0,-0.4811320754716981,-0.85,-0.6144578313253012,-0.8431372549019608,-0.3893129770992366,-0.7285714285714285,-0.53125,-0.6666666666666666,-0.45098039215686275,-0.7727272727272727,-0.7843137254901961
89,-0.848,-0.08490566037735849,-0.7735849056603774,-0.8773584905660378,-0.41509433962264153,-0.5754716981132075,-0.39622641509433965,-0.5660377358490566,-0.41509433962264153,-0.6886792452830188,-0.5094339622641509,-0.8617886178861789,-0.37735849056603776,-0.7830188679245284,-0.37735849056603776,-0.7924528301886793,-0.905982905982906,-0.6792452830188679,-0.7924528301886793,-0.6226415094339622,-0.5283018867924528,-0.8490566037735849,-0.10377358490566038,-0.8773584905660378,-0.3584905660377358,-0.37735849056603776,-0.8867924528301887,-0.4339622641509434,-0.2358490566037736,-0.16981132075471697,-0.02830188679245283,-0.44339622641509435,-0.7452830188679245,-0.5377358490566038,-0.3490566037735849,-0.5377358490566038,-0.7075471698113207,-0.2641509433962264,-0.8301886792452831,-0.6625,-0.9636363636363636,-0.33962264150943394,-0.5377358490566038,-0.46226415094339623,-0.8962264150943396,-0.4716981132075472,-0.4528301886792453,-0.905982905982906,-0.6320754716981132,-0.7924528301886793,-0.6037735849056604,-0.6037735849056604,-0.36792452830188677,-0.330188679245283,-0.803030303030303,-0.1509433962264151,-0.848,-0.8113207547169812,-0.3867924528301887,-0.3584905660377358,-0.1509433962264151,-0.5377358490566038,-0.9716981132075472,-0.5943396226415094,-0.3867924528301887,-0.6698113207547169,-0.7924528301886793,-0.1509433962264151,-0.20754716981132076,-0.32075471698113206,-0.2358490566037736,-0.5824175824175825,-0.6792452830188679,-0.20754716981132076,-0.9339622641509434,-0.5943396226415094,-0.5120772946859904,-0.8018867924528302,-0.5754716981132075,-0.37735849056603776,-0.4528301886792453,-0.32075471698113206,-0.6226415094339622,-0.3113207547169811,-0.905982905982906,-0.1509433962264151,-0.9339622641509434,-0.7830188679245284,-0.4811320754716981,0.0,-0.5660377358490566,-0.7830188679245284,-0.4056603773584906,-0.8091603053435115,-0.660377358490566,-0.9056603773584906,-0.32075471698113206,-0.2169811320754717,-0.6226415094339622,-0.37735849056603776
90,-0.48,-0.15,-0.7317073170731707,-0.6451612903225806,-0.7333333333333333,-0.9836065573770492,-0.7,-1.0,-0.7333333333333333,-0.821917808219178,-0.9,-0.4878048780487805,-0.6666666666666666,-0.7228915662650602,-0.6666666666666666,-0.7142857142857143,-0.5128205128205128,-0.8333333333333334,-0.7142857142857143,-0.9090909090909091,-0.9333333333333333,-0.6666666666666666,-0.18333333333333332,-0.6451612903225806,-0.6333333333333333,-0.6666666666666666,-0.6382978723404256,-0.7666666666666667,-0.4166666666666667,-0.3,-0.05,-0.7833333333333333,-0.759493670886076,-0.95,-0.6166666666666667,-0.95,-0.8,-0.4666666666666667,-0.6818181818181818,-0.375,-0.5454545454545454,-0.6,-0.95,-0.8166666666666667,-0.631578947368421,-0.8333333333333334,-0.8,-0.5128205128205128,-0.8955223880597015,-0.7142857142857143,-0.9375,-0.9375,-0.65,-0.5833333333333334,-0.45454545454545453,-0.26666666666666666,-0.48,-0.6976744186046512,-0.6833333333333333,-0.6333333333333333,-0.26666666666666666,-0.95,-0.5825242718446602,-0.9523809523809523,-0.6833333333333333,-0.8450704225352113,-0.7142857142857143,-0.26666666666666666,-0.36666666666666664,-0.5666666666666667,-0.4166666666666667,-0.32967032967032966,-0.8333333333333334,-0.36666666666666664,-0.6060606060606061,-0.9523809523809523,-0.2898550724637681,-0.7058823529411765,-0.9836065573770492,-0.6666666666666666,-0.8,-0.5666666666666667,-0.9090909090909091,-0.55,-0.5128205128205128,-0.26666666666666666,-0.6060606060606061,-0.7228915662650602,-0.85,-0.5660377358490566,0.0,-0.7228915662650602,-0.7166666666666667,-0.4580152671755725,-0.8571428571428571,-0.625,-0.5666666666666667,-0.38333333333333336,-0.9090909090909091,-0.6666666666666666
91,-0.664,-0.10843373493975904,-0.9879518072289156,-0.8924731182795699,-0.5301204819277109,-0.7349397590361446,-0.5060240963855421,-0.7228915662650602,-0.5301204819277109,-0.8795180722891566,-0.6506024096385542,-0.6747967479674797,-0.4819277108433735,-1.0,-0.4819277108433735,-0.9880952380952381,-0.7094017094017094,-0.8674698795180723,-0.9880952380952381,-0.7951807228915663,-0.6746987951807228,-0.9222222222222223,-0.13253012048192772,-0.8924731182795699,-0.4578313253012048,-0.4819277108433735,-0.8829787234042553,-0.5542168674698795,-0.30120481927710846,-0.21686746987951808,-0.03614457831325301,-0.5662650602409639,-0.9518072289156626,-0.6867469879518072,-0.4457831325301205,-0.6867469879518072,-0.9036144578313253,-0.3373493975903614,-0.9431818181818182,-0.51875,-0.7545454545454545,-0.43373493975903615,-0.6867469879518072,-0.5903614457831325,-0.8736842105263158,-0.6024096385542169,-0.5783132530120482,-0.7094017094017094,-0.8072289156626506,-0.9880952380952381,-0.7710843373493976,-0.7710843373493976,-0.46987951807228917,-0.42168674698795183,-0.6287878787878788,-0.1927710843373494,-0.664,-0.9651162790697675,-0.4939759036144578,-0.4578313253012048,-0.1927710843373494,-0.6867469879518072,-0.8058252427184466,-0.7590361445783133,-0.4939759036144578,-0.8554216867469879,-0.9880952380952381,-0.1927710843373494,-0.26506024096385544,-0.40963855421686746,-0.30120481927710846,-0.45604395604395603,-0.8674698795180723,-0.26506024096385544,-0.8383838383838383,-0.7590361445783133,-0.40096618357487923,-0.9764705882352941,-0.7349397590361446,-0.4819277108433735,-0.5783132530120482,-0.40963855421686746,-0.7951807228915663,-0.39759036144578314,-0.7094017094017094,-0.1927710843373494,-0.8383838383838383,-1.0,-0.6144578313253012,-0.7830188679245284,-0.7228915662650602,0.0,-0.5180722891566265,-0.6335877862595419,-0.8433734939759037,-0.8645833333333334,-0.40963855421686746,-0.27710843373493976,-0.7951807228915663,-0.4819277108433735
92,-0.344,-0.20930232558139536,-0.524390243902439,-0.46236559139784944,-0.9772727272727273,-0.7049180327868853,-0.9767441860465116,-0.7166666666666667,-0.9772727272727273,-0.589041095890411,-0.7962962962962963,-0.34959349593495936,-0.9302325581395349,-0.5180722891566265,-0.9302325581395349,-0.5119047619047619,-0.36752136752136755,-0.5972222222222222,-0.5119047619047619,-0.6515151515151515,-0.7678571428571429,-0.4777777777777778,-0.2558139534883721,-0.46236559139784944,-0.8837209302325582,-0.9302325581395349,-0.4574468085106383,-0.9347826086956522,-0.5813953488372093,-0.4186046511627907,-0.06976744186046512,-0.9148936170212766,-0.5443037974683544,-0.7543859649122807,-0.8604651162790697,-0.7543859649122807,-0.5733333333333334,-0.6511627906976745,-0.48863636363636365,-0.26875,-0.39090909090909093,-0.8372093023255814,-0.7543859649122807,-0.8775510204081632,-0.45263157894736844,-0.86,-0.8958333333333334,-0.36752136752136755,-0.6417910447761194,-0.5119047619047619,-0.671875,-0.671875,-0.9069767441860465,-0.813953488372093,-0.32575757575757575,-0.37209302325581395,-0.344,-0.5,-0.9534883720930233,-0.8837209302325582,-0.37209302325581395,-0.7543859649122807,-0.4174757281553398,-0.6825396825396826,-0.9534883720930233,-0.6056338028169014,-0.5119047619047619,-0.37209302325581395,-0.5116279069767442,-0.7906976744186046,-0.5813953488372093,-0.23626373626373626,-0.5972222222222222,-0.5116279069767442,-0.43434343434343436,-0.6825396825396826,-0.20772946859903382,-0.5058823529411764,-0.7049180327868853,-0.9302325581395349,-0.8958333333333334,-0.7906976744186046,-0.6515151515151515,-0.7674418604651163,-0.36752136752136755,-0.37209302325581395,-0.43434343434343436,-0.5180722891566265,-0.8431372549019608,-0.4056603773584906,-0.7166666666666667,-0.5180722891566265,0.0,-0.3282442748091603,-0.6142857142857143,-0.4479166666666667,-0.7906976744186046,-0.5348837209302325,-0.6515151515151515,-0.9302325581395349
93,-0.9541984732824428,-0.06870229007633588,-0.6259541984732825,-0.7099236641221374,-0.33587786259541985,-0.46564885496183206,-0.32061068702290074,-0.4580152671755725,-0.33587786259541985,-0.5572519083969466,-0.4122137404580153,-0.9389312977099237,-0.3053435114503817,-0.6335877862595419,-0.3053435114503817,-0.6412213740458015,-0.8931297709923665,-0.549618320610687,-0.6412213740458015,-0.5038167938931297,-0.42748091603053434,-0.6870229007633588,-0.08396946564885496,-0.7099236641221374,-0.2900763358778626,-0.3053435114503817,-0.7175572519083969,-0.3511450381679389,-0.19083969465648856,-0.13740458015267176,-0.022900763358778626,-0.35877862595419846,-0.6030534351145038,-0.4351145038167939,-0.2824427480916031,-0.4351145038167939,-0.5725190839694656,-0.21374045801526717,-0.6717557251908397,-0.81875,-0.8396946564885496,-0.2748091603053435,-0.4351145038167939,-0.37404580152671757,-0.7251908396946565,-0.3816793893129771,-0.366412213740458,-0.8931297709923665,-0.5114503816793893,-0.6412213740458015,-0.48854961832061067,-0.48854961832061067,-0.29770992366412213,-0.26717557251908397,-0.9924242424242424,-0.12213740458015267,-0.9541984732824428,-0.6564885496183206,-0.31297709923664124,-0.2900763358778626,-0.12213740458015267,-0.4351145038167939,-0.7862595419847328,-0.48091603053435117,-0.31297709923664124,-0.5419847328244275,-0.6412213740458015,-0.12213740458015267,-0.16793893129770993,-0.2595419847328244,-0.19083969465648856,-0.7197802197802198,-0.549618320610687,-0.16793893129770993,-0.7557251908396947,-0.48091603053435117,-0.6328502415458938,-0.648854961832061,-0.46564885496183206,-0.3053435114503817,-0.366412213740458,-0.2595419847328244,-0.5038167938931297,-0.25190839694656486,-0.8931297709923665,-0.12213740458015267,-0.7557251908396947,-0.6335877862595419,-0.3893129770992366,-0.8091603053435115,-0.4580152671755725,-0.6335877862595419,-0.3282442748091603,0.0,-0.5343511450381679,-0.732824427480916,-0.2595419847328244,-0.17557251908396945,-0.5038167938931297,-0.3053435114503817
94,-0.56,-0.12857142857142856,-0.8536585365853658,-0.7526881720430108,-0.6285714285714286,-0.8714285714285714,-0.6,-0.8571428571428571,-0.6285714285714286,-0.958904109589041,-0.7714285714285715,-0.5691056910569106,-0.5714285714285714,-0.8433734939759037,-0.5714285714285714,-0.8333333333333334,-0.5982905982905983,-0.9722222222222222,-0.8333333333333334,-0.9428571428571428,-0.8,-0.7777777777777778,-0.15714285714285714,-0.7526881720430108,-0.5428571428571428,-0.5714285714285714,-0.7446808510638298,-0.6571428571428571,-0.35714285714285715,-0.2571428571428571,-0.04285714285714286,-0.6714285714285714,-0.8860759493670886,-0.8142857142857143,-0.5285714285714286,-0.8142857142857143,-0.9333333333333333,-0.4,-0.7954545454545454,-0.4375,-0.6363636363636364,-0.5142857142857142,-0.8142857142857143,-0.7,-0.7368421052631579,-0.7142857142857143,-0.6857142857142857,-0.5982905982905983,-0.9571428571428572,-0.8333333333333334,-0.9142857142857143,-0.9142857142857143,-0.5571428571428572,-0.5,-0.5303030303030303,-0.22857142857142856,-0.56,-0.813953488372093,-0.5857142857142857,-0.5428571428571428,-0.22857142857142856,-0.8142857142857143,-0.6796116504854369,-0.9,-0.5857142857142857,-0.9859154929577465,-0.8333333333333334,-0.22857142857142856,-0.3142857142857143,-0.4857142857142857,-0.35714285714285715,-0.38461538461538464,-0.9722222222222222,-0.3142857142857143,-0.7070707070707071,-0.9,-0.33816425120772947,-0.8235294117647058,-0.8714285714285714,-0.5714285714285714,-0.6857142857142857,-0.4857142857142857,-0.9428571428571428,-0.4714285714285714,-0.5982905982905983,-0.22857142857142856,-0.7070707070707071,-0.8433734939759037,-0.7285714285714285,-0.660377358490566,-0.8571428571428571,-0.8433734939759037,-0.6142857142857143,-0.5343511450381679,0.0,-0.7291666666666666,-0.4857142857142857,-0.32857142857142857,-0.9428571428571428,-0.5714285714285714
95,-0.768,-0.09375,-0.8541666666666666,-0.96875,-0.4583333333333333,-0.6354166666666666,-0.4375,-0.625,-0.4583333333333333,-0.7604166666666666,-0.5625,-0.7804878048780488,-0.4166666666666667,-0.8645833333333334,-0.4166666666666667,-0.875,-0.8205128205128205,-0.75,-0.875,-0.6875,-0.5833333333333334,-0.9375,-0.11458333333333333,-0.96875,-0.3958333333333333,-0.4166666666666667,-0.9791666666666666,-0.4791666666666667,-0.2604166666666667,-0.1875,-0.03125,-0.4895833333333333,-0.8229166666666666,-0.59375,-0.3854166666666667,-0.59375,-0.78125,-0.2916666666666667,-0.9166666666666666,-0.6,-0.8727272727272727,-0.375,-0.59375,-0.5104166666666666,-0.9895833333333334,-0.5208333333333334,-0.5,-0.8205128205128205,-0.6979166666666666,-0.875,-0.6666666666666666,-0.6666666666666666,-0.40625,-0.3645833333333333,-0.7272727272727273,-0.16666666666666666,-0.768,-0.8958333333333334,-0.4270833333333333,-0.3958333333333333,-0.16666666666666666,-0.59375,-0.9320388349514563,-0.65625,-0.4270833333333333,-0.7395833333333334,-0.875,-0.16666666666666666,-0.22916666666666666,-0.3541666666666667,-0.2604166666666667,-0.5274725274725275,-0.75,-0.22916666666666666,-0.9696969696969697,-0.65625,-0.463768115942029,-0.8854166666666666,-0.6354166666666666,-0.4166666666666667,-0.5,-0.3541666666666667,-0.6875,-0.34375,-0.8205128205128205,-0.16666666666666666,-0.9696969696969697,-0.8645833333333334,-0.53125,-0.9056603773584906,-0.625,-0.8645833333333334,-0.4479166666666667,-0.732824427480916,-0.7291666666666666,0.0,-0.3541666666666667,-0.23958333333333334,-0.6875,-0.4166666666666667
96,-0.272,-0.2647058823529412,-0.4146341463414634,-0.3655913978494624,-0.7727272727272727,-0.5573770491803278,-0.8095238095238095,-0.5666666666666667,-0.7727272727272727,-0.4657534246575342,-0.6296296296296297,-0.2764227642276423,-0.85,-0.40963855421686746,-0.85,-0.40476190476190477,-0.2905982905982906,-0.4722222222222222,-0.40476190476190477,-0.5151515151515151,-0.6071428571428571,-0.37777777777777777,-0.3235294117647059,-0.3655913978494624,-0.8947368421052632,-0.85,-0.3617021276595745,-0.7391304347826086,-0.7352941176470589,-0.5294117647058824,-0.08823529411764706,-0.723404255319149,-0.43037974683544306,-0.5964912280701754,-0.918918918918919,-0.5964912280701754,-0.4533333333333333,-0.8235294117647058,-0.38636363636363635,-0.2125,-0.3090909090909091,-0.9444444444444444,-0.5964912280701754,-0.6938775510204082,-0.35789473684210527,-0.68,-0.7083333333333334,-0.2905982905982906,-0.5074626865671642,-0.40476190476190477,-0.53125,-0.53125,-0.8717948717948718,-0.9714285714285714,-0.25757575757575757,-0.47058823529411764,-0.272,-0.3953488372093023,-0.8292682926829268,-0.8947368421052632,-0.47058823529411764,-0.5964912280701754,-0.3300970873786408,-0.5396825396825397,-0.8292682926829268,-0.4788732394366197,-0.40476190476190477,-0.47058823529411764,-0.6470588235294118,-1.0,-0.7352941176470589,-0.18681318681318682,-0.4722222222222222,-0.6470588235294118,-0.3434343434343434,-0.5396825396825397,-0.1642512077294686,-0.4,-0.5573770491803278,-0.85,-0.7083333333333334,-1.0,-0.5151515151515151,-0.9705882352941176,-0.2905982905982906,-0.47058823529411764,-0.3434343434343434,-0.40963855421686746,-0.6666666666666666,-0.32075471698113206,-0.5666666666666667,-0.40963855421686746,-0.7906976744186046,-0.2595419847328244,-0.4857142857142857,-0.3541666666666667,0.0,-0.6764705882352942,-0.5151515151515151,-0.85
97,-0.184,-0.391304347826087,-0.2804878048780488,-0.24731182795698925,-0.5227272727272727,-0.3770491803278688,-0.5476190476190477,-0.38333333333333336,-0.5227272727272727,-0.3150684931506849,-0.42592592592592593,-0.18699186991869918,-0.575,-0.27710843373493976,-0.575,-0.27380952380952384,-0.19658119658119658,-0.3194444444444444,-0.27380952380952384,-0.3484848484848485,-0.4107142857142857,-0.25555555555555554,-0.4782608695652174,-0.24731182795698925,-0.6052631578947368,-0.575,-0.24468085106382978,-0.5,-0.92,-0.782608695652174,-0.13043478260869565,-0.48936170212765956,-0.2911392405063291,-0.40350877192982454,-0.6216216216216216,-0.40350877192982454,-0.30666666666666664,-0.8214285714285714,-0.26136363636363635,-0.14375,-0.20909090909090908,-0.6388888888888888,-0.40350877192982454,-0.46938775510204084,-0.24210526315789474,-0.46,-0.4791666666666667,-0.19658119658119658,-0.34328358208955223,-0.27380952380952384,-0.359375,-0.359375,-0.5897435897435898,-0.6571428571428571,-0.17424242424242425,-0.6956521739130435,-0.184,-0.26744186046511625,-0.5609756097560976,-0.6052631578947368,-0.6956521739130435,-0.40350877192982454,-0.22330097087378642,-0.36507936507936506,-0.5609756097560976,-0.323943661971831,-0.27380952380952384,-0.6956521739130435,-0.9565217391304348,-0.6764705882352942,-0.92,-0.12637362637362637,-0.3194444444444444,-0.9565217391304348,-0.23232323232323232,-0.36507936507936506,-0.1111111111111111,-0.27058823529411763,-0.3770491803278688,-0.575,-0.4791666666666667,-0.6764705882352942,-0.3484848484848485,-0.696969696969697,-0.19658119658119658,-0.6956521739130435,-0.23232323232323232,-0.27710843373493976,-0.45098039215686275,-0.2169811320754717,-0.38333333333333336,-0.27710843373493976,-0.5348837209302325,-0.17557251908396945,-0.32857142857142857,-0.23958333333333334,-0.6764705882352942,0.0,-0.3484848484848485,-0.575
98,-0.528,-0.13636363636363635,-0.8048780487804879,-0.7096774193548387,-0.6666666666666666,-0.9242424242424242,-0.6363636363636364,-0.9090909090909091,-0.6666666666666666,-0.9041095890410958,-0.8181818181818182,-0.5365853658536586,-0.6060606060606061,-0.7951807228915663,-0.6060606060606061,-0.7857142857142857,-0.5641025641025641,-0.9166666666666666,-0.7857142857142857,-1.0,-0.8484848484848485,-0.7333333333333333,-0.16666666666666666,-0.7096774193548387,-0.5757575757575758,-0.6060606060606061,-0.7021276595744681,-0.696969696969697,-0.3787878787878788,-0.2727272727272727,-0.045454545454545456,-0.7121212121212122,-0.8354430379746836,-0.8636363636363636,-0.5606060606060606,-0.8636363636363636,-0.88,-0.42424242424242425,-0.75,-0.4125,-0.6,-0.5454545454545454,-0.8636363636363636,-0.7424242424242424,-0.6947368421052632,-0.7575757575757576,-0.7272727272727273,-0.5641025641025641,-0.9850746268656716,-0.7857142857142857,-0.9696969696969697,-0.9696969696969697,-0.5909090909090909,-0.5303030303030303,-0.5,-0.24242424242424243,-0.528,-0.7674418604651163,-0.6212121212121212,-0.5757575757575758,-0.24242424242424243,-0.8636363636363636,-0.6407766990291263,-0.9545454545454546,-0.6212121212121212,-0.9295774647887324,-0.7857142857142857,-0.24242424242424243,-0.3333333333333333,-0.5151515151515151,-0.3787878787878788,-0.3626373626373626,-0.9166666666666666,-0.3333333333333333,-0.6666666666666666,-0.9545454545454546,-0.3188405797101449,-0.7764705882352941,-0.9242424242424242,-0.6060606060606061,-0.7272727272727273,-0.5151515151515151,-1.0,-0.5,-0.5641025641025641,-0.24242424242424243,-0.6666666666666666,-0.7951807228915663,-0.7727272727272727,-0.6226415094339622,-0.9090909090909091,-0.7951807228915663,-0.6515151515151515,-0.5038167938931297,-0.9428571428571428,-0.6875,-0.5151515151515151,-0.3484848484848485,0.0,-0.6060606060606061
99,-0.32,-0.225,-0.4878048780487805,-0.43010752688172044,-0.9090909090909091,-0.6557377049180327,-0.9523809523809523,-0.6666666666666666,-0.9090909090909091,-0.547945205479452,-0.7407407407407407,-0.3252032520325203,-1.0,-0.4819277108433735,-1.0,-0.47619047619047616,-0.3418803418803419,-0.5555555555555556,-0.47619047619047616,-0.6060606060606061,-0.7142857142857143,-0.4444444444444444,-0.275,-0.43010752688172044,-0.95,-1.0,-0.425531914893617,-0.8695652173913043,-0.625,-0.45,-0.075,-0.851063829787234,-0.5063291139240507,-0.7017543859649122,-0.925,-0.7017543859649122,-0.5333333333333333,-0.7,-0.45454545454545453,-0.25,-0.36363636363636365,-0.9,-0.7017543859649122,-0.8163265306122449,-0.42105263157894735,-0.8,-0.8333333333333334,-0.3418803418803419,-0.5970149253731343,-0.47619047619047616,-0.625,-0.625,-0.975,-0.875,-0.30303030303030304,-0.4,-0.32,-0.46511627906976744,-0.975609756097561,-0.95,-0.4,-0.7017543859649122,-0.3883495145631068,-0.6349206349206349,-0.975609756097561,-0.5633802816901409,-0.47619047619047616,-0.4,-0.55,-0.85,-0.625,-0.21978021978021978,-0.5555555555555556,-0.55,-0.40404040404040403,-0.6349206349206349,-0.1932367149758454,-0.47058823529411764,-0.6557377049180327,-1.0,-0.8333333333333334,-0.85,-0.6060606060606061,-0.825,-0.3418803418803419,-0.4,-0.40404040404040403,-0.4819277108433735,-0.7843137254901961,-0.37735849056603776,-0.6666666666666666,-0.4819277108433735,-0.9302325581395349,-0.3053435114503817,-0.5714285714285714,-0.4166666666666667,-0.85,-0.575,-0.6060606060606061,0.0
