#0:
>0:152,29;
#1:
>0:146,22;146,23;146,24;166,24;166,25;166,26;
#2:
>0:89,0;88,0;88,1;
#3:
>0:108,0;128,0;108,1;109,1;109,2;109,3;
#4:
>0:124,0;123,0;122,1;121,1;121,2;120,2;
#5:
>0:247,0;247,1;247,2;
#6:
>0:107,32;107,33;108,33;108,34;107,34;127,34;128,35;127,35;128,35;148,35;148,36;168,36;168,37;168,38;
#7:
>0:146,21;146,22;147,22;147,23;148,23;149,24;149,25;150,25;130,25;130,26;130,27;
#8:
>0:112,37;132,37;132,38;151,38;152,38;172,39;171,39;170,39;190,40;189,40;188,41;187,41;186,41;186,42;206,42;225,43;245,43;245,44;265,44;285,44;
#9:
>0:148,17;148,18;148,19;147,19;147,20;128,20;127,20;127,21;107,22;107,23;107,24;
#10:
>0:127,0;127,1;127,2;
#11:
>0:107,17;108,17;107,18;106,18;125,19;125,20;124,20;123,21;144,21;144,22;144,23;
#12:
>0:124,0;125,0;125,1;125,2;105,2;106,2;106,3;107,3;107,4;107,5;127,5;127,6;128,6;
#13:
>0:167,33;167,34;166,34;166,35;165,35;165,36;164,36;164,37;163,37;182,38;181,38;201,38;200,39;
#14:
>0:153,50;153,51;153,52;172,52;172,53;171,53;171,54;170,54;190,54;189,54;189,55;188,55;187,55;187,56;186,56;186,57;166,57;165,58;165,59;165,60;
#15:
>0:134,46;134,47;133,47;134,47;134,48;153,48;153,49;173,49;172,49;172,50;171,51;170,51;170,52;
#16:
>0:208,43;208,44;208,45;
#17:
>0:130,1;130,2;129,2;129,3;129,4;128,5;108,6;107,6;107,7;107,8;87,8;87,9;
#18:
>0:189,22;189,23;169,23;170,24;169,24;170,24;170,25;170,26;
#19:
>0:168,22;168,23;148,24;148,25;148,26;
#20:
>0:174,0;173,0;173,1;173,2;172,2;172,3;171,3;170,3;190,4;189,4;188,4;187,5;186,5;185,5;185,6;184,6;163,6;162,7;142,7;142,8;142,9;143,9;143,10;143,11;
#21:
>0:109,27;128,28;128,29;108,29;107,29;107,30;107,31;
#22:
>0:143,21;143,22;142,22;142,23;162,23;142,24;122,24;123,25;103,25;103,26;104,26;104,27;105,27;105,28;86,28;86,29;
#23:
>0:150,26;150,27;149,28;148,28;148,29;147,29;147,30;167,30;166,30;166,31;166,32;165,32;165,33;164,33;164,34;144,34;143,35;143,36;143,37;
#24:
>0:205,55;205,56;206,56;205,56;185,57;185,58;205,58;204,59;203,59;203,60;202,60;202,61;201,61;201,62;201,63;200,64;
#25:
>0:108,26;108,27;108,28;
#26:
>0:163,51;163,52;163,53;184,53;185,53;186,54;187,54;188,54;188,55;188,56;187,56;186,56;185,56;184,57;163,57;164,57;185,57;186,57;187,57;188,57;188,58;188,59;
#27:
>0:106,28;106,29;107,30;107,31;127,31;128,32;108,32;108,33;109,33;128,34;128,35;
#28:
>0:131,7;131,8;111,8;111,9;112,9;112,10;132,10;131,11;151,11;152,11;172,11;171,12;170,12;190,12;190,13;210,13;230,13;230,14;250,14;251,14;251,15;250,15;249,16;268,16;267,16;266,17;265,17;284,17;264,17;263,18;262,18;261,18;281,19;
#29:
>0:122,3;122,4;123,5;124,5;124,6;125,6;125,7;106,8;106,9;107,9;107,10;
#30:
>0:160,46;160,47;161,47;141,48;141,49;140,49;141,50;141,51;121,51;121,52;122,52;122,53;123,53;123,54;124,54;124,55;125,55;125,56;125,57;
#31:
>0:161,42;161,43;181,43;181,44;180,44;180,45;181,45;201,45;201,46;200,46;
#32:
>0:150,29;150,30;150,31;130,31;130,32;129,32;129,33;109,33;129,33;130,33;150,34;130,34;130,35;131,35;131,36;
#33:
>0:162,48;162,49;141,49;142,49;142,50;142,51;143,51;143,52;143,53;123,53;
#34:
>0:140,7;140,8;141,8;142,8;142,9;142,10;162,10;163,10;184,11;185,11;186,11;186,12;187,12;188,12;188,13;188,14;
#35:
>0:180,1;180,2;181,2;181,3;182,4;162,4;163,4;163,5;184,5;185,6;186,6;187,6;187,7;167,8;168,8;167,8;167,9;
#36:
>0:163,0;184,0;185,1;186,1;187,1;188,2;189,2;190,2;170,3;171,3;152,3;152,4;151,4;132,4;131,4;132,5;132,6;131,6;131,7;
#37:
>0:185,46;185,47;165,48;165,49;165,50;
#38:
>0:166,43;166,44;186,44;186,45;187,45;187,46;187,47;188,47;208,47;208,48;188,48;189,48;189,49;209,49;209,50;208,50;209,51;209,52;
#39:
>0:185,1;205,1;205,2;205,3;206,3;207,4;207,5;208,5;208,6;209,6;209,7;
#40:
>0:107,42;108,43;107,44;106,45;125,45;125,46;125,47;
#41:
>0:107,16;107,17;108,17;107,18;107,19;107,20;
#42:
>0:131,12;131,13;130,13;130,14;150,14;150,15;
#43:
>0:87,68;87,69;106,69;106,70;105,70;105,71;104,71;105,71;105,72;106,72;106,73;106,74;
#44:
>0:125,0;124,1;123,1;123,2;122,2;142,2;142,3;162,3;163,3;163,4;182,4;182,5;181,5;201,5;200,5;
#45:
>0:150,13;170,14;169,14;149,14;149,15;149,16;150,16;130,16;130,17;130,18;131,18;131,19;
#46:
>0:143,53;143,54;142,54;142,55;141,55;141,56;160,56;
#47:
>0:164,50;164,51;163,51;163,52;162,52;161,53;160,54;
#48:
>0:147,53;147,54;147,55;167,56;187,57;187,58;187,59;
#49:
>0:291,74;271,74;251,75;250,75;230,75;210,76;190,76;190,77;170,77;
#50:
>0:142,0;141,0;141,1;140,1;
#51:
>0:108,17;108,18;108,19;
#52:
>0:209,59;209,60;209,61;189,61;189,62;188,62;188,63;187,64;186,64;185,64;185,65;184,65;163,65;163,66;182,66;181,67;201,67;200,67;
#53:
>0:150,79;150,80;130,80;129,81;129,82;129,83;
#54:
>0:130,0;150,0;150,1;171,1;172,1;171,2;170,2;190,2;190,3;210,3;230,3;250,4;251,4;250,5;249,5;248,5;268,6;267,6;266,6;265,6;246,6;226,6;206,6;187,6;167,6;147,6;128,6;108,7;88,7;108,7;127,7;146,7;166,7;185,7;205,7;224,7;244,7;263,7;262,7;262,8;261,8;281,8;
#55:
>0:211,0;211,1;211,2;
#56:
>0:108,31;108,32;107,33;107,34;106,34;125,34;125,35;125,36;
#57:
>0:208,36;208,37;188,38;188,39;188,40;168,40;167,40;167,41;167,42;
#58:
>0:107,36;87,36;107,37;87,37;88,38;87,38;87,39;86,39;66,40;66,41;65,41;65,42;65,43;
#59:
>0:160,52;160,53;181,54;181,55;182,56;182,57;
#60:
>0:108,55;108,56;107,57;106,57;106,58;
#61:
>0:143,61;144,62;144,63;145,63;145,64;145,65;125,65;126,65;146,66;
#62:
>0:147,70;147,71;127,71;127,72;146,72;126,72;126,73;126,74;
#63:
>0:145,36;145,37;165,37;165,38;164,38;164,39;163,40;182,40;181,41;201,41;200,41;
#64:
>0:181,23;181,24;182,24;182,25;162,25;163,25;163,26;164,26;144,27;
#65:
>0:153,14;153,15;153,16;
#66:
>0:122,12;122,13;122,14;123,14;143,15;144,15;144,16;145,16;
#67:
>0:182,22;182,23;202,23;
#68:
>0:107,41;107,42;108,42;108,43;128,43;108,43;108,44;108,45;
#69:
>0:127,73;127,74;107,74;106,75;106,76;105,76;125,76;125,77;125,78;124,78;124,79;123,79;123,80;122,80;122,81;122,82;121,82;121,83;120,83;120,84;
#70:
>0:150,40;150,41;149,41;149,42;150,42;150,43;149,43;149,44;148,44;148,45;168,45;168,46;188,46;188,47;187,47;186,47;186,48;206,48;206,49;205,49;205,50;204,50;203,51;202,51;202,52;202,53;
#71:
>0:127,69;127,70;127,71;146,71;146,72;145,72;145,73;
#72:
>0:150,70;150,71;149,71;149,72;148,72;148,73;147,73;147,74;167,75;166,75;166,76;146,76;146,77;146,78;145,78;
#73:
>0:129,39;129,40;129,41;109,41;109,42;108,42;108,43;109,43;109,44;89,44;89,45;88,45;88,46;
#74:
>0:87,62;107,62;107,63;107,64;108,64;108,65;108,66;109,66;109,67;109,68;
#75:
>0:165,17;165,18;165,19;145,19;146,20;146,21;145,21;145,22;125,22;146,22;126,22;126,23;127,23;127,24;127,25;
#76:
>0:188,75;188,76;187,77;187,78;187,79;
#77:
>0:129,81;129,82;129,83;
#78:
>0:127,22;107,22;107,23;107,24;
#79:
>0:107,85;87,85;107,85;107,86;107,87;
#80:
>0:68,41;68,42;48,43;47,43;46,44;46,45;66,45;67,45;67,46;
#81:
>0:152,29;132,30;112,31;92,31;91,32;71,32;70,32;69,32;69,33;68,33;69,33;68,34;
#82:
>0:165,46;165,47;165,48;
#83:
>0:167,33;167,34;167,35;166,35;165,36;165,37;164,37;164,38;144,38;143,38;143,39;142,40;141,40;141,41;141,42;140,42;
#84:
>0:107,30;107,31;87,31;106,31;106,32;105,32;105,33;104,33;104,34;104,35;
#85:
>0:131,19;131,20;130,20;130,21;130,22;
#86:
>0:187,0;186,0;185,0;184,1;163,1;162,1;182,2;181,2;201,2;201,3;180,3;
#87:
>0:112,60;132,61;151,62;152,62;151,62;151,63;150,63;150,64;150,65;
#88:
>0:127,36;127,37;147,37;147,38;148,38;148,39;168,39;188,40;189,40;190,40;170,41;171,41;171,42;191,42;191,43;212,43;213,44;214,44;214,45;214,46;234,46;234,47;234,48;
#89:
>0:143,17;143,18;143,19;164,19;163,20;184,21;185,21;186,21;187,22;188,22;189,22;190,23;170,23;171,23;171,24;
#90:
>0:209,60;209,61;209,62;208,62;208,63;188,63;188,64;187,64;187,65;187,66;186,66;166,67;166,68;166,69;
#91:
>0:127,61;127,62;127,63;
#92:
>0:146,25;146,26;145,26;145,27;124,27;124,28;123,28;123,29;122,29;123,29;103,29;103,30;104,31;84,31;85,31;85,32;65,32;65,33;46,33;45,33;46,33;46,34;66,34;66,35;66,36;
#93:
>0:107,97;107,98;108,99;108,100;107,100;107,101;106,101;106,102;106,103;
#94:
>0:130,0;130,1;150,1;150,2;170,3;171,3;171,4;170,4;190,4;189,5;188,5;187,5;186,6;185,6;184,6;163,7;162,7;182,7;181,8;201,8;200,8;
#95:
>0:108,43;108,44;108,45;107,45;127,46;128,47;127,47;128,47;148,47;148,48;148,49;
#96:
>0:140,14;141,15;142,16;162,17;163,17;184,17;185,18;186,18;187,18;187,19;188,19;189,19;190,20;171,20;172,20;152,21;151,21;131,21;132,21;132,22;132,23;131,23;131,24;111,24;111,25;131,25;131,26;
#97:
>0:184,0;183,0;163,0;182,1;181,1;201,1;200,2;
#98:
>0:187,0;187,1;188,1;189,2;190,2;190,3;210,3;230,3;230,4;250,4;251,4;251,5;250,5;249,5;249,6;268,6;268,7;288,7;288,8;
#99:
>0:129,51;129,52;109,52;129,53;129,54;149,55;149,56;149,57;169,57;169,58;169,59;168,59;168,60;188,60;188,61;
#100:
>0:125,48;125,49;124,50;123,51;122,51;122,52;122,53;121,53;121,54;120,54;
#101:
>0:108,54;108,55;108,56;128,56;128,57;128,58;
#102:
>0:145,55;145,56;165,56;165,57;146,58;147,59;148,59;148,60;149,61;169,61;169,62;169,63;170,63;170,64;170,65;
#103:
>0:208,66;188,67;189,67;189,68;209,68;209,69;209,70;229,70;229,71;229,72;
#104:
>0:107,101;107,102;108,102;108,103;107,104;106,104;106,105;
#105:
>0:160,80;160,81;
#106:
>0:122,13;122,14;122,15;142,15;142,16;162,16;163,16;163,17;162,17;182,17;181,18;200,18;
#107:
>0:142,12;142,13;162,13;163,13;163,14;184,14;185,14;186,14;186,15;187,15;188,15;189,16;190,16;170,16;171,16;171,17;172,17;172,18;152,18;152,19;151,19;151,20;151,21;
#108:
>0:107,30;108,31;107,32;127,32;127,33;128,33;127,33;127,34;128,34;148,34;148,35;168,35;168,36;188,36;189,36;190,37;210,37;230,38;250,38;251,38;251,39;250,39;249,39;268,40;267,40;266,40;285,41;284,41;263,41;262,42;261,42;
#109:
>0:107,31;106,32;106,33;106,34;
#110:
>0:128,70;
#111:
>0:211,42;212,42;212,43;212,44;
#112:
>0:134,16;134,17;133,17;133,18;132,18;112,19;112,20;111,20;111,21;131,21;
#113:
>0:145,85;145,86;145,87;
#114:
>0:113,53;113,54;133,54;133,55;133,56;
#115:
>0:152,6;152,7;151,7;152,7;152,8;172,8;171,8;171,9;190,9;189,9;189,10;188,10;187,10;186,11;185,11;184,11;163,12;162,12;142,12;142,13;122,13;123,13;123,14;124,14;124,15;124,16;
#116:
>0:106,45;126,46;126,47;126,48;
#117:
>0:87,63;107,63;107,64;107,65;
#118:
>0:107,68;107,69;107,70;
#119:
>0:106,89;106,90;126,90;106,90;126,90;126,91;126,92;
#120:
>0:131,30;131,31;130,31;130,32;130,33;129,33;129,34;129,35;
#121:
>0:181,59;181,60;181,61;182,61;162,62;163,62;163,63;184,63;185,63;185,64;186,64;187,64;187,65;187,66;186,66;186,67;
#122:
>0:147,104;147,105;147,106;
#123:
>0:211,66;212,66;191,67;191,68;171,68;170,69;190,69;189,70;
#124:
>0:171,36;171,37;151,37;152,38;151,38;152,38;132,39;131,39;132,39;132,40;112,40;112,41;113,41;114,42;115,43;115,44;115,45;
#125:
>0:128,18;128,19;148,19;148,20;168,20;188,21;188,22;187,22;186,22;186,23;206,23;225,24;245,24;245,25;265,25;266,25;266,26;265,26;285,27;284,27;263,27;262,28;261,28;281,28;
#126:
>0:167,46;167,47;167,48;168,48;148,49;148,50;149,50;149,51;150,51;130,52;130,53;130,54;131,54;131,55;
#127:
>0:108,25;108,26;108,27;
#128:
>0:152,41;151,41;152,42;171,42;171,43;170,44;150,44;149,45;148,46;148,47;148,48;
#129:
>0:143,33;163,34;164,34;164,35;163,35;163,36;162,36;182,36;181,36;201,37;200,37;
#130:
>0:162,42;162,43;163,43;163,44;163,45;184,45;185,46;186,46;187,46;187,47;188,47;189,47;190,48;210,48;230,49;250,49;251,50;252,50;253,50;274,51;275,51;276,51;276,52;277,52;278,52;279,52;
#131:
>0:129,61;129,62;129,63;128,63;128,64;128,65;127,65;128,65;128,66;148,66;148,67;168,67;168,68;188,68;188,69;188,70;187,70;186,71;185,71;184,72;183,72;163,72;163,73;162,73;182,73;181,74;201,74;181,74;180,75;
#132:
>0:122,69;121,69;121,70;121,71;101,71;102,71;102,72;103,72;103,73;104,73;104,74;105,74;105,75;106,75;106,76;86,76;87,76;107,77;107,78;107,79;
#133:
>0:108,73;108,74;128,74;128,75;128,76;
#134:
>0:108,75;108,76;108,77;
#135:
>0:148,33;148,34;168,34;168,35;168,36;188,36;188,37;187,37;187,38;186,38;185,38;184,39;163,39;162,40;142,40;142,41;141,41;141,42;160,42;
#136:
>0:145,87;145,88;165,89;165,90;164,90;164,91;164,92;163,92;163,93;162,93;182,93;181,93;201,94;200,94;
#137:
>0:143,39;163,40;164,40;163,40;163,41;182,41;181,42;201,42;200,42;
#138:
>0:150,66;150,67;171,68;171,69;170,69;190,70;189,70;188,70;188,71;188,72;208,72;208,73;208,74;
#139:
>0:129,67;129,68;129,69;
#140:
>0:148,86;148,87;127,87;128,87;127,87;127,88;107,88;106,89;105,89;125,89;125,90;125,91;124,92;124,93;
#141:
>0:160,98;140,99;141,99;141,100;142,100;142,101;122,101;122,102;123,102;124,103;124,104;124,105;
#142:
>0:131,84;131,85;111,85;111,86;111,87;
#143:
>0:148,80;148,81;128,81;128,82;128,83;127,83;127,84;107,85;107,86;107,87;108,87;108,88;108,89;109,89;
#144:
>0:141,32;141,33;141,34;140,34;
#145:
>0:145,91;145,92;145,93;
#146:
>0:185,57;165,58;165,59;165,60;
#147:
>0:186,57;186,58;187,58;187,59;186,60;185,60;184,61;163,61;163,62;182,62;181,62;201,63;200,63;
#148:
>0:150,110;130,111;130,112;130,113;
#149:
>0:202,81;182,81;183,82;163,83;164,83;164,84;163,85;163,86;184,86;184,87;185,87;186,87;187,88;188,88;189,88;190,89;170,89;171,89;172,90;152,90;151,90;132,90;132,91;132,92;131,92;131,93;
#150:
>0:180,75;181,75;201,76;181,76;182,76;182,77;162,77;163,77;163,78;163,79;164,79;164,80;144,80;145,81;145,82;145,83;
#151:
>0:148,42;148,43;148,44;147,44;147,45;167,45;166,45;166,46;165,46;165,47;164,47;164,48;163,48;163,49;
#152:
>0:128,60;128,61;127,61;127,62;128,62;127,62;127,63;107,63;107,64;107,65;
#153:
>0:131,79;131,80;111,80;111,81;112,81;112,82;132,82;132,83;151,83;152,83;152,84;172,84;171,84;171,85;171,86;170,86;190,86;189,87;188,87;188,88;188,89;189,89;189,90;189,91;190,91;171,91;170,92;189,92;189,93;209,93;209,94;208,94;208,95;209,95;
#154:
>0:167,59;167,60;166,60;166,61;146,61;146,62;146,63;
#155:
>0:108,87;108,88;108,89;
#156:
>0:107,69;107,70;87,70;87,71;106,72;105,72;105,73;104,73;105,74;106,75;106,76;
#157:
>0:205,61;205,62;205,63;
#158:
>0:152,87;151,88;151,89;150,89;150,90;130,90;130,91;130,92;
#159:
>0:271,0;291,0;292,1;
#160:
>0:150,108;150,109;150,110;
#161:
>0:100,91;100,92;101,92;101,93;102,93;102,94;122,94;102,94;103,94;123,95;103,95;104,95;104,96;105,96;106,97;106,98;86,99;87,99;87,100;107,100;107,101;107,102;
#162:
>0:145,80;145,81;125,81;125,82;125,83;
#163:
>0:185,103;185,104;186,104;186,105;187,105;187,106;188,106;188,107;189,107;190,108;170,108;171,108;152,109;151,109;132,109;132,110;132,111;131,111;131,112;111,112;111,113;111,114;
#164:
>0:188,68;188,69;188,70;168,70;167,70;167,71;167,72;147,73;
#165:
>0:207,81;207,82;207,83;
#166:
>0:127,12;128,13;148,13;168,13;168,14;169,15;170,16;170,17;191,17;191,18;211,18;211,19;211,20;
#167:
>0:140,96;141,97;142,98;142,99;142,100;
#168:
>0:162,82;162,83;161,84;181,84;181,85;180,85;180,86;180,87;181,87;200,87;200,88;
#169:
>0:111,111;131,111;131,112;130,112;130,113;130,114;129,115;129,116;130,117;
#170:
>0:295,72;295,73;295,74;
#171:
>0:145,52;145,53;145,54;125,54;146,55;126,55;127,55;127,56;127,57;147,57;148,57;148,58;168,58;188,59;187,59;168,59;188,59;188,60;189,61;189,62;209,62;209,63;
#172:
>0:108,83;108,84;108,85;
#173:
>0:209,95;209,96;209,97;
#174:
>0:107,74;108,74;108,75;107,75;107,76;107,77;
#175:
>0:162,81;163,81;183,82;182,83;202,83;202,84;202,85;222,86;222,87;222,88;242,88;243,88;243,89;
#176:
>0:162,37;162,38;163,38;163,39;163,40;164,40;144,41;145,41;145,42;145,43;125,43;125,44;105,45;125,45;105,45;106,45;106,46;
#177:
>0:107,96;108,97;108,98;107,99;106,100;
#178:
>0:106,46;106,47;126,47;126,48;126,49;
#179:
>0:108,109;108,110;108,111;
#180:
>0:160,72;180,72;160,72;160,73;180,74;
#181:
>0:122,27;122,28;122,29;
#182:
>0:107,101;108,102;107,103;107,104;106,104;105,105;125,105;125,106;125,107;
#183:
>0:131,86;111,86;111,87;111,88;112,89;112,90;132,90;131,90;151,91;152,91;152,92;172,92;172,93;171,93;171,94;170,94;190,95;189,95;188,95;188,96;188,97;
#184:
>0:160,64;160,65;160,66;161,66;161,67;161,68;162,68;162,69;163,69;163,70;163,71;184,71;185,71;186,72;187,72;188,72;188,73;189,73;190,73;170,73;171,74;172,74;152,74;151,75;132,75;132,76;132,77;
#185:
>0:129,85;109,86;129,86;128,86;128,87;128,88;108,88;108,89;107,89;106,90;105,91;125,91;125,92;126,92;126,93;126,94;
#186:
>0:107,99;107,100;87,100;106,101;105,102;104,102;104,103;104,104;124,104;125,104;125,105;125,106;145,106;145,107;145,108;
#187:
>0:100,58;101,58;101,59;102,59;102,60;103,60;103,61;104,61;104,62;124,62;125,62;125,63;125,64;
#188:
>0:128,99;128,100;127,100;127,101;107,101;107,102;107,103;106,103;106,104;
#189:
>0:152,94;151,94;152,95;171,95;172,95;172,96;171,97;171,98;170,98;190,98;189,99;188,99;188,100;187,100;186,101;206,101;206,102;205,102;205,103;204,104;204,105;224,105;224,106;224,107;
#190:
>0:107,100;108,101;108,102;107,103;106,103;126,104;126,105;126,106;
#191:
>0:106,104;106,105;87,105;107,105;126,105;146,105;146,106;126,106;107,106;87,106;107,106;107,107;106,107;106,108;107,108;107,109;107,110;106,110;106,111;
#192:
>0:131,98;131,99;131,100;130,100;130,101;130,102;
#193:
>0:167,22;167,23;147,23;147,24;148,24;147,24;148,25;127,25;128,25;127,25;127,26;107,26;107,27;107,28;108,28;108,29;109,30;89,30;69,31;69,32;49,32;49,33;48,33;48,34;48,35;
#194:
>0:148,83;148,84;149,84;149,85;149,86;
#195:
>0:123,82;144,83;144,84;145,84;145,85;145,86;
#196:
>0:145,103;145,104;145,105;
#197:
>0:260,25;261,26;262,26;281,26;
#198:
>0:106,82;106,83;106,84;
#199:
>0:148,93;148,94;147,95;127,95;127,96;107,96;107,97;106,97;
#200:
>0:107,114;108,115;108,116;107,117;107,118;107,119;
#201:
>0:187,68;187,69;187,70;186,70;185,70;185,71;184,71;163,71;163,72;162,72;142,72;142,73;122,73;122,74;122,75;123,75;123,76;123,77;
#202:
>0:209,45;209,46;189,46;189,47;188,47;188,48;188,49;
#203:
>0:171,66;151,66;171,67;171,68;170,68;150,69;149,69;149,70;148,70;148,71;
#204:
>0:146,99;146,100;146,101;147,101;147,102;148,102;148,103;149,103;149,104;149,105;150,105;130,105;130,106;131,107;131,108;
#205:
>0:228,37;228,38;248,39;247,39;248,40;268,40;268,41;267,41;266,41;265,42;285,42;284,42;263,42;263,43;262,43;261,43;281,43;
#206:
>0:143,78;143,79;143,80;142,80;143,81;143,82;143,83;
#207:
>0:173,65;174,65;174,66;173,66;194,67;194,68;214,68;213,68;213,69;212,69;211,69;211,70;210,70;210,71;210,72;
#208:
>0:150,110;150,111;150,112;149,112;149,113;148,114;148,115;148,116;
#209:
>0:109,60;109,61;110,61;110,62;109,62;109,63;129,63;130,63;130,64;130,65;131,65;151,66;152,66;152,67;152,68;
#210:
>0:185,103;185,104;186,104;185,104;185,105;184,106;163,106;
#211:
>0:146,60;146,61;145,61;146,61;146,62;146,63;166,63;166,64;166,65;187,65;187,66;187,67;
#212:
>0:167,88;167,89;187,89;187,90;186,90;186,91;185,91;184,92;163,92;163,93;162,93;162,94;161,95;161,96;
#213:
>0:146,82;146,83;146,84;
#214:
>0:209,36;209,37;209,38;
#215:
>0:172,105;172,106;172,107;
#216:
>0:205,63;205,64;185,64;185,65;205,65;205,66;204,66;204,67;203,67;202,67;202,68;201,68;201,69;201,70;200,70;
#217:
>0:124,79;125,80;125,81;126,82;146,82;126,83;127,83;127,84;127,85;128,85;128,86;128,87;129,87;129,88;129,89;
#218:
>0:122,58;122,59;121,59;121,60;120,60;120,61;
#219:
>0:145,92;165,93;165,94;146,95;146,96;147,96;147,97;147,98;148,98;148,99;148,100;168,100;168,101;188,102;187,103;186,103;186,104;206,104;206,105;205,105;205,106;205,107;
#220:
>0:160,13;160,14;161,14;161,15;162,15;163,16;164,16;164,17;144,17;144,18;165,18;165,19;146,19;147,20;148,21;148,22;128,22;127,23;107,23;107,24;107,25;108,25;108,26;108,27;
#221:
>0:126,98;126,99;126,100;
#222:
>0:187,106;167,106;168,107;168,108;168,109;169,109;
#223:
>0:145,110;145,111;125,111;125,112;125,113;
#224:
>0:108,77;108,78;108,79;
#225:
>0:145,118;145,119;145,120;
#226:
>0:134,75;134,76;134,77;
#227:
>0:79,61;98,61;98,62;117,62;137,63;136,63;155,63;154,64;153,64;133,64;133,65;132,65;112,65;112,66;92,66;72,66;72,67;73,67;53,67;33,67;33,68;34,68;14,68;
#228:
>0:107,101;107,102;108,102;108,103;107,103;107,104;106,104;106,105;125,105;125,106;145,107;145,108;145,109;
#229:
>0:183,95;163,95;164,96;164,97;164,98;
#230:
>0:184,65;184,66;184,67;183,67;164,67;164,68;163,68;163,69;163,70;162,70;142,71;122,71;123,71;123,72;103,72;103,73;83,73;84,73;84,74;
#231:
>0:145,90;145,91;125,91;146,92;126,92;126,93;126,94;
#232:
>0:108,89;108,90;108,91;
#233:
>0:148,112;148,113;169,113;169,114;169,115;170,115;170,116;170,117;171,117;151,117;171,118;172,119;172,120;153,121;153,122;154,122;
#234:
>0:131,114;131,115;130,115;130,116;130,117;
#235:
>0:169,123;168,123;168,124;187,124;187,125;187,126;
#236:
>0:148,124;148,125;148,126;127,126;128,126;127,127;127,128;127,129;107,129;107,130;106,130;106,131;106,132;
#237:
>0:171,140;
#238:
>0:164,83;164,84;164,85;163,85;163,86;184,86;184,87;185,87;186,88;206,88;206,89;206,90;
#239:
>0:122,116;122,117;122,118;
#240:
>0:104,126;104,127;105,127;105,128;106,128;106,129;106,130;
#241:
>0:146,73;146,74;145,74;145,75;165,75;165,76;164,77;164,78;163,78;163,79;162,79;182,79;181,79;201,80;200,80;
#242:
>0:185,66;185,67;165,67;165,68;185,68;185,69;205,69;205,70;205,71;206,71;206,72;206,73;207,73;207,74;208,75;208,76;209,76;209,77;
#243:
>0:108,100;108,101;108,102;
#244:
>0:185,88;185,89;165,90;165,91;165,92;166,92;166,93;166,94;
#245:
>0:191,106;191,107;191,108;171,108;170,109;190,109;190,110;170,110;169,110;169,111;168,112;188,112;168,112;168,113;187,113;187,114;187,115;
#246:
>0:131,110;131,111;130,111;130,112;129,113;109,113;129,113;129,114;128,114;128,115;128,116;
#247:
>0:164,59;164,60;164,61;
#248:
>0:134,46;134,47;135,47;155,48;156,48;156,49;176,49;176,50;177,50;177,51;197,51;197,52;
#249:
>0:144,111;144,112;145,112;145,113;144,113;163,113;162,113;181,113;162,113;163,113;144,114;145,114;145,115;145,116;
#250:
>0:129,102;109,103;129,103;129,104;129,105;149,105;149,106;149,107;
#251:
>0:166,101;165,102;165,103;165,104;145,104;145,105;145,106;
#252:
>0:204,68;205,69;205,70;185,70;185,71;165,71;165,72;165,73;
#253:
>0:128,97;128,98;128,99;148,99;148,100;168,100;168,101;188,101;188,102;189,103;189,104;189,105;
#254:
>0:169,82;168,83;169,83;168,83;168,84;168,85;188,85;188,86;187,86;186,87;185,87;184,87;184,88;163,88;162,88;142,89;122,89;123,89;123,90;103,90;103,91;104,91;84,91;
#255:
>0:106,104;106,105;106,106;
#256:
>0:125,128;125,129;146,130;126,130;126,131;106,132;105,132;126,132;106,133;106,134;
#257:
>0:127,91;127,92;107,92;107,93;106,93;106,94;126,94;126,95;106,95;106,96;106,97;105,97;105,98;104,98;104,99;104,100;
#258:
>0:162,104;162,105;163,106;163,107;163,108;
#259:
>0:131,122;131,123;130,123;130,124;130,125;
#260:
>0:167,120;167,121;167,122;
#261:
>0:124,82;124,83;124,84;
#262:
>0:162,107;162,108;162,109;
#263:
>0:128,102;128,103;128,104;148,104;148,105;168,105;168,106;188,106;188,107;188,108;187,108;187,109;186,109;186,110;206,110;225,111;245,111;245,112;265,112;285,112;
#264:
>0:144,83;143,84;143,85;144,85;164,85;164,86;144,86;165,86;165,87;146,88;146,89;147,89;147,90;148,90;148,91;149,91;149,92;149,93;150,93;150,94;150,95;
#265:
>0:127,122;107,123;107,124;107,125;
#266:
>0:144,124;144,125;144,126;165,126;165,127;146,128;146,129;147,129;147,130;148,131;149,131;149,132;149,133;150,133;150,134;150,135;
#267:
>0:146,98;146,99;145,100;145,101;145,102;
#268:
>0:148,113;148,114;148,115;
#269:
>0:128,112;127,112;128,112;128,113;127,113;147,113;147,114;147,115;
#270:
>0:148,99;148,100;148,101;
#271:
>0:128,142;128,143;108,143;89,143;69,143;89,143;109,143;128,144;127,144;127,145;147,145;147,146;147,147;
#272:
>0:148,112;148,113;128,113;128,114;128,115;127,115;127,116;107,116;107,117;107,118;106,118;106,119;
#273:
>0:187,88;187,89;188,89;188,90;189,90;189,91;189,92;
#274:
>0:106,134;126,135;126,136;126,137;
#275:
>0:120,107;121,107;121,108;122,108;122,109;123,109;123,110;124,110;124,111;
#276:
>0:168,88;168,89;168,90;
#277:
>0:112,104;113,105;113,106;93,106;93,107;94,107;94,108;94,109;
#278:
>0:185,97;185,98;165,98;165,99;165,100;166,100;166,101;166,102;
#279:
>0:232,79;232,80;252,80;252,81;253,81;233,82;234,82;234,83;235,83;
#280:
>0:214,37;214,38;213,38;213,39;212,39;212,40;211,40;191,41;191,42;191,43;
#281:
>0:162,101;162,102;163,103;164,103;165,103;164,103;163,103;162,103;162,104;163,104;163,105;163,106;
#282:
>0:126,106;126,107;126,108;106,108;106,109;106,110;
#283:
>0:187,117;187,118;187,119;188,119;188,120;168,120;168,121;168,122;
#284:
>0:182,126;182,127;202,127;201,127;181,128;182,128;182,129;163,129;162,129;162,130;163,131;163,132;163,133;164,133;144,133;144,134;145,134;145,135;145,136;
#285:
>0:107,139;107,140;108,140;108,141;107,141;107,142;107,143;
#286:
>0:120,84;121,84;121,85;122,85;123,85;123,86;124,86;124,87;124,88;125,88;125,89;125,90;
#287:
>0:173,134;174,135;174,136;174,137;
#288:
>0:143,122;143,123;143,124;
#289:
>0:146,103;146,104;146,105;126,106;127,106;127,107;127,108;
#290:
>0:152,116;152,117;171,118;171,119;172,120;172,121;192,121;193,122;213,122;
#291:
>0:108,112;108,113;108,114;
#292:
>0:171,87;171,88;172,89;172,90;173,90;173,91;193,91;194,92;194,93;214,93;213,93;214,94;214,95;234,96;234,97;
#293:
>0:89,91;89,92;89,93;
#294:
>0:107,135;107,136;107,137;108,137;108,138;109,138;89,138;89,139;89,140;88,140;88,141;88,142;
#295:
>0:168,97;168,98;169,99;148,100;148,101;148,102;
#296:
>0:109,100;108,100;108,101;108,102;
#297:
>0:87,118;107,118;107,119;88,119;87,120;86,120;86,121;86,122;
#298:
>0:143,104;143,105;143,106;
#299:
>0:165,45;165,46;165,47;
#300:
>0:131,114;131,115;111,115;111,116;112,116;112,117;132,117;132,118;131,118;151,118;151,119;152,119;152,120;172,121;171,121;171,122;170,122;170,123;190,123;189,124;188,125;187,125;187,126;186,126;185,127;184,127;184,128;163,128;163,129;163,130;
#301:
>0:148,105;148,106;148,107;
#302:
>0:107,132;107,133;108,133;108,134;107,134;107,135;106,135;106,136;125,136;125,137;125,138;145,138;145,139;145,140;
#303:
>0:188,128;188,129;188,130;168,130;168,131;168,132;
#304:
>0:180,119;201,119;201,120;202,121;202,122;203,122;203,123;204,123;204,124;205,124;205,125;185,126;
#305:
>0:146,132;146,133;145,134;145,135;165,135;165,136;165,137;164,137;164,138;164,139;163,139;163,140;162,140;162,141;162,142;
#306:
>0:106,129;106,130;126,130;126,131;126,132;
#307:
>0:141,64;141,65;141,66;
#308:
>0:181,123;181,124;181,125;
#309:
>0:162,112;162,113;163,113;163,114;163,115;
#310:
>0:209,138;209,139;209,140;208,140;208,141;188,141;188,142;188,143;187,143;187,144;186,144;186,145;185,145;184,146;163,146;163,147;162,147;162,148;142,148;142,149;141,150;121,150;121,151;121,152;120,152;120,153;
#311:
>0:171,111;151,111;171,111;171,112;171,113;
#312:
>0:107,128;107,129;108,129;108,130;107,131;106,131;106,132;106,133;
#313:
>0:160,128;160,129;161,130;161,131;162,131;162,132;163,132;163,133;163,134;
#314:
>0:107,129;108,129;108,130;107,131;106,131;106,132;105,132;125,132;125,133;125,134;
#315:
>0:183,140;164,141;164,142;164,143;
#316:
>0:108,119;108,120;108,121;
#317:
>0:171,61;191,61;191,62;191,63;
#318:
>0:145,82;145,83;145,84;144,84;144,85;144,86;143,86;143,87;143,88;142,88;142,89;142,90;141,90;141,91;141,92;140,92;140,93;
#319:
>0:145,95;145,96;145,97;146,97;146,98;146,99;147,99;147,100;147,101;148,101;148,102;149,102;149,103;169,103;169,104;170,104;170,105;170,106;
#320:
>0:129,114;129,115;109,115;109,116;129,116;128,116;128,117;128,118;
#321:
>0:108,144;107,144;107,145;127,145;127,146;128,147;127,147;128,147;148,147;148,148;148,149;
#322:
>0:185,137;185,138;165,138;165,139;165,140;
#323:
>0:167,115;167,116;166,116;166,117;166,118;146,118;146,119;145,119;145,120;145,121;125,121;124,121;124,122;125,122;125,123;
#324:
>0:124,132;124,133;124,134;123,134;123,135;123,136;122,136;142,136;142,137;162,137;163,137;163,138;184,138;185,139;186,139;187,139;187,140;188,140;189,140;190,141;170,141;171,141;152,142;151,142;131,142;132,143;132,144;132,145;131,145;111,146;111,147;111,148;
#325:
>0:122,59;122,60;121,60;121,61;120,62;
#326:
>0:120,137;120,138;120,139;
#327:
>0:171,115;171,116;171,117;
#328:
>0:162,114;162,115;162,116;
#329:
>0:240,36;261,37;262,37;261,37;
#330:
>0:171,84;171,85;170,86;190,86;189,87;188,87;188,88;187,88;186,88;185,89;184,89;184,90;163,90;163,91;162,91;182,91;181,92;201,92;200,92;200,93;
#331:
>0:140,112;141,112;141,113;141,114;
#332:
>0:131,120;131,121;130,121;130,122;130,123;
#333:
>0:121,128;121,129;122,129;122,130;122,131;
#334:
>0:131,113;131,114;111,114;111,115;112,116;112,117;132,117;131,117;131,118;151,118;151,119;152,119;152,120;172,120;172,121;171,121;171,122;170,122;190,123;189,123;189,124;188,124;187,125;186,125;186,126;185,126;184,127;183,127;163,127;163,128;183,128;182,129;182,130;182,131;
#335:
>0:183,135;184,136;183,136;183,137;182,138;202,138;202,139;201,140;181,140;181,141;181,142;
#336:
>0:131,116;131,117;111,117;111,118;111,119;112,119;112,120;132,120;132,121;151,121;152,122;152,123;172,123;172,124;171,124;171,125;170,125;190,126;189,126;188,127;188,128;188,129;208,129;208,130;208,131;
#337:
>0:108,150;108,151;108,152;
#338:
>0:185,82;185,83;185,84;
#339:
>0:120,137;
#340:
>0:144,113;144,114;144,115;
#341:
>0:124,118;124,119;125,119;125,120;126,120;126,121;126,122;146,122;146,123;
#342:
>0:107,37;87,37;107,38;87,38;106,39;105,39;105,40;104,40;104,41;124,41;125,41;125,42;125,43;
#343:
>0:164,110;163,111;163,112;162,112;162,113;161,113;161,114;161,115;141,115;
#344:
>0:122,102;122,103;122,104;123,104;123,105;124,105;124,106;124,107;125,107;125,108;125,109;
#345:
>0:167,117;167,118;166,118;166,119;146,119;146,120;146,121;145,121;145,122;146,122;146,123;126,124;127,124;127,125;127,126;
#346:
>0:128,130;128,131;128,132;
#347:
>0:126,132;146,133;145,134;145,135;145,136;125,136;124,136;124,137;124,138;
#348:
>0:212,90;191,90;191,91;191,92;
#349:
>0:106,109;106,110;105,111;104,111;104,112;105,112;105,113;106,114;106,115;106,116;107,116;107,117;
#350:
>0:49,147;69,147;69,148;89,149;89,150;89,151;
#351:
>0:131,84;131,85;130,86;130,87;129,88;129,89;109,89;129,90;128,91;128,92;128,93;
#352:
>0:148,146;147,146;127,147;127,148;107,148;107,149;107,150;106,150;106,151;105,151;125,151;125,152;125,153;124,153;124,154;124,155;123,155;123,156;
#353:
>0:180,87;180,88;181,88;200,88;200,89;
#354:
>0:209,131;209,132;209,133;
#355:
>0:208,129;208,130;208,131;
#356:
>0:106,149;106,150;106,151;
#357:
>0:191,141;191,142;211,142;211,143;211,144;210,145;231,145;231,146;230,146;230,147;230,148;
#358:
>0:106,145;107,145;107,146;107,147;127,148;128,149;127,149;127,150;128,150;148,150;148,151;148,152;
#359:
>0:145,138;145,139;145,140;
#360:
>0:127,135;127,136;147,136;147,137;148,137;148,138;148,139;
#361:
>0:143,67;143,68;143,69;
#362:
>0:148,123;148,124;148,125;
#363:
>0:208,117;208,118;208,119;
#364:
>0:129,130;129,131;129,132;130,132;130,133;131,133;131,134;131,135;
#365:
>0:129,133;129,134;109,134;109,135;109,136;
#366:
>0:131,119;131,120;130,120;130,121;130,122;
#367:
>0:173,117;174,117;174,118;154,118;153,119;172,120;172,121;171,121;171,122;170,122;170,123;
#368:
>0:125,114;125,115;125,116;
#369:
>0:145,94;145,95;165,95;164,96;163,96;163,97;182,97;181,98;201,98;181,98;180,99;
#370:
>0:167,72;167,73;166,73;166,74;165,75;164,76;144,77;143,77;143,78;143,79;142,79;142,80;141,80;141,81;141,82;
#371:
>0:171,112;171,113;171,114;
#372:
>0:166,139;166,140;186,140;166,141;165,142;165,143;165,144;164,144;144,144;144,145;143,145;143,146;142,147;142,148;142,149;141,149;141,150;140,150;140,151;
#373:
>0:108,126;108,127;108,128;
#374:
>0:167,149;167,150;167,151;168,152;148,152;148,153;148,154;
#375:
>0:107,150;108,150;108,151;107,151;127,152;128,152;128,153;127,153;128,153;148,154;168,155;168,156;188,157;187,157;167,158;167,159;
#376:
>0:106,119;126,119;126,120;126,121;
#377:
>0:127,119;127,120;127,121;
#378:
>0:120,69;121,70;122,70;122,71;123,72;123,73;123,74;
#379:
>0:171,157;171,158;171,159;170,159;190,159;189,160;188,160;188,161;168,161;168,162;168,163;
#380:
>0:184,119;184,120;204,120;204,121;184,121;184,122;183,122;183,123;203,123;183,124;202,124;202,125;201,125;181,125;181,126;182,126;182,127;
#381:
>0:209,124;208,125;208,126;188,126;188,127;189,127;189,128;189,129;
#382:
>0:107,154;107,155;108,155;108,156;107,156;107,157;127,157;128,158;127,159;147,159;147,160;
#383:
>0:150,111;150,112;150,113;
#384:
>0:181,108;201,108;181,109;182,109;162,110;163,110;162,110;162,111;142,111;142,112;142,113;
#385:
>0:107,162;107,163;108,164;128,165;128,166;128,167;
#386:
>0:108,97;108,98;108,99;
#387:
>0:123,132;123,133;124,133;124,134;124,135;125,135;125,136;125,137;126,137;126,138;126,139;
#388:
>0:173,157;174,157;173,158;173,159;153,160;152,161;153,161;153,162;133,162;133,163;
#389:
>0:145,113;145,114;145,115;
#390:
>0:140,133;141,133;141,134;142,134;142,135;142,136;
#391:
>0:152,135;152,136;151,136;151,137;150,137;150,138;130,138;130,139;130,140;
#392:
>0:147,93;147,94;147,95;148,95;148,96;148,97;168,97;168,98;188,98;189,98;189,99;190,99;210,100;230,100;250,101;251,101;252,102;253,102;274,102;275,103;276,103;277,103;277,104;278,104;279,104;
#393:
>0:149,89;149,90;149,91;
#394:
>0:148,140;168,141;168,142;188,142;188,143;187,143;187,144;186,144;186,145;206,145;225,145;225,146;245,146;265,147;285,147;285,148;
#395:
>0:207,134;206,134;207,135;206,135;186,136;186,137;166,137;166,138;166,139;
#396:
>0:107,136;107,137;108,137;107,138;106,138;106,139;125,139;125,140;125,141;
#397:
>0:169,119;169,120;168,120;168,121;169,121;168,121;168,122;168,123;188,123;188,124;187,124;187,125;186,125;185,126;184,126;184,127;163,127;163,128;163,129;162,129;162,130;142,130;141,131;141,132;141,133;
#398:
>0:182,111;182,112;181,112;181,113;181,114;160,115;160,116;
#399:
>0:211,115;211,116;211,117;
#400:
>0:106,138;106,139;126,139;126,140;126,141;127,141;127,142;147,142;147,143;
#401:
>0:149,101;149,102;149,103;148,103;148,104;148,105;168,105;168,106;188,106;188,107;187,107;187,108;186,108;186,109;185,109;185,110;184,110;163,110;163,111;162,111;142,111;122,112;123,112;103,112;103,113;103,114;
#402:
>0:120,108;120,109;
#403:
>0:143,102;143,103;143,104;144,104;164,104;164,105;144,105;165,105;165,106;165,107;146,107;146,108;147,108;147,109;147,110;167,110;167,111;
#404:
>0:113,115;113,116;113,117;112,117;113,117;113,118;112,118;112,119;132,120;131,120;151,121;152,121;152,122;172,122;172,123;171,123;171,124;170,124;190,125;189,125;188,126;188,127;188,128;
#405:
>0:108,167;108,168;108,169;
#406:
>0:127,130;107,131;106,132;106,133;125,133;125,134;125,135;
#407:
>0:200,117;
#408:
>0:181,135;161,136;181,136;161,136;162,137;163,138;183,138;
#409:
>0:127,104;127,105;107,105;107,106;106,106;106,107;105,107;125,107;125,108;125,109;145,109;145,110;145,111;
#410:
>0:107,90;107,91;108,91;108,92;107,92;107,93;127,93;127,94;128,94;128,95;148,95;148,96;168,96;168,97;188,98;188,99;188,100;
#411:
>0:131,127;131,128;111,128;111,129;112,129;112,130;132,131;151,131;152,132;172,132;172,133;171,133;171,134;170,134;190,135;189,135;189,136;188,136;188,137;187,137;187,138;186,138;186,139;186,140;166,140;166,141;166,142;
#412:
>0:107,143;107,144;108,144;108,145;107,145;107,146;106,146;106,147;
#413:
>0:171,141;171,142;171,143;
#414:
>0:113,60;113,61;112,62;113,62;113,63;112,63;111,64;90,64;90,65;89,65;109,65;109,66;108,66;88,67;107,67;107,68;107,69;
#415:
>0:145,163;145,164;145,165;125,165;146,165;126,166;126,167;126,168;
#416:
>0:122,155;122,156;122,157;123,157;124,157;124,158;124,159;125,159;125,160;125,161;
#417:
>0:122,95;122,96;122,97;123,97;123,98;123,99;124,99;124,100;125,101;125,102;125,103;
#418:
>0:107,117;108,118;108,119;107,119;127,119;127,120;127,121;128,121;128,122;148,123;148,124;
#419:
>0:212,107;212,108;211,109;211,110;210,110;210,111;210,112;
#420:
>0:120,133;121,133;121,134;122,135;123,135;123,136;124,137;124,138;125,138;125,139;125,140;
#421:
>0:124,115;124,116;124,117;
#422:
>0:106,110;106,111;106,112;
#423:
>0:128,132;128,133;128,134;
#424:
>0:106,150;106,151;107,151;107,152;107,153;
#425:
>0:106,109;106,110;105,110;125,110;125,111;125,112;124,112;124,113;124,114;
#426:
>0:128,107;128,108;127,108;128,108;148,109;148,110;168,110;168,111;188,111;189,112;190,112;190,113;210,113;230,114;250,114;251,115;252,115;253,115;253,116;274,116;275,116;275,117;276,117;276,118;277,118;278,118;278,119;298,119;299,120;279,120;
#427:
>0:292,129;271,129;251,130;250,130;250,131;230,131;230,132;230,133;210,133;190,133;190,134;189,134;188,135;168,135;168,136;168,137;
#428:
>0:122,132;122,133;122,134;
#429:
>0:107,108;108,108;108,109;107,109;107,110;106,110;105,110;125,111;125,112;125,113;
#430:
>0:187,148;187,149;187,150;
#431:
>0:162,108;162,109;163,109;163,110;163,111;
#432:
>0:148,157;148,158;147,158;147,159;147,160;
#433:
>0:173,150;173,151;153,151;152,152;152,153;151,153;150,154;150,155;130,155;130,156;130,157;129,157;129,158;109,159;129,159;
#434:
>0:124,145;124,146;124,147;
#435:
>0:162,101;162,102;162,103;
#436:
>0:208,135;188,136;188,137;188,138;
#437:
>0:143,114;143,115;143,116;
#438:
>0:145,155;145,156;145,157;125,158;124,158;124,159;123,159;122,159;123,160;103,160;103,161;104,161;84,162;84,163;
#439:
>0:87,128;87,129;87,130;86,130;106,130;106,131;105,131;105,132;104,132;104,133;103,133;103,134;122,134;102,134;101,135;121,135;121,136;121,137;120,137;
#440:
>0:134,105;134,106;134,107;
#441:
>0:141,146;141,147;141,148;
#442:
>0:152,145;151,146;132,146;151,146;151,147;152,147;172,147;171,148;170,148;190,149;189,149;188,149;188,150;188,151;189,151;189,152;189,153;209,153;209,154;209,155;
#443:
>0:185,107;185,108;186,109;185,109;185,110;185,111;184,111;183,112;163,112;162,112;162,113;142,113;142,114;141,114;141,115;140,115;
#444:
>0:148,137;148,138;148,139;128,139;128,140;128,141;
#445:
>0:185,137;185,138;165,138;165,139;165,140;164,140;144,141;143,141;143,142;143,143;
#446:
>0:106,141;106,142;126,142;126,143;126,144;
#447:
>0:167,147;167,148;167,149;166,149;166,150;165,150;165,151;145,151;145,152;145,153;
#448:
>0:167,135;167,136;167,137;166,137;166,138;165,138;165,139;145,140;145,141;
#449:
>0:148,143;128,144;127,144;128,144;128,145;127,145;127,146;147,147;146,147;146,148;146,149;145,149;
#450:
>0:125,148;124,148;124,149;123,149;122,149;123,150;103,150;103,151;104,152;
#451:
>0:107,126;107,127;108,127;108,128;107,128;107,129;106,129;105,129;125,130;125,131;125,132;
#452:
>0:107,119;107,120;107,121;
#453:
>0:111,112;131,113;111,114;111,115;112,115;112,116;132,116;131,117;151,117;151,118;152,119;152,120;172,120;171,121;170,122;190,122;189,122;189,123;188,123;188,124;188,125;
#454:
>0:107,152;107,153;106,153;107,154;106,154;107,154;107,155;106,156;126,156;106,156;106,157;106,158;105,158;125,158;125,159;145,160;145,161;145,162;
#455:
>0:131,144;131,145;131,146;130,146;130,147;129,148;129,149;129,150;128,150;128,151;128,152;108,152;107,153;106,153;126,154;
#456:
>0:129,164;129,165;129,166;109,166;129,166;129,167;109,167;109,168;109,169;108,169;108,170;107,171;106,171;126,172;126,173;126,174;
#457:
>0:150,134;150,135;130,136;131,136;151,137;152,137;152,138;153,139;173,140;173,141;
#458:
>0:213,110;214,110;214,111;215,111;215,112;215,113;235,113;235,114;235,115;255,115;255,116;275,116;275,117;275,118;
#459:
>0:207,141;207,142;208,142;208,143;188,143;188,144;187,144;187,145;187,146;167,146;167,147;167,148;
#460:
>0:128,153;128,154;128,155;
#461:
>0:129,137;129,138;130,138;130,139;130,140;131,140;131,141;131,142;
#462:
>0:146,141;146,142;145,142;145,143;165,144;165,145;165,146;
#463:
>0:108,137;108,138;108,139;109,139;89,139;89,140;69,140;69,141;49,141;49,142;48,143;48,144;28,145;28,146;8,147;9,147;9,148;29,148;9,148;10,149;10,150;10,151;
#464:
>0:130,123;150,123;150,124;150,125;130,125;131,125;151,126;152,126;132,127;132,128;112,128;92,129;71,129;70,129;70,130;69,130;48,130;47,131;46,131;46,132;45,133;65,133;
#465:
>0:128,105;128,106;148,106;148,107;168,107;168,108;188,109;188,110;187,110;186,111;185,111;185,112;184,112;184,113;163,113;163,114;162,114;182,114;181,115;181,116;201,116;201,117;200,118;
#466:
>0:131,165;131,166;131,167;111,167;110,167;110,168;110,169;109,169;109,170;109,171;
#467:
>0:108,151;108,152;108,153;
#468:
>0:147,147;147,148;127,148;127,149;127,150;
#469:
>0:106,144;106,145;126,145;126,146;126,147;
#470:
>0:131,111;131,112;130,112;130,113;130,114;131,114;131,115;151,115;151,116;152,116;172,116;172,117;171,117;171,118;170,118;170,119;190,119;190,120;210,120;230,120;230,121;250,121;251,121;251,122;250,122;249,123;268,123;267,123;266,124;265,124;285,124;284,125;263,125;262,126;261,126;
#471:
>0:107,16;107,17;106,18;
#472:
>0:181,78;
#473:
>0:161,161;181,162;181,163;180,163;180,164;
#474:
>0:109,171;110,171;109,171;109,172;129,172;129,173;129,174;
#475:
>0:143,146;143,147;
#476:
>0:190,107;190,108;190,109;189,109;189,110;209,110;209,111;209,112;
#477:
>0:125,108;125,109;124,109;124,110;123,110;123,111;122,112;142,112;142,113;142,114;
#478:
>0:106,141;106,142;106,143;107,143;107,144;107,145;108,146;108,147;108,148;109,148;109,149;110,150;110,151;
#479:
>0:131,110;131,111;111,111;111,112;111,113;112,113;112,114;132,114;132,115;131,115;151,116;152,116;152,117;172,118;171,118;171,119;170,120;190,120;189,121;188,121;188,122;187,123;186,123;186,124;185,124;185,125;184,125;163,126;182,127;181,127;200,128;
#480:
>0:131,118;131,119;131,120;111,120;111,121;112,121;112,122;132,122;131,122;151,123;152,123;152,124;172,124;172,125;171,125;171,126;170,126;190,127;189,127;188,128;187,128;186,129;185,129;185,130;184,130;184,131;163,131;162,132;182,132;181,132;181,133;201,133;201,134;221,135;221,136;221,137;
#481:
>0:108,142;108,143;108,144;
#482:
>0:143,133;143,134;142,134;143,135;143,136;143,137;123,137;123,138;123,139;
#483:
>0:131,110;131,111;111,111;111,112;111,113;112,113;112,114;132,114;132,115;131,115;151,116;152,117;152,118;172,118;171,119;171,120;170,120;190,120;190,121;189,121;188,121;188,122;188,123;187,123;186,123;186,124;185,124;185,125;184,125;163,126;162,126;182,127;181,127;201,127;200,128;
#484:
>0:173,138;174,138;174,139;173,139;173,140;173,141;172,141;172,142;171,142;171,143;170,143;190,144;210,144;210,145;230,145;250,145;251,146;250,146;249,147;268,147;267,147;266,147;266,148;285,148;284,148;263,148;263,149;262,149;281,149;
#485:
>0:145,131;145,132;145,133;144,133;144,134;143,135;143,136;142,136;142,137;122,137;122,138;122,139;121,139;120,140;120,141;
#486:
>0:145,142;145,143;145,144;
#487:
>0:211,119;212,120;211,120;211,121;211,122;
#488:
>0:163,145;163,146;163,147;
#489:
>0:106,128;106,129;106,130;
#490:
>0:131,118;131,119;111,119;111,120;112,120;112,121;132,121;131,121;151,122;152,122;152,123;172,124;171,125;170,126;190,126;189,126;189,127;188,127;187,127;187,128;186,128;185,129;184,129;163,130;162,130;142,131;122,131;122,132;123,132;124,132;124,133;124,134;
#491:
>0:129,153;129,154;129,155;130,155;150,155;150,156;150,157;170,157;171,158;171,159;170,159;190,159;189,159;188,160;187,160;186,160;186,161;185,161;184,161;163,162;162,162;162,163;162,164;
#492:
>0:162,147;162,148;163,148;163,149;163,150;164,150;164,151;144,152;145,153;145,154;145,155;
#493:
>0:120,136;120,137;120,138;121,138;121,139;122,139;122,140;122,141;
#494:
>0:131,140;131,141;111,141;111,142;112,143;132,144;131,144;152,145;172,145;171,145;171,146;170,146;190,146;189,146;189,147;188,147;187,147;187,148;186,148;186,149;185,149;184,149;184,150;183,150;163,150;163,151;183,151;183,152;163,152;
#495:
>0:161,79;161,80;181,80;160,81;160,82;
#496:
>0:128,139;128,140;127,140;147,141;147,142;147,143;
#497:
>0:147,172;148,173;148,174;148,175;
#498:
>0:122,170;122,171;121,171;121,172;121,173;
#499:
>0:131,112;131,113;130,114;130,115;130,116;129,116;109,116;129,117;129,118;128,118;128,119;128,120;
#500:
>0:141,155;141,156;121,156;121,157;121,158;
#501:
>0:145,153;145,154;145,155;144,155;144,156;144,157;143,157;143,158;143,159;142,159;142,160;142,161;
#502:
>0:107,121;108,122;107,122;127,123;128,123;128,124;148,124;148,125;168,126;168,127;188,127;189,127;189,128;190,128;210,128;210,129;230,129;250,129;251,130;250,130;249,131;268,131;267,131;266,132;265,132;284,132;263,132;263,133;262,133;261,133;281,133;
#503:
>0:181,156;181,157;161,158;160,158;
#504:
>0:142,141;141,142;142,142;142,143;142,144;
#505:
>0:162,162;162,163;141,163;142,163;142,164;142,165;122,165;122,166;122,167;
#506:
>0:185,154;185,155;165,155;165,156;165,157;
#507:
>0:168,189;168,190;168,191;
#508:
>0:127,93;127,94;107,94;106,94;106,95;105,95;125,96;125,97;145,97;145,98;145,99;144,100;144,101;143,101;143,102;143,103;142,103;142,104;141,104;141,105;141,106;140,106;
#509:
>0:147,111;147,112;147,113;
#510:
>0:143,144;143,145;142,145;142,146;142,147;162,147;162,148;142,148;142,149;122,149;123,149;103,150;104,151;84,151;85,151;85,152;65,152;65,153;45,153;45,154;46,154;46,155;66,156;66,157;
#511:
>0:127,128;127,129;107,129;106,130;105,130;125,131;125,132;125,133;
#512:
>0:131,139;131,140;111,141;111,142;112,142;112,143;132,143;132,144;151,144;152,144;172,145;171,145;170,145;190,145;190,146;189,146;188,146;187,147;186,147;186,148;185,148;184,148;184,149;163,149;162,149;142,150;122,150;123,151;124,151;124,152;124,153;
#513:
>0:171,125;171,126;171,127;
#514:
>0:145,154;145,155;125,155;125,156;146,156;126,156;126,157;126,158;
#515:
>0:107,183;107,184;108,184;107,185;106,185;106,186;125,187;125,188;
#516:
>0:181,140;181,141;181,142;201,142;202,142;202,143;182,143;182,144;203,144;183,144;203,145;203,146;
#517:
>0:122,158;121,159;121,160;120,160;120,161;
#518:
>0:211,131;212,132;232,133;212,133;212,134;212,135;211,135;191,136;191,137;191,138;170,138;170,139;170,140;
#519:
>0:150,167;170,168;171,168;151,168;151,169;152,169;
#520:
>0:160,150;140,151;141,151;141,152;141,153;142,153;142,154;122,154;123,154;103,155;103,156;104,156;84,156;85,157;65,157;65,158;65,159;45,159;46,160;46,161;66,161;66,162;66,163;
#521:
>0:143,102;143,103;142,103;142,104;122,104;122,105;142,105;142,106;123,106;103,107;84,107;64,108;44,108;24,108;24,109;25,109;5,109;5,110;
#522:
>0:145,130;145,131;145,132;
#523:
>0:145,181;
#524:
>0:140,161;141,161;141,162;141,163;161,163;161,164;
#525:
>0:106,162;106,163;86,163;87,164;107,164;107,165;107,166;
#526:
>0:171,126;170,127;171,127;171,128;171,129;
#527:
>0:148,132;148,133;147,134;167,134;167,135;166,135;166,136;165,136;165,137;164,138;
#528:
>0:209,165;209,166;209,167;189,167;189,168;188,168;188,169;188,170;
#529:
>0:145,157;145,158;144,158;144,159;143,160;143,161;143,162;
#530:
>0:181,78;182,78;181,79;181,80;201,81;181,81;201,81;201,82;200,83;220,83;220,84;220,85;
#531:
>0:109,146;109,147;130,147;110,148;110,149;110,150;
#532:
>0:168,191;168,192;168,193;148,193;148,194;147,195;148,196;128,196;127,196;127,197;
#533:
>0:143,94;143,95;143,96;123,96;123,97;122,97;122,98;122,99;121,99;121,100;120,100;120,101;
#534:
>0:209,151;209,152;209,153;
#535:
>0:106,131;106,132;106,133;105,133;125,133;125,134;125,135;
#536:
>0:143,112;143,113;143,114;142,114;142,115;142,116;141,116;141,117;141,118;160,118;
#537:
>0:108,106;108,107;108,108;
#538:
>0:108,153;108,154;108,155;
#539:
>0:143,191;123,192;122,192;122,193;122,194;
#540:
>0:106,162;125,162;125,163;125,164;124,164;124,165;123,165;123,166;144,166;144,167;143,167;143,168;143,169;142,169;142,170;142,171;
#541:
>0:141,172;141,173;141,174;142,174;142,175;143,175;143,176;143,177;
#542:
>0:161,142;161,143;162,143;162,144;162,145;163,145;163,146;163,147;
#543:
>0:106,191;106,192;126,192;126,193;126,194;146,194;145,195;146,195;146,196;166,196;166,197;167,198;
#544:
>0:163,130;163,131;162,131;162,132;162,133;
#545:
>0:131,167;131,168;111,168;111,169;112,169;112,170;132,170;132,171;133,171;153,171;154,171;154,172;155,172;136,172;137,173;117,173;98,173;98,174;99,175;98,175;97,175;96,175;95,175;94,175;93,175;92,175;91,175;90,175;89,175;88,175;87,175;86,175;85,175;84,175;83,175;83,176;84,176;85,176;86,176;87,176;88,176;89,176;90,176;91,176;92,176;93,176;94,176;95,176;96,176;97,176;98,176;99,176;99,177;98,177;98,178;97,178;117,179;136,179;155,180;154,180;153,180;133,181;132,181;112,181;112,182;111,182;111,183;111,184;
#546:
>0:145,150;145,151;165,151;165,152;166,153;146,153;146,154;147,155;147,156;147,157;
#547:
>0:233,190;253,190;253,191;252,191;252,192;252,193;253,193;273,193;273,194;273,195;
#548:
>0:153,179;133,180;153,180;153,181;152,181;153,181;153,182;173,182;173,183;173,184;
#549:
>0:125,148;125,149;125,150;145,150;145,151;
#550:
>0:211,173;212,174;212,175;213,175;193,175;192,175;192,176;172,177;191,177;171,177;171,178;172,178;172,179;171,179;151,179;151,180;151,181;150,181;130,182;130,183;130,184;
#551:
>0:143,182;143,183;123,183;123,184;124,184;124,185;124,186;125,186;125,187;125,188;
#552:
>0:148,138;148,139;128,140;128,141;127,142;127,143;106,143;125,144;125,145;125,146;
#553:
>0:209,141;209,142;209,143;
#554:
>0:113,121;113,122;113,123;112,123;113,123;113,124;112,124;112,125;132,125;131,125;151,126;152,126;152,127;172,127;171,128;171,129;170,129;190,129;190,130;189,130;188,130;187,131;186,131;186,132;185,133;184,133;163,134;162,134;142,135;122,135;123,136;124,136;124,137;124,138;
#555:
>0:128,186;128,187;127,188;107,189;107,190;106,190;106,191;125,191;125,192;125,193;124,193;124,194;124,195;
#556:
>0:131,113;131,114;111,114;111,115;112,116;132,117;131,117;131,118;151,118;151,119;152,119;152,120;172,120;172,121;171,121;171,122;170,122;190,122;190,123;189,123;188,124;187,125;186,125;186,126;206,126;225,126;225,127;245,127;265,128;285,128;
#557:
>0:148,170;169,171;169,172;169,173;
#558:
>0:129,157;129,158;129,159;130,159;130,160;129,160;129,161;109,161;129,162;128,163;128,164;128,165;
#559:
>0:143,174;143,175;143,176;163,176;163,177;163,178;164,178;164,179;164,180;163,180;163,181;184,181;185,181;186,181;187,182;188,182;189,182;190,183;170,183;171,183;172,184;152,184;131,184;132,184;132,185;112,185;112,186;113,186;113,187;94,187;94,188;114,188;95,189;115,189;115,190;
#560:
>0:107,164;108,164;108,165;108,166;
#561:
>0:145,165;145,166;145,167;
#562:
>0:131,162;131,163;111,164;111,165;112,165;112,166;132,167;151,167;152,168;171,168;170,168;190,169;189,169;188,169;188,170;188,171;208,171;208,172;208,173;
#563:
>0:108,97;108,98;108,99;
#564:
>0:209,136;209,137;209,138;210,138;211,138;211,139;211,140;212,140;212,141;
#565:
>0:171,182;171,183;171,184;
#566:
>0:131,173;131,174;131,175;
#567:
>0:131,157;131,158;111,159;111,160;111,161;112,161;112,162;111,162;111,163;91,163;90,163;90,164;89,164;109,164;108,165;88,165;107,166;87,166;86,167;106,167;106,168;
#568:
>0:120,157;121,157;120,158;120,159;
#569:
>0:127,190;127,191;128,191;127,191;128,192;127,192;128,193;148,193;148,194;148,195;149,195;149,196;149,197;
#570:
>0:152,149;151,149;151,150;150,150;150,151;130,151;130,152;130,153;129,153;129,154;129,155;128,155;128,156;108,156;108,157;107,157;107,158;106,158;126,159;126,160;
#571:
>0:130,117;130,118;130,119;150,119;150,120;150,121;
#572:
>0:185,194;165,195;165,196;164,197;144,197;144,198;143,198;143,199;143,200;
#573:
>0:152,36;152,37;153,37;152,38;152,39;151,39;152,39;152,40;171,40;172,40;171,41;170,41;190,42;189,42;188,43;188,44;189,44;189,45;209,45;209,46;209,47;
#574:
>0:106,150;126,150;126,151;126,152;
#575:
>0:107,156;108,157;107,157;107,158;106,158;106,159;105,159;125,159;125,160;125,161;
#576:
>0:167,163;167,164;167,165;168,165;168,166;168,167;169,167;169,168;169,169;149,169;149,170;149,171;
#577:
>0:166,163;166,164;166,165;
#578:
>0:127,158;127,159;127,160;
#579:
>0:131,187;131,188;131,189;130,189;130,190;130,191;150,191;129,191;128,191;127,191;126,191;125,191;124,192;123,192;122,192;123,192;124,192;125,192;126,192;127,192;128,192;129,192;150,192;150,193;130,193;130,194;131,194;131,195;
#580:
>0:208,166;208,167;208,168;188,168;188,169;187,169;187,170;187,171;167,171;167,172;167,173;
#581:
>0:146,148;146,149;145,149;145,150;165,150;165,151;165,152;
#582:
>0:111,187;131,188;131,189;131,190;111,190;111,191;112,191;112,192;132,193;151,193;152,194;172,194;171,194;190,195;189,195;188,195;187,196;186,196;185,196;185,197;184,197;163,197;162,198;142,198;142,199;142,200;
#583:
>0:127,159;128,160;128,161;128,162;
#584:
>0:127,142;127,143;127,144;128,144;127,145;128,145;127,145;127,146;127,147;128,147;108,148;108,149;108,150;
#585:
>0:148,148;148,149;128,149;128,150;127,150;127,151;107,151;107,152;106,152;106,153;106,154;107,154;107,155;
#586:
>0:145,180;145,181;144,181;144,182;143,183;143,184;143,185;
#587:
>0:149,152;149,153;149,154;
#588:
>0:162,195;162,196;163,196;163,197;164,197;164,198;144,198;144,199;145,199;145,200;145,201;125,201;125,202;125,203;
#589:
>0:126,170;126,171;126,172;
#590:
>0:211,184;212,184;212,185;213,185;213,186;214,186;194,186;194,187;194,188;173,188;174,189;154,189;154,190;155,190;135,191;136,191;137,191;117,192;137,192;137,193;
#591:
>0:171,161;170,161;170,162;169,163;169,164;169,165;
#592:
>0:107,83;107,84;108,84;108,85;107,86;106,86;106,87;105,88;106,88;
#593:
>0:211,163;211,164;191,165;191,166;171,166;171,167;171,168;170,168;190,168;189,168;189,169;188,169;188,170;168,170;168,171;
#594:
>0:106,142;106,143;107,143;107,144;107,145;127,145;128,145;128,146;148,146;148,147;168,147;168,148;188,148;188,149;188,150;189,150;189,151;189,152;209,152;209,153;209,154;
#595:
>0:107,182;107,183;108,183;107,184;127,184;127,185;127,186;128,186;127,186;128,186;128,187;148,187;148,188;168,188;168,189;188,189;188,190;188,191;189,191;189,192;189,193;209,193;209,194;209,195;
#596:
>0:165,147;165,148;165,149;
#597:
>0:145,175;145,176;145,177;
#598:
>0:122,199;122,200;122,201;
#599:
>0:171,158;171,159;191,159;191,160;192,161;212,161;213,161;213,162;213,163;214,163;214,164;215,164;195,164;195,165;196,165;196,166;196,167;
#600:
>0:122,194;122,195;121,195;121,196;121,197;
#601:
>0:108,171;108,172;108,173;
#602:
>0:129,166;129,167;129,168;
#603:
>0:108,170;108,171;108,172;
#604:
>0:107,210;107,211;127,211;
#605:
>0:170,128;151,128;171,129;171,130;171,131;
#606:
>0:209,133;209,134;209,135;189,135;189,136;189,137;188,137;188,138;188,139;
#607:
>0:106,184;106,185;106,186;107,186;108,186;109,186;110,186;111,186;110,186;109,186;108,187;107,187;106,187;107,187;107,188;107,189;
#608:
>0:106,188;106,189;106,190;
#609:
>0:108,102;108,103;108,104;
#610:
>0:107,154;107,155;108,156;108,157;108,158;
#611:
>0:143,179;143,180;144,180;144,181;144,182;145,183;125,184;125,185;125,186;
#612:
>0:108,140;108,141;108,142;
#613:
>0:180,161;181,162;161,163;160,163;
#614:
>0:122,191;122,192;122,193;142,193;142,194;162,194;163,195;162,196;182,196;181,196;181,197;201,197;201,198;201,199;
#615:
>0:143,197;143,198;143,199;
#616:
>0:152,151;152,152;152,153;
#617:
>0:129,171;129,172;129,173;130,173;130,174;131,174;151,174;152,174;152,175;132,175;132,176;112,176;112,177;112,178;111,178;90,179;109,179;109,180;108,180;88,180;88,181;88,182;87,182;87,183;87,184;
#618:
>0:124,181;124,182;124,183;123,183;123,184;123,185;122,185;122,186;122,187;
#619:
>0:186,189;186,190;186,191;
#620:
>0:122,78;122,79;122,80;
#621:
>0:127,190;127,191;127,192;
#622:
>0:145,200;145,201;145,202;125,203;125,204;125,205;
#623:
>0:145,166;145,167;145,168;
#624:
>0:168,156;168,157;168,158;
#625:
>0:150,166;149,167;169,167;169,168;170,168;170,169;169,169;189,169;189,170;189,171;209,171;209,172;209,173;
#626:
>0:106,179;106,180;106,181;107,181;107,182;107,183;108,183;108,184;128,184;108,185;108,186;109,186;109,187;129,187;129,188;
#627:
>0:108,166;108,167;108,168;
#628:
>0:171,196;151,196;151,197;152,197;151,198;152,198;151,198;132,198;132,199;131,199;132,199;132,200;131,200;131,201;
#629:
>0:160,87;160,88;
#630:
>0:107,156;107,157;108,157;108,158;107,158;108,159;107,159;107,160;107,161;
#631:
>0:126,176;126,177;126,178;106,178;106,179;106,180;
#632:
>0:126,193;126,194;126,195;
#633:
>0:107,185;87,185;87,186;107,186;88,186;88,187;87,187;87,188;87,189;86,189;86,190;66,190;66,191;67,191;67,192;67,193;
#634:
>0:109,159;109,160;110,161;110,162;110,163;111,163;111,164;112,164;112,165;113,166;93,167;94,167;94,168;114,168;95,169;115,169;115,170;
#635:
>0:128,177;128,178;108,178;108,179;107,180;107,181;106,181;106,182;105,182;125,182;125,183;125,184;
#636:
>0:202,101;182,101;183,101;183,102;163,102;164,103;164,104;164,105;
#637:
>0:165,142;164,143;164,144;164,145;
#638:
>0:141,165;141,166;142,166;142,167;143,168;143,169;143,170;
#639:
>0:191,168;191,169;170,169;170,170;169,170;169,171;169,172;148,172;148,173;148,174;
#640:
>0:148,184;148,185;148,186;
#641:
>0:173,185;173,186;174,186;174,187;173,187;173,188;173,189;
#642:
>0:106,185;106,186;106,187;107,187;107,188;107,189;
#643:
>0:209,96;209,97;229,97;229,98;229,99;
#644:
>0:208,166;208,167;208,168;188,168;188,169;188,170;168,170;168,171;168,172;
#645:
>0:125,192;125,193;125,194;
#646:
>0:122,179;122,180;122,181;123,181;123,182;124,182;124,183;125,183;125,184;125,185;
#647:
>0:128,179;128,180;127,180;127,181;127,182;107,182;107,183;107,184;106,184;
#648:
>0:168,168;168,169;168,170;
#649:
>0:122,178;122,179;122,180;142,180;142,181;142,182;143,182;143,183;143,184;
#650:
>0:140,100;140,101;141,101;141,102;142,102;142,103;142,104;
#651:
>0:121,182;121,183;121,184;122,184;122,185;122,186;123,186;123,187;124,187;124,188;124,189;125,189;125,190;125,191;
#652:
>0:160,186;160,187;161,187;161,188;181,188;181,189;181,190;
#653:
>0:131,186;131,187;111,188;110,188;110,189;109,189;109,190;109,191;108,191;108,192;108,193;
#654:
>0:108,198;108,199;108,200;
#655:
>0:108,190;108,191;108,192;
#656:
>0:148,177;148,178;148,179;147,179;147,180;147,181;127,181;127,182;146,182;146,183;146,184;
#657:
>0:205,219;
#658:
>0:125,65;124,65;124,66;124,67;
#659:
>0:143,162;143,163;144,163;144,164;164,164;144,164;144,165;165,165;165,166;165,167;
#660:
>0:126,218;126,219;126,220;
#661:
>0:106,117;106,118;106,119;
#662:
>0:126,220;
#663:
>0:208,200;208,201;208,202;188,202;188,203;188,204;189,204;190,205;170,205;171,206;172,206;152,206;151,207;132,207;112,208;92,208;92,209;91,209;71,209;70,209;70,210;50,210;49,210;49,211;49,212;48,212;48,213;28,213;28,214;28,215;
#664:
>0:126,220;
#665:
>0:127,155;127,156;127,157;
#666:
>0:131,188;131,189;131,190;130,190;130,191;129,191;129,192;129,193;128,194;128,195;
#667:
>0:108,186;108,187;108,188;
#668:
>0:126,221;
#669:
>0:107,169;87,170;106,170;106,171;105,171;105,172;104,172;104,173;124,173;125,173;125,174;125,175;
#670:
>0:131,186;131,187;130,187;130,188;130,189;129,189;109,190;129,190;128,191;128,192;128,193;127,193;127,194;
#671:
>0:145,178;146,179;146,180;145,180;145,181;146,181;146,182;166,182;166,183;166,184;186,184;186,185;186,186;187,186;187,187;208,187;208,188;208,189;
#672:
>0:209,182;208,182;208,183;188,184;187,184;187,185;187,186;
#673:
>0:106,186;126,187;126,188;126,189;
#674:
>0:108,175;107,176;107,177;107,178;
#675:
>0:168,182;167,182;167,183;167,184;
#676:
>0:69,129;69,130;89,130;89,131;89,132;
#677:
>0:128,130;128,131;108,131;108,132;107,132;107,133;107,134;
#678:
>0:165,143;165,144;166,144;166,145;166,146;
#679:
>0:212,194;211,195;191,195;191,196;191,197;170,197;170,198;169,198;169,199;169,200;
#680:
>0:147,172;147,173;167,173;167,174;166,174;166,175;165,175;165,176;164,176;144,176;144,177;143,177;143,178;143,179;
#681:
>0:107,184;107,185;107,186;
#682:
>0:107,211;107,212;108,212;108,213;108,214;128,214;128,215;128,216;
#683:
>0:111,186;111,187;131,187;131,188;131,189;111,189;111,190;112,190;112,191;132,191;132,192;151,192;152,192;152,193;172,193;171,193;170,194;190,194;189,194;188,195;187,195;186,196;185,196;184,196;184,197;163,197;162,197;162,198;142,198;142,199;142,200;
#684:
>0:131,188;131,189;131,190;130,190;130,191;129,192;129,193;129,194;128,194;128,195;108,195;108,196;107,196;107,197;106,197;105,197;125,198;125,199;145,199;145,200;145,201;
#685:
>0:187,185;168,186;168,187;168,188;
#686:
>0:162,150;162,151;163,151;163,152;163,153;
#687:
>0:209,101;209,102;208,102;208,103;188,103;189,104;189,105;189,106;
#688:
>0:107,121;108,121;108,122;107,122;127,123;128,123;127,124;128,124;127,124;127,125;
#689:
>0:49,151;49,152;69,152;69,153;89,153;89,154;89,155;
#690:
>0:108,49;108,50;107,51;106,52;
#691:
>0:106,183;106,184;126,184;126,185;126,186;
#692:
>0:126,184;126,185;126,186;
#693:
>0:131,187;131,188;131,189;130,189;130,190;129,190;129,191;109,191;129,191;129,192;128,192;128,193;128,194;
#694:
>0:150,175;150,176;150,177;
#695:
>0:106,160;106,161;106,162;
#696:
>0:209,167;209,168;189,169;189,170;188,170;188,171;188,172;
#697:
>0:148,203;147,204;148,204;128,205;127,205;127,206;107,206;107,207;108,207;108,208;108,209;
#698:
>0:145,176;145,177;145,178;
#699:
>0:209,201;208,202;188,202;188,203;188,204;
#700:
>0:145,168;145,169;145,170;
#701:
>0:184,145;183,146;163,146;164,146;164,147;164,148;
#702:
>0:148,208;148,209;147,209;147,210;127,210;127,211;127,212;107,212;107,213;106,213;106,214;106,215;
#703:
>0:124,189;124,190;123,190;123,191;103,191;103,192;103,193;104,193;84,193;84,194;85,194;85,195;65,195;66,195;66,196;86,197;86,198;86,199;66,199;66,200;67,200;
#704:
>0:143,152;143,153;123,153;123,154;124,154;124,155;124,156;125,156;125,157;125,158;
#705:
>0:145,195;145,196;125,196;146,197;126,197;126,198;127,198;127,199;128,199;127,199;127,200;107,200;107,201;107,202;
#706:
>0:108,193;108,194;108,195;
#707:
>0:108,191;108,192;108,193;
#708:
>0:107,216;108,217;108,218;107,218;107,219;107,220;
#709:
>0:153,206;153,207;153,208;
#710:
>0:143,195;143,196;163,196;164,197;164,198;163,198;163,199;184,199;185,199;185,200;186,200;206,201;206,202;207,202;208,202;208,203;208,204;
#711:
>0:107,173;108,173;108,174;107,175;107,176;106,176;125,177;125,178;124,178;124,179;124,180;123,180;124,181;124,182;124,183;
#712:
>0:131,186;131,187;130,187;130,188;129,189;109,190;129,190;128,191;128,192;128,193;127,193;128,193;148,194;148,195;148,196;
#713:
>0:108,194;108,195;108,196;109,196;109,197;108,198;108,199;107,200;106,200;106,201;106,202;
#714:
>0:162,175;162,176;141,176;141,177;142,178;142,179;142,180;
#715:
>0:106,107;106,108;105,109;105,110;104,110;124,111;125,111;125,112;125,113;
#716:
>0:106,110;106,111;105,111;105,112;125,112;125,113;125,114;
#717:
>0:107,211;107,212;107,213;108,213;108,214;128,215;128,216;128,217;
#718:
>0:131,180;111,181;111,182;112,182;112,183;112,184;132,184;151,184;152,185;172,185;171,185;170,186;190,186;189,186;188,186;188,187;187,187;186,187;185,187;185,188;184,188;163,188;162,189;162,190;162,191;142,191;142,192;142,193;
#719:
>0:106,128;106,129;126,129;126,130;126,131;
#720:
>0:131,124;131,125;111,125;111,126;112,126;112,127;132,128;131,128;151,128;152,129;152,130;172,130;172,131;171,131;171,132;170,132;190,133;189,133;188,133;188,134;187,134;187,135;186,135;186,136;185,136;184,136;184,137;163,137;162,138;162,139;162,140;
#721:
>0:122,190;122,191;122,192;142,192;142,193;162,194;163,194;163,195;182,195;181,196;201,196;200,196;
#722:
>0:151,182;151,183;151,184;
#723:
>0:146,185;146,186;146,187;126,187;126,188;127,188;127,189;128,189;128,190;128,191;
#724:
>0:140,193;141,194;142,194;142,195;143,196;143,197;144,197;144,198;144,199;145,199;165,199;165,200;165,201;146,202;146,203;147,203;
#725:
>0:181,173;181,174;181,175;
#726:
>0:107,209;108,209;108,210;128,210;128,211;128,212;
#727:
>0:107,210;107,211;108,211;108,212;128,213;127,213;106,213;106,214;105,214;125,214;125,215;145,215;145,216;145,217;
#728:
>0:100,211;100,212;120,212;120,213;121,213;122,214;
#729:
>0:148,179;147,179;147,180;148,180;148,181;148,182;149,182;149,183;149,184;150,184;130,184;130,185;130,186;
#730:
>0:143,213;143,214;143,215;142,215;143,216;123,216;123,217;124,218;125,219;125,220;125,221;
#731:
>0:109,219;109,220;109,221;108,221;108,222;108,223;
#732:
>0:108,172;128,173;128,174;128,175;
#733:
>0:106,199;106,200;106,201;
#734:
>0:152,211;152,212;151,212;151,213;150,213;130,214;130,215;130,216;110,216;110,217;109,217;109,218;109,219;108,219;
#735:
>0:212,194;212,195;212,196;213,197;212,197;212,198;192,198;191,198;191,199;191,200;
#736:
>0:107,211;107,212;108,212;108,213;108,214;128,214;128,215;128,216;
#737:
>0:141,192;121,192;121,193;121,194;122,194;123,194;123,195;144,196;144,197;145,198;145,199;145,200;
#738:
>0:131,187;131,188;131,189;130,189;130,190;129,190;129,191;129,192;128,192;128,193;108,194;107,195;106,195;106,196;
#739:
>0:209,193;209,194;209,195;189,195;189,196;169,196;169,197;169,198;149,199;149,200;149,201;
#740:
>0:150,206;150,207;130,207;130,208;150,208;150,209;130,209;130,210;129,210;129,211;109,212;129,212;128,212;128,213;128,214;
#741:
>0:127,180;127,181;127,182;
#742:
>0:107,211;107,212;108,212;108,213;107,213;107,214;106,215;105,216;125,216;125,217;124,218;124,219;
#743:
>0:147,158;147,159;147,160;
#744:
>0:122,41;122,42;123,42;123,43;124,43;124,44;125,45;125,46;125,47;126,47;126,48;126,49;146,49;146,50;
#745:
>0:171,161;170,162;170,163;170,164;
#746:
>0:129,81;129,82;128,82;128,83;128,84;
#747:
>0:193,141;193,142;213,142;212,143;192,143;191,143;191,144;191,145;170,146;170,147;169,147;169,148;148,148;148,149;148,150;128,150;128,151;128,152;
#748:
>0:111,188;131,188;131,189;131,190;111,190;111,191;112,191;112,192;112,193;132,193;131,193;152,194;172,194;171,194;170,195;190,195;189,195;188,196;188,197;208,198;208,199;208,200;
#749:
>0:108,195;108,196;107,197;106,197;106,198;105,198;125,198;125,199;145,199;145,200;145,201;
#750:
>0:131,183;131,184;131,185;130,186;130,187;129,187;129,188;129,189;128,189;128,190;128,191;
#751:
>0:107,206;107,207;108,207;108,208;107,208;107,209;106,209;106,210;105,210;125,210;125,211;124,212;124,213;123,213;123,214;144,215;144,216;143,216;143,217;
#752:
>0:146,223;165,223;185,223;185,224;165,225;165,226;164,226;164,227;144,227;144,228;145,228;145,229;125,229;
#753:
>0:191,200;191,201;171,202;170,202;190,202;189,203;188,203;187,204;186,204;206,205;205,205;205,206;204,206;204,207;203,207;203,208;203,209;
#754:
>0:145,216;145,217;125,217;126,217;146,218;126,218;127,219;127,220;127,221;
#755:
>0:131,171;131,172;111,172;111,173;111,174;112,174;112,175;132,175;153,175;173,176;152,176;132,176;151,176;152,177;172,177;171,177;170,178;190,178;189,178;188,179;189,179;189,180;189,181;209,181;209,182;209,183;
#756:
>0:131,203;131,204;111,204;111,205;112,206;112,207;132,207;132,208;151,208;152,208;172,208;171,209;171,210;191,210;191,211;211,211;212,211;212,212;212,213;
#757:
>0:163,169;163,170;162,170;162,171;163,171;163,172;163,173;164,173;164,174;144,175;165,175;165,176;165,177;146,177;146,178;146,179;147,179;147,180;147,181;
#758:
>0:108,93;108,94;108,95;
#759:
>0:149,199;149,200;149,201;
#760:
>0:108,208;108,209;108,210;
#761:
>0:212,184;211,185;191,185;191,186;171,186;171,187;170,187;150,188;
#762:
>0:130,171;130,172;130,173;
#763:
>0:107,188;107,189;108,189;108,190;107,190;107,191;107,192;
#764:
>0:185,207;185,208;186,209;185,209;184,210;183,210;163,210;163,211;162,211;142,211;142,212;142,213;
#765:
>0:145,134;145,135;145,136;
#766:
>0:106,213;106,214;105,214;125,214;125,215;125,216;
#767:
>0:122,183;122,184;122,185;123,185;123,186;123,187;124,187;124,188;124,189;125,189;125,190;125,191;
#768:
>0:109,213;109,214;109,215;
#769:
>0:148,205;128,206;128,207;128,208;
#770:
>0:168,42;168,43;168,44;188,44;189,44;190,45;170,45;171,45;172,45;152,46;131,46;132,46;132,47;112,47;92,47;92,48;71,48;70,48;70,49;50,49;49,49;49,50;48,51;48,52;
#771:
>0:126,147;126,148;126,149;
#772:
>0:208,170;208,171;208,172;188,172;208,172;208,173;208,174;207,174;207,175;227,175;227,176;227,177;247,177;247,178;247,179;267,180;287,181;
#773:
>0:185,184;185,185;165,185;165,186;165,187;164,187;144,188;145,188;145,189;145,190;
#774:
>0:128,189;108,189;108,190;107,190;106,191;126,191;126,192;126,193;
#775:
>0:147,208;147,209;147,210;
#776:
>0:167,199;167,200;168,200;168,201;168,202;188,202;189,203;190,203;170,203;171,204;172,204;152,204;151,205;132,205;132,206;132,207;131,207;131,208;
#777:
>0:131,185;131,186;111,186;111,187;112,187;112,188;132,188;151,189;152,189;172,189;171,189;171,190;190,190;189,190;188,191;187,191;186,192;206,192;206,193;225,193;245,193;245,194;265,194;285,194;
#778:
>0:168,225;169,225;168,226;168,227;188,228;187,228;186,229;185,229;184,229;184,230;163,230;162,230;142,231;142,232;122,232;122,233;122,234;121,234;121,235;120,235;120,236;100,236;100,237;
#779:
>0:208,219;208,220;188,220;188,221;188,222;
#780:
>0:273,200;273,201;252,201;252,202;253,203;233,203;234,204;235,204;235,205;235,206;215,206;215,207;215,208;
#781:
>0:145,212;145,213;145,214;
#782:
>0:121,127;121,128;121,129;
#783:
>0:180,203;
#784:
>0:160,212;160,213;
#785:
>0:148,195;148,196;148,197;
#786:
>0:145,190;145,191;145,192;
#787:
>0:148,170;147,170;147,171;147,172;148,172;148,173;148,174;
#788:
>0:180,179;180,180;181,180;161,180;160,180;160,181;
#789:
>0:207,214;207,215;187,215;187,216;186,216;186,217;185,217;184,217;183,218;163,218;162,218;162,219;142,220;142,221;142,222;
#790:
>0:122,231;122,232;122,233;121,233;121,234;120,235;120,236;120,237;
#791:
>0:209,197;209,198;209,199;
#792:
>0:145,199;145,200;145,201;144,201;144,202;143,203;143,204;142,204;142,205;141,206;141,207;140,207;
#793:
>0:187,152;187,153;187,154;
#794:
>0:122,202;122,203;142,204;142,205;162,205;163,205;183,206;184,206;185,206;186,206;186,207;187,207;188,207;188,208;188,209;
#795:
>0:173,227;153,228;172,228;172,229;
#796:
>0:146,154;147,155;146,155;146,156;146,157;
#797:
>0:171,145;171,146;171,147;
#798:
>0:124,199;124,200;124,201;123,202;144,202;144,203;143,203;143,204;
#799:
>0:106,194;106,195;126,195;126,196;146,197;145,198;146,198;146,199;147,200;167,200;167,201;
#800:
>0:145,156;145,157;145,158;125,159;124,159;124,160;124,161;
#801:
>0:182,146;181,147;181,148;181,149;201,149;201,150;201,151;
#802:
>0:171,162;171,163;170,163;190,164;189,164;188,164;188,165;187,165;186,165;185,166;184,166;183,166;163,167;162,168;182,168;181,168;181,169;201,169;201,170;
#803:
>0:162,186;162,187;142,187;142,188;143,188;142,189;142,190;143,190;
#804:
>0:145,157;145,158;145,159;
#805:
>0:106,125;105,126;125,126;125,127;125,128;
#806:
>0:143,201;143,202;143,203;
#807:
>0:212,233;212,234;212,235;213,235;213,236;193,236;
#808:
>0:209,192;208,193;208,194;188,194;188,195;188,196;
#809:
>0:143,208;143,209;143,210;142,210;142,211;162,211;163,211;163,212;182,212;181,212;201,213;200,213;
#810:
>0:145,182;145,183;145,184;
#811:
>0:122,195;122,196;123,196;123,197;144,197;144,198;144,199;
#812:
>0:212,188;212,189;211,189;211,190;211,191;210,192;230,192;230,193;250,193;251,193;251,194;250,194;249,194;248,195;268,195;267,195;266,195;266,196;285,196;284,196;263,196;263,197;262,197;261,197;
#813:
>0:145,132;145,133;145,134;146,134;146,135;146,136;126,136;126,137;126,138;
#814:
>0:89,121;89,122;89,123;
#815:
>0:131,189;131,190;111,190;111,191;112,192;132,193;151,193;152,194;172,194;171,194;170,195;190,195;189,195;188,195;188,196;187,196;186,196;185,197;184,197;163,197;163,198;162,198;182,198;181,199;201,199;200,199;
#816:
>0:173,165;173,166;173,167;
#817:
>0:128,218;127,219;147,220;146,220;146,221;145,221;145,222;145,223;
#818:
>0:128,238;128,239;
#819:
>0:111,194;111,195;111,196;
#820:
>0:127,223;107,224;127,224;127,225;127,226;
#821:
>0:173,204;173,205;174,205;174,206;174,207;
#822:
>0:122,174;122,175;122,176;
#823:
>0:209,207;208,207;208,208;208,209;188,209;189,209;189,210;209,210;209,211;229,212;230,212;230,213;210,213;211,214;231,214;231,215;
#824:
>0:171,170;151,170;171,170;171,171;171,172;
#825:
>0:145,183;145,184;145,185;165,185;164,186;163,186;163,187;182,187;181,188;201,188;201,189;201,190;
#826:
>0:128,223;128,224;127,224;127,225;107,225;107,226;106,226;106,227;106,228;
#827:
>0:125,198;126,198;126,199;126,200;
#828:
>0:202,215;202,216;201,217;181,217;181,218;182,218;182,219;162,219;163,219;163,220;164,220;164,221;144,221;144,222;145,222;145,223;145,224;125,224;125,225;125,226;
#829:
>0:145,166;145,167;145,168;
#830:
>0:128,146;128,147;128,148;
#831:
>0:131,204;131,205;131,206;111,206;111,207;131,208;131,209;132,209;131,209;131,210;132,210;151,210;152,211;172,211;171,211;171,212;190,212;189,213;188,213;187,213;186,214;185,214;184,214;184,215;163,215;162,215;162,216;141,217;141,218;160,219;
#832:
>0:144,95;144,96;164,96;164,97;164,98;
#833:
>0:150,179;149,179;149,180;148,180;148,181;148,182;
#834:
>0:140,226;141,227;142,228;143,228;143,229;143,230;123,230;123,231;124,232;125,233;125,234;125,235;
#835:
>0:181,200;181,201;161,201;162,202;182,202;162,202;162,203;163,203;163,204;163,205;164,205;164,206;144,206;165,207;166,208;146,208;146,209;147,209;147,210;147,211;148,211;148,212;147,213;148,214;127,214;127,215;107,215;106,215;106,216;106,217;
#836:
>0:152,200;152,201;151,202;
#837:
>0:143,191;143,192;144,192;144,193;143,193;143,194;142,194;142,195;162,195;163,196;162,197;182,197;181,197;201,198;200,198;
#838:
>0:122,174;122,175;122,176;
#839:
>0:180,190;160,190;
#840:
>0:131,171;131,172;131,173;130,173;130,174;150,174;170,174;190,174;210,174;190,174;170,174;150,174;130,174;130,175;129,175;129,176;109,176;129,176;109,176;109,177;109,178;
#841:
>0:107,211;107,212;108,213;107,214;106,214;106,215;105,215;125,216;125,217;
#842:
>0:125,211;105,211;106,211;106,212;106,213;
#843:
>0:87,190;107,190;107,191;107,192;
#844:
>0:171,149;170,149;170,150;170,151;
#845:
>0:108,238;108,239;
#846:
>0:108,189;108,190;108,191;107,191;107,192;107,193;
#847:
>0:125,202;125,203;125,204;
#848:
>0:131,190;131,191;131,192;
#849:
>0:148,199;148,200;148,201;
#850:
>0:145,212;145,213;146,213;146,214;146,215;166,215;166,216;166,217;
#851:
>0:122,219;122,220;121,220;121,221;101,222;102,222;102,223;122,223;102,223;103,223;103,224;123,224;103,224;104,224;104,225;104,226;
#852:
>0:148,177;148,178;148,179;
#853:
>0:125,138;125,139;126,139;126,140;126,141;
#854:
>0:131,218;131,219;111,220;111,221;131,221;131,222;131,223;132,223;131,224;132,224;131,224;151,224;152,225;172,225;171,225;171,226;190,226;189,227;188,227;187,227;186,228;185,228;184,229;183,229;163,229;163,230;164,230;164,231;144,231;144,232;145,232;145,233;145,234;
#855:
>0:145,167;145,168;145,169;125,169;146,169;146,170;126,170;127,171;127,172;
#856:
>0:143,213;143,214;143,215;
#857:
>0:131,171;131,172;111,172;111,173;111,174;112,174;112,175;132,175;132,176;151,176;152,176;172,176;171,177;170,177;190,177;189,177;189,178;188,178;187,178;186,179;206,179;206,180;205,180;205,181;204,181;204,182;224,182;224,183;224,184;244,184;244,185;224,185;
#858:
>0:165,211;164,212;164,213;144,213;144,214;143,214;
#859:
>0:171,220;171,221;171,222;
#860:
>0:113,197;113,198;113,199;112,199;112,200;111,200;111,201;111,202;131,203;130,204;130,205;129,205;109,206;129,206;109,206;109,207;109,208;
#861:
>0:131,204;131,205;111,206;112,207;112,208;132,208;131,208;152,209;172,209;171,209;171,210;191,210;191,211;212,211;212,212;
#862:
>0:122,207;122,208;122,209;
#863:
>0:209,209;209,210;209,211;
#864:
>0:108,235;
#865:
>0:111,204;131,204;131,205;131,206;130,206;130,207;130,208;
#866:
>0:182,180;163,181;162,181;163,182;184,183;185,183;186,183;187,184;188,184;189,184;190,185;170,185;171,185;172,186;152,186;151,186;131,186;132,187;132,188;131,188;131,189;131,190;111,190;131,190;131,191;131,192;132,192;131,192;132,193;151,193;152,193;172,194;171,194;170,194;190,195;189,195;188,195;187,196;186,196;185,196;184,197;183,197;163,197;162,197;162,198;162,199;
#867:
>0:143,198;143,199;142,199;142,200;141,200;141,201;140,201;160,201;
#868:
>0:108,163;107,163;107,164;106,164;106,165;
#869:
>0:145,226;145,227;145,228;
#870:
>0:131,185;131,186;111,186;111,187;112,187;112,188;112,189;92,189;72,189;53,190;33,190;34,191;14,191;
#871:
>0:150,226;150,227;170,227;171,228;171,229;170,229;190,229;189,230;188,230;187,231;186,231;185,231;184,232;183,232;163,232;163,233;183,233;183,234;183,235;182,235;202,236;202,237;
#872:
>0:152,168;152,169;151,169;151,170;150,171;150,172;130,172;130,173;129,173;129,174;129,175;128,175;128,176;
#873:
>0:165,217;165,218;164,218;164,219;163,219;163,220;163,221;
#874:
>0:128,221;128,222;128,223;
#875:
>0:108,218;108,219;108,220;
#876:
>0:165,211;165,212;165,213;
#877:
>0:131,193;131,194;130,194;130,195;130,196;
#878:
>0:106,198;106,199;106,200;
#879:
>0:128,209;128,210;127,211;128,211;127,212;147,212;147,213;127,213;127,214;147,214;146,214;146,215;146,216;145,216;145,217;145,218;
#880:
>0:108,204;108,205;108,206;
#881:
>0:145,176;145,177;145,178;
#882:
>0:145,173;145,174;165,174;165,175;166,175;166,176;167,177;167,178;147,178;147,179;148,180;148,181;149,181;149,182;
#883:
>0:100,174;101,174;101,175;102,175;102,176;122,176;102,176;103,176;103,177;104,177;104,178;105,178;105,179;106,179;106,180;106,181;
#884:
>0:122,193;122,194;102,195;103,195;104,196;104,197;105,197;105,198;106,198;106,199;106,200;
#885:
>0:143,196;143,197;123,197;123,198;124,198;124,199;124,200;125,200;125,201;125,202;126,202;126,203;126,204;
#886:
>0:108,219;108,220;108,221;
#887:
>0:180,136;181,137;201,137;201,138;201,139;221,139;221,140;
#888:
>0:162,167;162,168;162,169;
#889:
>0:209,224;208,225;208,226;188,226;187,227;187,228;187,229;
#890:
>0:107,226;107,227;108,227;108,228;108,229;107,229;107,230;127,230;127,231;128,232;127,232;128,232;128,233;127,233;127,234;127,235;
#891:
>0:131,192;131,193;131,194;111,194;111,195;111,196;112,196;112,197;132,197;132,198;151,198;152,198;171,198;171,199;170,199;190,199;189,199;189,200;188,200;187,200;186,200;186,201;185,201;184,201;163,202;162,202;182,203;181,203;201,203;200,204;
#892:
>0:164,230;144,231;145,232;145,233;125,233;125,234;125,235;
#893:
>0:108,234;108,235;108,236;
#894:
>0:232,191;232,192;212,192;211,192;211,193;211,194;191,195;191,196;171,197;170,197;169,198;169,199;169,200;
#895:
>0:29,221;29,222;29,223;
#896:
>0:143,181;143,182;143,183;
#897:
>0:128,207;128,208;128,209;
#898:
>0:108,228;108,229;108,230;
#899:
>0:122,178;122,179;121,179;121,180;121,181;101,181;101,182;102,182;102,183;103,183;103,184;104,184;104,185;105,185;105,186;106,186;86,187;87,187;107,188;87,188;87,189;87,190;
#900:
>0:129,180;129,181;130,182;150,182;150,183;150,184;170,184;171,184;171,185;191,185;191,186;
#901:
>0:106,239;
#902:
>0:107,208;108,209;128,209;128,210;129,210;129,211;
#903:
>0:131,239;
#904:
>0:106,197;106,198;126,198;126,199;126,200;
#905:
>0:166,217;165,218;165,219;165,220;
#906:
>0:146,204;146,205;126,205;126,206;127,206;127,207;128,207;128,208;128,209;
#907:
>0:100,215;100,216;120,216;120,217;121,217;121,218;122,218;122,219;142,219;142,220;143,220;143,221;143,222;
#908:
>0:180,225;180,226;201,226;181,226;182,227;163,227;163,228;164,228;144,228;144,229;165,229;165,230;165,231;146,231;146,232;147,232;147,233;148,234;147,234;148,235;127,235;127,236;127,237;
#909:
>0:183,239;163,239;
#910:
>0:209,190;209,191;209,192;
#911:
>0:145,228;145,229;146,229;146,230;146,231;126,231;126,232;126,233;
#912:
>0:148,223;148,224;148,225;
#913:
>0:167,223;167,224;167,225;166,225;166,226;146,226;146,227;145,227;145,228;146,228;145,228;145,229;
#914:
>0:187,236;187,237;187,238;186,238;185,238;185,239;184,239;163,239;
#915:
>0:108,219;108,220;108,221;107,221;108,221;108,222;128,222;128,223;128,224;129,224;129,225;149,225;149,226;149,227;
#916:
>0:107,230;108,231;108,232;108,233;
#917:
>0:106,214;106,215;126,215;126,216;126,217;
#918:
>0:148,236;148,237;148,238;
#919:
>0:109,218;89,218;89,219;88,219;88,220;89,220;89,221;89,222;
#920:
>0:108,213;108,214;107,214;107,215;107,216;
#921:
>0:107,226;107,227;108,227;108,228;107,229;106,229;106,230;106,231;105,231;125,231;125,232;145,232;145,233;145,234;
#922:
>0:148,221;148,222;148,223;168,223;188,224;187,225;186,225;185,225;184,226;163,226;163,227;162,227;182,227;182,228;181,228;181,229;181,230;201,230;201,231;201,232;
#923:
>0:48,210;48,211;47,211;46,212;45,212;25,212;5,213;
#924:
>0:166,207;166,208;166,209;
#925:
>0:131,221;131,222;131,223;130,223;130,224;130,225;
#926:
>0:111,227;131,227;131,228;131,229;130,229;130,230;130,231;129,231;129,232;129,233;128,233;128,234;128,235;
#927:
>0:120,239;
#928:
>0:122,206;122,207;122,208;
#929:
>0:131,190;131,191;131,192;
#930:
>0:209,229;209,230;209,231;208,231;208,232;188,232;188,233;187,233;187,234;167,235;167,236;147,236;147,237;127,237;127,238;146,238;146,239;
#931:
>0:128,224;128,225;128,226;108,226;108,227;108,228;
#932:
>0:185,231;185,232;165,233;165,234;166,234;186,235;187,235;188,236;189,236;190,236;170,237;171,237;171,238;170,238;150,239;
#933:
>0:106,225;106,226;125,226;125,227;125,228;124,228;124,229;123,229;123,230;122,230;122,231;122,232;121,232;120,233;120,234;
#934:
>0:106,237;126,238;126,239;146,239;
#935:
>0:145,237;145,238;144,239;
#936:
>0:122,235;122,236;122,237;123,237;123,238;124,238;124,239;
#937:
>0:145,207;145,208;165,208;165,209;164,209;164,210;163,211;182,211;182,212;181,212;201,212;200,212;
#938:
>0:128,223;128,224;127,224;127,225;107,226;107,227;107,228;
#939:
>0:152,219;151,220;151,221;150,221;150,222;130,222;130,223;131,223;
#940:
>0:149,126;149,127;129,127;129,128;128,128;128,129;128,130;127,130;127,131;107,131;107,132;106,132;106,133;105,133;125,133;125,134;125,135;
#941:
>0:107,230;107,231;108,232;108,233;107,233;107,234;106,234;106,235;106,236;
#942:
>0:169,196;169,197;149,197;149,198;149,199;129,199;129,200;129,201;109,201;129,201;130,201;130,202;131,203;131,204;
#943:
>0:171,194;151,195;171,195;171,196;171,197;170,197;190,197;189,198;188,198;187,199;187,200;167,200;167,201;
#944:
>0:143,198;143,199;144,199;144,200;144,201;165,201;165,202;146,202;146,203;147,204;148,205;149,206;149,207;149,208;
#945:
>0:126,221;126,222;126,223;
#946:
>0:107,203;86,203;86,204;87,204;107,204;107,205;107,206;
#947:
>0:182,161;182,162;183,162;183,163;164,163;164,164;163,165;163,166;184,166;185,167;186,167;187,168;188,168;188,169;188,170;
#948:
>0:151,214;151,215;152,215;152,216;172,216;172,217;173,217;173,218;174,219;174,220;175,220;175,221;176,221;176,222;177,223;177,224;176,224;196,225;196,226;196,227;
#949:
>0:101,237;101,238;121,238;121,239;
#950:
>0:106,225;106,226;105,226;105,227;106,227;106,228;106,229;
#951:
>0:107,207;107,208;108,208;108,209;128,209;128,210;128,211;
#952:
>0:185,218;205,219;185,219;185,220;185,221;
#953:
>0:107,230;107,231;108,232;128,233;128,234;128,235;127,235;127,236;
#954:
>0:48,151;48,152;48,153;
#955:
>0:143,239;
#956:
>0:140,199;140,200;141,200;141,201;142,201;142,202;143,203;143,204;143,205;
#957:
>0:164,193;164,194;164,195;
#958:
>0:143,222;143,223;143,224;
#959:
>0:145,229;145,230;145,231;144,231;144,232;144,233;
#960:
>0:209,166;209,167;209,168;
#961:
>0:106,208;106,209;105,209;105,210;104,210;104,211;104,212;
#962:
>0:228,237;228,238;228,239;208,239;
#963:
>0:162,181;162,182;162,183;163,183;163,184;164,184;164,185;144,185;165,186;165,187;146,188;146,189;147,189;147,190;148,190;148,191;147,191;127,192;128,192;127,192;127,193;127,194;128,194;128,195;128,196;
#964:
>0:160,235;160,236;160,237;161,237;161,238;162,238;162,239;
#965:
>0:129,214;129,215;149,215;149,216;149,217;148,217;148,218;148,219;
#966:
>0:140,157;141,158;141,159;142,160;122,161;123,161;103,161;103,162;84,162;64,163;44,163;44,164;24,164;25,164;25,165;5,165;
#967:
>0:141,223;142,223;142,224;142,225;141,225;141,226;141,227;
#968:
>0:106,201;106,202;106,203;
#969:
>0:171,201;171,202;171,203;170,203;190,204;189,204;188,205;187,205;186,206;185,206;184,206;184,207;183,207;163,207;163,208;183,208;183,209;182,209;182,210;182,211;
#970:
>0:140,233;141,233;141,234;141,235;142,235;142,236;162,237;163,237;184,237;185,238;186,238;187,238;187,239;
#971:
>0:120,216;
#972:
>0:145,223;145,224;145,225;
#973:
>0:108,218;108,219;108,220;
#974:
>0:108,228;108,229;108,230;
#975:
>0:145,220;145,221;145,222;144,222;144,223;144,224;143,224;143,225;123,225;123,226;122,226;122,227;121,227;120,228;
#976:
>0:122,183;122,184;122,185;123,186;123,187;124,187;124,188;124,189;125,189;125,190;125,191;
#977:
>0:108,234;108,235;108,236;
#978:
>0:128,204;128,205;128,206;
#979:
>0:127,211;108,211;108,212;107,213;127,213;127,214;127,215;107,215;
#980:
>0:209,234;209,235;209,236;
#981:
>0:131,225;131,226;130,227;130,228;130,229;131,229;151,229;152,229;152,230;152,231;
#982:
>0:131,207;131,208;111,209;111,210;112,210;112,211;132,212;131,212;152,212;152,213;171,213;170,213;189,214;188,214;187,214;187,215;186,215;185,215;184,216;163,216;162,216;142,217;122,217;123,218;124,218;
#983:
>0:108,212;108,213;107,213;107,214;106,214;105,215;125,215;125,216;124,216;124,217;123,217;123,218;144,218;144,219;144,220;
#984:
>0:100,226;101,226;101,227;102,227;102,228;103,228;103,229;123,229;104,229;104,230;
#985:
>0:87,217;87,218;87,219;
#986:
>0:122,209;122,210;122,211;142,211;142,212;162,213;163,213;163,214;182,214;181,214;201,215;200,215;
#987:
>0:150,231;130,232;130,233;129,233;129,234;109,234;129,234;129,235;128,235;128,236;128,237;127,237;127,238;127,239;107,239;
#988:
>0:143,228;143,229;142,229;142,230;142,231;
#989:
>0:164,219;164,220;144,220;144,221;165,221;165,222;166,223;146,223;147,223;147,224;148,224;148,225;147,225;127,225;127,226;127,227;
#990:
>0:122,178;121,178;121,179;121,180;
#991:
>0:106,234;106,235;107,236;107,237;107,238;
#992:
>0:122,229;122,230;122,231;
#993:
>0:131,222;131,223;111,223;111,224;111,225;112,225;112,226;132,226;132,227;131,227;152,227;171,228;170,228;190,229;210,229;230,230;250,230;251,231;250,231;249,232;248,232;268,232;267,232;266,233;265,233;285,233;264,233;263,234;262,234;261,234;281,234;
#994:
>0:108,217;108,218;108,219;
#995:
>0:144,203;144,204;143,204;143,205;142,206;142,207;162,207;163,207;163,208;162,208;182,208;182,209;181,209;201,209;200,209;
#996:
>0:125,233;125,234;125,235;
#997:
>0:106,227;106,228;126,228;126,229;126,230;
#998:
>0:162,226;162,227;162,228;163,228;163,229;182,229;182,230;181,230;201,230;181,231;181,232;201,232;201,233;200,233;201,233;201,234;
#999:
>0:108,235;108,236;108,237;
#1000:
>0:107,216;107,217;87,217;88,218;87,219;87,220;86,220;86,221;66,221;66,222;67,222;67,223;67,224;
#1001:
>0:107,230;107,231;107,232;
#1002:
>0:125,239;
#1003:
>0:209,204;209,205;209,206;
#1004:
>0:106,231;106,232;106,233;
#1005:
>0:128,230;128,231;128,232;
#1006:
>0:131,229;131,230;131,231;130,231;130,232;130,233;
#1007:
>0:108,229;108,230;108,231;109,231;109,232;109,233;129,233;130,234;130,235;130,236;131,236;131,237;131,238;
#1008:
>0:145,165;145,166;145,167;
#1009:
>0:163,223;143,223;163,224;164,224;164,225;164,226;144,226;165,227;165,228;146,228;147,229;148,230;147,230;147,231;127,231;127,232;127,233;128,233;128,234;108,235;
#1010:
>0:127,234;127,235;127,236;128,236;128,237;108,237;108,238;109,238;109,239;
#1011:
>0:106,211;106,212;126,212;126,213;126,214;146,214;145,214;145,215;145,216;165,216;165,217;165,218;
#1012:
>0:160,234;160,235;161,235;161,236;181,236;181,237;181,238;201,238;181,238;181,239;201,239;
#1013:
>0:129,225;129,226;109,227;129,227;129,228;128,228;128,229;128,230;108,230;108,231;107,232;106,232;106,233;
#1014:
>0:167,207;167,208;166,208;166,209;187,209;187,210;187,211;167,211;167,212;
#1015:
>0:122,236;122,237;122,238;
#1016:
>0:106,233;106,234;105,235;125,235;125,236;124,237;123,237;123,238;122,239;142,239;
#1017:
>0:208,232;208,233;208,234;188,234;188,235;187,235;187,236;187,237;
#1018:
>0:124,227;124,228;124,229;
#1019:
>0:165,207;165,208;166,208;166,209;186,209;187,210;187,211;188,211;208,211;208,212;208,213;
#1020:
>0:187,187;207,187;207,188;187,188;187,189;186,189;186,190;166,190;166,191;166,192;
#1021:
>0:107,227;107,228;108,229;108,230;107,230;127,231;127,232;128,232;127,232;127,233;128,233;127,234;147,234;147,235;147,236;167,236;167,237;167,238;187,238;187,239;
#1022:
>0:125,192;125,193;125,194;
#1023:
>0:212,209;211,210;211,211;212,212;232,212;232,213;232,214;252,214;252,215;252,216;253,216;253,217;253,218;
#1024:
>0:187,162;187,163;186,163;187,163;187,164;186,164;185,164;185,165;184,165;163,165;163,166;162,166;142,166;123,167;103,167;103,168;104,168;84,169;
#1025:
>0:107,229;108,229;108,230;108,231;107,231;107,232;107,233;
#1026:
>0:147,235;148,235;148,236;147,236;147,237;147,238;
#1027:
>0:185,58;186,58;185,59;184,59;184,60;163,60;162,60;162,61;162,62;
#1028:
>0:171,232;171,233;170,233;170,234;170,235;
#1029:
>0:122,238;122,239;
#1030:
>0:185,211;165,211;166,212;166,213;187,213;208,213;228,213;249,213;268,213;248,213;228,214;207,214;187,214;166,214;167,214;167,215;167,216;168,216;
#1031:
>0:209,218;209,219;210,220;210,221;230,221;250,221;251,222;250,222;250,223;249,223;268,223;267,224;266,224;265,224;285,224;284,225;263,225;263,226;262,226;262,227;261,227;281,227;
#1032:
>0:131,200;111,201;111,202;112,202;112,203;132,203;131,203;152,204;172,204;171,204;170,205;190,205;210,205;210,206;230,206;250,206;251,207;271,207;292,207;
#1033:
>0:131,228;131,229;130,230;130,231;129,231;109,232;129,232;129,233;128,233;128,234;128,235;
#1034:
>0:125,231;125,232;125,233;126,233;125,234;124,234;124,235;123,235;122,236;142,236;162,236;163,237;184,237;185,237;185,238;186,238;206,238;206,239;
#1035:
>0:128,168;127,169;127,170;127,171;
#1036:
>0:107,232;108,233;108,234;107,234;107,235;106,235;126,235;126,236;126,237;146,237;146,238;145,239;
#1037:
>0:108,227;108,228;108,229;
#1038:
>0:107,227;107,228;87,228;107,228;88,228;108,229;109,229;90,230;111,230;111,231;112,231;112,232;112,233;132,233;132,234;131,234;151,235;152,235;172,235;172,236;171,237;171,238;171,239;
#1039:
>0:130,232;130,233;130,234;
#1040:
>0:107,224;107,225;108,225;108,226;108,227;
#1041:
>0:131,237;131,238;131,239;
#1042:
>0:145,216;145,217;145,218;146,219;146,220;147,221;147,222;148,222;148,223;148,224;149,224;169,224;169,225;169,226;170,226;170,227;170,228;
#1043:
>0:131,216;131,217;111,217;111,218;112,218;112,219;112,220;92,220;92,221;91,221;71,221;70,222;69,222;48,222;48,223;47,223;46,223;25,223;25,224;5,224;5,225;4,225;4,226;3,226;3,227;3,228;2,228;2,229;1,229;
#1044:
>0:112,157;112,158;92,158;72,159;73,159;53,159;33,160;14,160;14,161;
#1045:
>0:146,229;146,230;146,231;126,231;126,232;127,232;127,233;127,234;
#1046:
>0:122,235;122,236;122,237;
#1047:
>0:209,231;208,231;208,232;188,232;188,233;189,234;190,234;170,234;171,234;171,235;172,235;152,235;151,235;131,236;132,236;132,237;133,237;153,237;154,238;155,238;136,238;136,239;137,239;116,239;
#1048:
>0:184,204;185,204;186,204;186,205;206,205;206,206;205,206;205,207;205,208;
#1049:
>0:195,238;195,239;
#1050:
>0:150,213;150,214;150,215;170,216;171,216;171,217;170,217;190,218;189,218;188,218;188,219;187,219;186,219;185,219;185,220;184,220;163,220;163,221;182,221;181,222;201,222;200,222;
#1051:
>0:127,233;127,234;127,235;128,235;127,236;148,236;148,237;168,237;168,238;188,238;189,238;190,239;210,239;
#1052:
>0:107,228;107,229;107,230;
#1053:
>0:111,231;131,232;131,233;111,233;111,234;112,235;112,236;132,236;151,236;152,237;172,237;171,237;171,238;170,238;190,238;190,239;210,239;
#1054:
>0:205,220;205,221;185,221;185,222;205,222;205,223;205,224;204,225;
#1055:
>0:131,222;131,223;131,224;130,224;130,225;130,226;131,226;151,227;152,227;152,228;153,229;173,230;173,231;174,231;174,232;175,232;175,233;176,233;176,234;177,234;177,235;178,235;178,236;158,236;159,236;159,237;159,238;
#1056:
>0:131,231;131,232;131,233;111,233;111,234;112,234;112,235;132,236;151,236;152,236;172,237;171,237;170,237;190,238;189,238;188,238;188,239;
#1057:
>0:146,91;146,92;146,93;126,93;126,94;127,94;127,95;127,96;147,96;147,97;148,97;148,98;168,98;168,99;188,100;189,100;190,100;170,101;171,101;172,101;152,102;151,102;131,102;132,102;132,103;133,103;153,104;154,104;155,104;136,105;137,105;117,105;117,106;98,106;98,107;97,107;98,108;98,109;117,109;98,109;98,110;117,111;98,111;98,112;97,112;98,113;98,114;97,114;98,114;98,115;98,116;
#1058:
>0:148,230;148,231;148,232;
#1059:
>0:145,97;145,98;145,99;146,99;146,100;146,101;147,101;147,102;148,103;
#1060:
>0:143,233;143,234;143,235;163,235;164,235;164,236;164,237;163,238;162,238;182,238;182,239;181,239;
#1061:
>0:124,175;124,176;124,177;
#1062:
>0:165,13;
#1063:
>0:148,158;148,159;148,160;
#1064:
>0:171,209;171,210;172,211;152,211;151,211;132,212;112,212;92,213;72,213;73,214;53,214;33,214;34,215;14,215;
#1065:
>0:181,232;181,233;181,234;
#1066:
>0:131,233;131,234;131,235;130,235;130,236;129,236;129,237;109,237;129,237;128,238;128,239;
#1067:
>0:146,141;146,142;145,143;165,143;165,144;164,144;164,145;163,145;163,146;162,146;182,146;181,146;201,147;200,147;
#1068:
>0:108,216;108,217;108,218;109,218;109,219;108,219;109,220;109,221;110,221;110,222;110,223;111,223;111,224;131,225;131,226;131,227;
#1069:
>0:181,213;182,214;162,214;163,214;163,215;183,215;184,216;185,216;186,216;187,217;188,217;168,218;168,219;168,220;
#1070:
>0:131,237;131,238;131,239;
#1071:
>0:131,225;131,226;130,226;149,226;168,226;187,226;168,227;149,227;130,227;131,227;130,227;130,228;130,229;150,229;149,229;148,230;147,230;146,230;165,230;164,230;163,230;162,230;163,230;164,230;165,230;166,230;147,230;148,230;149,230;150,230;150,231;150,232;149,232;149,233;148,233;148,234;147,234;167,235;166,236;166,237;
#1072:
>0:107,227;108,227;108,228;108,229;107,229;106,230;106,231;125,231;125,232;125,233;145,234;145,235;145,236;
#1073:
>0:186,207;186,208;186,209;166,209;166,210;165,210;165,211;165,212;
#1074:
>0:171,169;171,170;170,170;170,171;169,171;169,172;148,172;148,173;148,174;
#1075:
>0:141,188;141,189;141,190;142,190;142,191;142,192;
#1076:
>0:107,230;108,231;108,232;108,233;
#1077:
>0:209,214;209,215;208,215;208,216;188,216;188,217;188,218;189,218;190,219;170,219;171,219;171,220;172,220;172,221;153,221;153,222;153,223;173,223;173,224;174,224;174,225;174,226;
#1078:
>0:107,223;107,224;107,225;
#1079:
>0:125,229;125,230;125,231;
#1080:
>0:146,163;146,164;146,165;145,165;145,166;145,167;165,167;165,168;165,169;164,169;164,170;163,170;163,171;162,171;182,171;181,171;201,172;200,172;
#1081:
>0:211,234;212,234;211,234;191,235;191,236;171,236;171,237;170,237;150,238;150,239;
#1082:
>0:207,147;207,148;207,149;
#1083:
>0:108,231;108,232;108,233;107,233;107,234;127,234;127,235;128,235;127,236;128,236;148,237;168,237;169,238;
#1084:
>0:108,171;108,172;107,172;107,173;106,173;105,173;125,174;125,175;125,176;
#1085:
>0:106,117;107,117;107,118;107,119;127,119;128,120;127,120;128,120;128,121;148,121;148,122;168,122;168,123;168,124;188,124;188,125;188,126;
#1086:
>0:148,223;148,224;147,224;148,225;148,226;168,226;168,227;188,227;189,227;189,228;190,228;210,228;210,229;230,229;250,229;251,230;271,230;292,230;
#1087:
>0:143,181;143,182;163,183;164,183;164,184;144,184;165,184;165,185;165,186;146,186;146,187;147,187;147,188;147,189;127,190;127,191;128,191;128,192;
#1088:
>0:202,167;202,168;201,168;181,168;201,168;201,169;180,169;
#1089:
>0:209,233;229,234;229,235;229,236;
#1090:
>0:128,234;128,235;128,236;
#1091:
>0:128,225;128,226;108,227;107,227;107,228;106,228;106,229;106,230;
#1092:
>0:212,208;212,209;211,209;191,209;191,210;171,210;171,211;170,211;150,211;150,212;149,212;149,213;149,214;129,214;129,215;129,216;128,216;128,217;128,218;
#1093:
>0:128,227;127,228;127,229;107,229;107,230;107,231;
#1094:
>0:122,211;122,212;122,213;
#1095:
>0:211,220;211,221;191,222;211,222;191,223;190,223;189,224;209,224;189,225;188,226;188,227;168,227;168,228;168,229;148,229;148,230;148,231;147,231;127,232;128,232;127,232;127,233;127,234;107,234;106,234;106,235;
#1096:
>0:124,234;124,235;123,235;123,236;103,236;103,237;84,237;64,237;44,238;24,238;25,238;26,239;27,239;7,239;8,239;
#1097:
>0:168,234;168,235;168,236;
#1098:
>0:131,185;131,186;130,186;130,187;130,188;129,188;109,189;129,189;128,190;108,191;108,192;107,192;107,193;107,194;
#1099:
>0:122,227;141,228;141,229;141,230;
#1100:
>0:127,197;147,198;147,199;147,200;148,200;148,201;148,202;
#1101:
>0:106,175;106,176;106,177;
#1102:
>0:148,143;148,144;148,145;
#1103:
>0:171,211;151,211;151,212;152,212;172,212;172,213;171,213;170,214;190,214;210,215;230,215;250,215;251,216;250,216;249,217;268,217;267,217;266,218;265,218;284,218;263,218;262,219;261,219;
#1104:
>0:165,237;165,238;165,239;
#1105:
>0:173,217;173,218;174,218;174,219;175,219;175,220;176,220;176,221;196,221;196,222;196,223;
#1106:
>0:108,230;108,231;108,232;
#1107:
>0:129,183;129,184;130,184;130,185;150,185;150,186;150,187;170,187;171,187;171,188;191,188;191,189;212,189;212,190;213,190;213,191;214,191;214,192;234,193;234,194;234,195;
#1108:
>0:125,189;124,190;123,191;122,191;123,191;123,192;103,192;103,193;104,193;104,194;84,194;85,194;85,195;65,195;65,196;65,197;
#1109:
>0:180,185;160,186;161,186;161,187;181,187;181,188;181,189;
#1110:
>0:152,184;152,185;151,185;151,186;150,186;150,187;150,188;
#1111:
>0:129,228;128,228;128,229;128,230;
#1112:
>0:148,97;148,98;148,99;128,99;128,100;128,101;
#1113:
>0:183,235;184,235;183,236;183,237;182,237;183,237;202,237;202,238;201,239;181,239;
#1114:
>0:212,55;213,56;194,56;194,57;194,58;193,58;173,58;173,59;
#1115:
>0:128,88;128,89;128,90;148,90;148,91;168,91;168,92;188,92;189,93;190,93;210,94;230,94;250,95;251,95;252,95;253,96;274,96;275,96;276,97;277,97;278,98;279,98;
#1116:
>0:164,183;144,184;165,184;165,185;165,186;166,186;146,186;146,187;147,187;147,188;148,189;147,189;147,190;127,190;127,191;127,192;107,193;107,194;
#1117:
>0:101,40;102,40;122,40;103,41;123,41;103,41;104,42;105,43;106,43;106,44;86,44;87,44;107,44;107,45;88,45;87,46;88,46;88,47;69,47;69,48;69,49;
#1118:
>0:131,3;131,4;130,4;130,5;150,6;150,7;149,7;148,7;148,8;147,8;147,9;167,9;166,9;166,10;165,11;145,11;145,12;145,13;
#1119:
>0:185,41;185,42;185,43;205,43;204,43;204,44;203,44;203,45;202,45;202,46;201,47;201,48;201,49;
#1120:
>0:122,212;122,213;122,214;142,214;142,215;162,215;163,216;162,216;182,216;181,217;201,217;200,217;
#1121:
>0:202,96;182,96;183,97;183,98;163,98;164,98;164,99;164,100;165,100;165,101;165,102;
#1122:
>0:186,144;187,144;187,145;187,146;
#1123:
>0:173,0;172,0;172,1;171,1;170,2;190,2;189,2;188,3;187,3;186,3;185,4;184,4;163,4;163,5;162,5;142,5;142,6;143,7;143,8;143,9;
#1124:
>0:108,0;108,1;109,1;109,2;108,2;109,2;109,3;110,3;111,4;111,5;112,5;112,6;132,6;132,7;151,7;152,7;172,7;171,8;170,8;190,8;210,9;230,9;250,10;251,10;250,10;250,11;249,11;268,11;267,11;267,12;266,12;265,12;284,12;263,13;244,13;225,13;206,13;187,13;206,13;225,13;244,13;263,13;262,14;261,14;
#1125:
>0:160,6;140,6;141,6;141,7;142,8;142,9;162,9;142,9;142,10;162,10;162,11;162,12;
#1126:
>0:68,0;68,1;69,2;49,2;49,3;49,4;48,4;49,5;49,6;69,6;69,7;89,7;89,8;109,8;109,9;108,9;109,9;129,10;149,11;169,12;169,13;168,13;168,14;188,14;168,14;168,15;187,15;188,16;
#1127:
>0:163,25;163,26;164,26;144,26;144,27;145,27;145,28;125,29;125,30;125,31;
#1128:
>0:127,0;147,0;148,1;168,2;189,2;189,3;190,3;210,4;230,4;250,4;251,5;250,5;249,6;268,6;267,6;266,6;265,7;285,7;264,7;263,7;262,8;261,8;281,8;
#1129:
>0:108,0;108,1;108,2;
#1130:
>0:128,0;
#1131:
>0:181,29;181,30;160,30;160,31;
#1132:
>0:108,34;108,35;108,36;
#1133:
>0:187,11;187,12;187,13;
#1134:
>0:166,14;166,15;166,16;165,16;165,17;164,17;163,18;162,18;182,18;182,19;181,19;200,19;
#1135:
>0:122,41;122,42;123,42;123,43;124,43;124,44;125,44;125,45;125,46;106,46;106,47;125,47;125,48;124,48;123,48;123,49;122,49;142,49;142,50;
#1136:
>0:162,0;162,1;163,1;163,2;164,3;144,3;144,4;145,4;145,5;125,5;125,6;125,7;106,7;106,8;106,9;
#1137:
>0:128,5;128,6;148,6;148,7;168,7;169,7;169,8;169,9;
#1138:
>0:107,33;107,34;107,35;106,35;106,36;106,37;105,38;104,38;104,39;104,40;105,40;105,41;106,41;86,41;87,42;107,42;88,42;88,43;87,43;87,44;
#1139:
>0:134,21;133,22;133,23;153,24;152,24;152,25;151,26;150,26;150,27;
#1140:
>0:112,0;113,0;113,1;112,2;113,2;112,3;111,4;111,5;131,5;131,6;
#1141:
>0:141,25;141,26;141,27;
#1142:
>0:113,39;113,40;113,41;
#1143:
>0:205,61;205,62;205,63;185,63;184,64;183,65;203,66;183,66;202,66;202,67;
#1144:
>0:187,42;188,43;187,43;187,44;186,44;186,45;166,45;165,45;165,46;165,47;
#1145:
>0:107,53;87,53;107,54;107,55;107,56;106,56;107,57;
#1146:
>0:212,22;211,22;211,23;211,24;210,24;210,25;210,26;209,26;209,27;208,27;208,28;207,28;207,29;206,30;205,31;206,31;186,31;185,32;184,32;163,33;183,33;183,34;163,34;162,34;162,35;
#1147:
>0:145,29;145,30;125,31;126,31;146,31;126,32;127,32;127,33;128,33;128,34;128,35;129,35;129,36;129,37;
#1148:
>0:148,46;148,47;148,48;147,48;127,48;127,49;107,49;107,50;106,50;106,51;
#1149:
>0:108,4;108,5;108,6;107,6;107,7;127,7;128,7;128,8;127,8;128,9;148,9;168,10;188,10;188,11;187,12;186,12;206,13;225,13;225,14;245,14;265,14;265,15;285,15;
#1150:
>0:141,0;
#1151:
>0:168,0;188,0;189,1;190,1;210,2;230,2;250,2;251,3;250,3;249,4;268,4;267,4;266,5;265,5;284,5;263,5;262,6;261,6;
#1152:
>0:107,29;107,30;108,30;107,31;107,32;107,33;
#1153:
>0:164,50;164,51;164,52;
#1154:
>0:107,29;107,30;108,30;107,31;107,32;107,33;
#1155:
>0:180,21;201,21;181,21;182,22;163,22;163,23;184,23;185,24;186,24;187,24;188,24;188,25;189,25;190,25;170,25;171,26;170,26;170,27;171,27;152,27;151,28;131,28;132,28;132,29;131,29;131,30;111,30;111,31;111,32;
#1156:
>0:188,2;188,3;188,4;208,4;188,5;189,5;189,6;209,6;209,7;208,7;209,7;209,8;209,9;
#1157:
>0:108,73;108,74;108,75;107,75;106,76;106,77;106,78;
#1158:
>0:127,32;127,33;146,33;146,34;146,35;145,35;145,36;165,36;165,37;164,38;163,39;162,39;182,39;181,40;201,40;201,41;181,41;200,41;200,42;
#1159:
>0:142,69;141,69;141,70;
#1160:
>0:109,64;109,65;89,65;89,66;69,66;69,67;49,67;49,68;48,68;
#1161:
>0:122,60;122,61;123,61;123,62;124,62;124,63;125,63;125,64;125,65;126,65;126,66;146,67;
#1162:
>0:143,10;143,11;
#1163:
>0:168,42;168,43;169,43;168,43;168,44;188,45;189,45;190,45;170,46;171,46;152,47;151,47;132,47;132,48;112,48;92,49;91,49;71,49;70,50;50,50;49,51;48,52;48,53;
#1164:
>0:145,39;145,40;165,40;165,41;165,42;
#1165:
>0:187,34;186,34;186,35;186,36;206,36;186,36;186,37;187,37;187,38;186,38;185,39;184,39;163,40;162,40;142,40;142,41;122,41;123,41;123,42;124,42;145,42;166,43;187,43;208,43;228,43;229,43;250,43;229,43;208,43;187,44;166,44;145,44;124,44;123,44;123,45;
#1166:
>0:128,33;128,34;108,35;107,35;106,35;106,36;125,36;125,37;125,38;124,38;123,39;122,39;122,40;121,40;121,41;120,41;
#1167:
>0:66,44;66,45;65,45;65,46;65,47;
#1168:
>0:145,46;145,47;146,47;146,48;166,49;166,50;166,51;186,51;186,52;187,52;187,53;187,54;188,54;208,54;208,55;208,56;
#1169:
>0:108,51;108,52;108,53;
#1170:
>0:168,44;168,45;168,46;167,46;167,47;187,47;187,48;186,48;186,49;185,49;184,49;184,50;163,50;163,51;183,51;182,51;182,52;181,52;181,53;
#1171:
>0:108,26;108,27;108,28;
#1172:
>0:144,29;143,29;143,30;144,30;164,31;144,31;165,31;165,32;166,33;146,33;146,34;147,34;147,35;147,36;
#1173:
>0:120,171;121,172;122,172;122,173;122,174;
#1174:
>0:106,58;106,59;106,60;
#1175:
>0:160,50;140,51;141,51;141,52;142,52;142,53;143,53;144,54;144,55;145,55;145,56;145,57;
#1176:
>0:163,32;163,33;164,34;164,35;144,35;144,36;145,36;145,37;125,37;125,38;125,39;
#1177:
>0:148,22;148,23;147,24;127,24;127,25;107,26;107,27;106,27;106,28;
#1178:
>0:108,44;108,45;108,46;107,46;127,46;108,47;107,47;106,48;126,48;126,49;126,50;
#1179:
>0:128,0;148,1;148,2;149,2;149,3;150,3;150,4;170,4;171,4;172,4;172,5;173,5;173,6;193,6;194,6;194,7;
#1180:
>0:125,40;125,41;125,42;105,42;106,43;106,44;107,44;107,45;107,46;
#1181:
>0:127,49;127,50;127,51;
#1182:
>0:123,61;143,61;143,62;142,62;142,63;162,64;163,64;163,65;182,65;182,66;181,66;201,66;200,66;200,67;
#1183:
>0:129,17;129,18;109,18;109,19;108,19;108,20;109,21;89,21;89,22;88,22;88,23;
#1184:
>0:205,25;186,25;186,26;187,26;187,27;188,27;188,28;189,28;190,28;170,29;171,29;152,29;152,30;151,30;132,30;132,31;132,32;131,32;131,33;
#1185:
>0:142,50;143,50;143,51;144,52;164,52;144,52;144,53;165,53;145,53;145,54;145,55;146,55;146,56;
#1186:
>0:108,45;108,46;108,47;
#1187:
>0:180,14;180,15;181,15;161,15;161,16;162,16;182,16;162,16;162,17;163,17;163,18;164,18;144,18;144,19;145,19;145,20;145,21;
#1188:
>0:166,66;166,67;166,68;
#1189:
>0:107,47;108,47;108,48;107,48;107,49;106,49;106,50;
#1190:
>0:146,72;146,73;145,73;145,74;165,74;165,75;165,76;164,76;164,77;163,77;163,78;182,78;181,79;201,79;180,80;
#1191:
>0:124,15;123,16;144,16;144,17;143,17;143,18;142,19;142,20;141,20;141,21;140,21;
#1192:
>0:153,29;153,30;172,30;172,31;171,32;151,32;171,32;171,33;170,33;170,34;150,34;149,35;149,36;148,36;148,37;147,38;147,39;127,39;127,40;146,40;146,41;145,42;145,43;145,44;
#1193:
>0:112,35;132,35;131,36;151,36;152,36;172,36;172,37;171,37;170,37;190,38;189,38;188,38;188,39;187,39;186,39;186,40;206,40;225,41;245,41;265,42;285,42;
#1194:
>0:167,75;167,76;187,76;187,77;187,78;
#1195:
>0:85,44;85,45;86,45;86,46;87,47;88,48;107,48;107,49;107,50;
#1196:
>0:87,50;87,51;87,52;107,53;87,53;88,53;108,53;108,54;109,54;90,54;90,55;111,55;111,56;112,56;112,57;132,57;132,58;151,58;152,58;172,59;171,59;170,59;190,60;210,60;210,61;230,61;250,61;251,62;250,63;249,63;268,63;268,64;267,64;266,64;265,65;285,65;264,65;263,65;262,66;261,66;281,66;
#1197:
>0:122,30;122,31;142,31;142,32;142,33;162,33;163,33;163,34;162,34;182,35;181,35;201,35;200,36;
#1198:
>0:209,62;209,63;209,64;
#1199:
>0:144,0;143,0;143,1;143,2;142,2;142,3;141,3;161,3;161,4;161,5;160,5;
#1200:
>0:187,0;188,0;188,1;189,1;209,2;208,2;208,3;208,4;
#1201:
>0:140,40;141,40;141,41;142,41;142,42;122,42;123,42;103,43;104,44;84,44;85,44;85,45;65,45;65,46;66,46;66,47;67,47;67,48;
#1202:
>0:107,72;108,73;107,74;127,74;127,75;128,75;127,76;128,76;127,76;128,76;128,77;148,77;148,78;148,79;
#1203:
>0:120,5;121,5;121,6;122,6;
#1204:
>0:205,75;205,76;204,77;205,78;204,79;204,80;205,80;205,81;205,82;
#1205:
>0:185,65;185,66;165,66;165,67;165,68;
#1206:
>0:180,24;180,25;181,25;201,25;201,26;200,26;
#1207:
>0:168,5;168,6;187,7;207,7;188,7;188,8;187,8;186,8;185,9;184,9;163,9;163,10;162,10;142,10;122,11;123,11;103,11;103,12;84,12;64,12;64,13;63,13;44,14;44,15;
#1208:
>0:107,74;107,75;108,75;108,76;107,76;107,77;106,77;105,77;125,78;145,79;145,80;145,81;
#1209:
>0:127,64;127,65;147,65;147,66;148,66;148,67;168,67;168,68;188,68;188,69;187,69;186,69;185,70;184,70;163,71;162,72;182,72;181,72;201,73;200,73;200,74;
#1210:
>0:264,65;264,66;263,66;263,67;262,68;261,68;261,69;261,70;240,70;
#1211:
>0:48,80;48,81;48,82;
#1212:
>0:182,79;182,80;162,81;163,82;163,83;163,84;
#1213:
>0:121,27;121,28;120,29;140,30;141,31;141,32;161,32;160,33;161,33;161,34;181,34;180,34;180,35;180,36;201,36;200,37;
#1214:
>0:143,36;143,37;143,38;142,38;142,39;162,39;162,40;142,40;122,40;123,41;103,41;103,42;104,43;105,43;105,44;106,44;86,44;86,45;87,46;87,47;87,48;
#1215:
>0:108,50;108,51;108,52;107,52;106,53;
#1216:
>0:165,4;165,5;165,6;
#1217:
>0:107,77;108,78;128,78;108,79;108,80;108,81;
#1218:
>0:107,0;127,0;128,1;127,1;128,2;148,2;168,3;168,4;188,4;189,4;189,5;190,5;210,6;230,6;230,7;250,7;251,7;251,8;250,8;249,8;249,9;268,9;267,9;266,10;265,10;285,10;264,10;263,11;262,11;261,11;281,12;
#1219:
>0:106,79;106,80;106,81;
#1220:
>0:108,53;108,54;108,55;
#1221:
>0:131,47;131,48;111,49;111,50;112,50;112,51;112,52;132,52;131,52;151,53;152,53;172,53;171,53;171,54;170,54;190,54;190,55;210,55;230,55;230,56;250,56;251,56;251,57;250,57;249,57;268,58;267,58;266,58;265,58;284,59;264,59;263,59;262,59;261,60;281,60;
#1222:
>0:168,73;168,74;188,75;188,76;187,77;186,77;185,77;184,77;184,78;163,78;162,79;182,79;181,79;181,80;201,80;201,81;200,81;
#1223:
>0:122,50;122,51;142,51;141,51;141,52;141,53;161,53;160,54;160,55;180,55;
#1224:
>0:108,51;108,52;108,53;
#1225:
>0:122,30;122,31;142,32;142,33;162,33;163,33;163,34;182,34;182,35;181,35;201,35;200,35;200,36;
#1226:
>0:143,28;143,29;143,30;142,30;142,31;162,31;163,32;182,33;181,33;201,33;200,34;
#1227:
>0:152,53;151,54;150,55;150,56;130,56;130,57;
#1228:
>0:131,83;131,84;111,84;111,85;112,85;112,86;112,87;92,87;91,88;71,88;70,88;70,89;71,89;71,90;71,91;72,91;72,92;72,93;
#1229:
>0:152,52;152,53;151,53;150,53;150,54;150,55;
#1230:
>0:108,112;
#1231:
>0:152,58;152,59;151,59;171,59;171,60;171,61;170,62;170,63;169,63;169,64;170,64;170,65;169,66;189,66;189,67;209,68;208,68;208,69;
#1232:
>0:167,65;167,66;166,66;166,67;166,68;165,68;165,69;164,69;164,70;144,71;143,71;143,72;143,73;123,73;123,74;122,74;122,75;
#1233:
>0:182,31;183,32;202,32;202,33;203,34;204,34;205,35;206,35;206,36;225,37;245,37;265,38;285,38;
#1234:
>0:149,69;149,70;149,71;
#1235:
>0:133,70;133,71;133,72;153,73;152,73;
#1236:
>0:170,56;190,56;190,57;170,57;170,58;169,58;169,59;148,60;148,61;148,62;
#1237:
>0:261,39;262,39;262,40;263,40;264,40;285,40;266,41;267,41;248,41;249,42;250,42;230,42;230,43;210,43;190,43;189,44;190,44;170,44;171,45;171,46;170,46;150,47;150,48;130,49;130,50;129,50;129,51;129,52;109,52;109,53;108,54;108,55;108,56;
#1238:
>0:183,70;163,70;164,71;164,72;164,73;
#1239:
>0:141,22;141,23;141,24;142,24;122,25;123,25;103,25;103,26;104,26;84,27;85,27;65,28;65,29;45,30;46,30;46,31;66,31;66,32;66,33;
#1240:
>0:129,46;129,47;128,48;128,49;108,49;107,50;128,50;149,50;149,51;128,51;107,51;107,52;106,52;
#1241:
>0:122,0;122,1;142,1;142,2;162,2;163,3;162,3;182,4;181,4;201,4;200,5;
#1242:
>0:247,97;247,98;247,99;
#1243:
>0:161,28;161,29;161,30;
#1244:
>0:151,19;152,19;152,20;172,20;172,21;173,21;173,22;174,22;174,23;194,23;174,23;174,24;
#1245:
>0:145,91;145,92;145,93;
#1246:
>0:167,115;167,116;167,117;
#1247:
>0:170,75;169,76;189,76;189,77;188,77;188,78;188,79;
#1248:
>0:127,39;106,39;106,40;105,40;125,40;125,41;145,42;145,43;145,44;
#1249:
>0:122,54;122,55;122,56;
#1250:
>0:160,52;160,53;
#1251:
>0:148,82;127,82;147,83;147,84;147,85;
#1252:
>0:107,88;107,89;108,89;108,90;107,91;127,91;127,92;128,93;127,93;128,93;148,93;148,94;148,95;
#1253:
>0:124,67;124,68;125,68;125,69;125,70;
#1254:
>0:153,54;153,55;133,55;134,55;135,56;155,56;135,57;136,57;137,57;117,57;117,58;98,58;98,59;99,59;99,60;
#1255:
>0:167,43;167,44;167,45;166,45;146,45;146,46;145,46;145,47;145,48;
#1256:
>0:188,71;168,71;168,72;167,72;167,73;167,74;
#1257:
>0:128,59;128,60;127,60;127,61;128,61;148,62;168,63;168,64;188,64;189,64;189,65;190,65;170,65;171,66;172,66;172,67;173,67;173,68;174,69;174,70;175,70;175,71;195,71;195,72;196,72;196,73;196,74;
#1258:
>0:146,13;146,14;146,15;
#1259:
>0:145,80;145,81;145,82;146,82;146,83;147,84;148,85;148,86;148,87;
#1260:
>0:184,16;204,16;205,16;205,17;205,18;206,19;186,19;186,20;187,20;188,20;189,21;190,21;171,21;172,22;152,22;151,22;132,22;132,23;131,23;131,24;131,25;
#1261:
>0:162,76;162,77;142,77;141,78;141,79;142,79;142,80;142,81;143,81;143,82;143,83;123,83;124,84;124,85;124,86;125,86;125,87;125,88;
#1262:
>0:90,26;89,26;109,27;108,27;88,28;107,28;107,29;107,30;
#1263:
>0:144,25;144,26;145,26;145,27;165,27;165,28;165,29;
#1264:
>0:124,77;124,78;123,79;122,80;142,80;162,81;163,81;163,82;163,83;183,84;163,84;162,84;162,85;161,85;181,86;180,86;180,87;
#1265:
>0:165,101;165,102;165,103;
#1266:
>0:191,106;191,107;191,108;171,108;170,108;190,109;170,109;169,110;169,111;168,111;188,111;168,112;188,112;187,112;187,113;187,114;
#1267:
>0:295,77;295,78;275,78;275,79;276,80;276,81;276,82;
#1268:
>0:107,76;108,77;107,77;107,78;106,78;126,79;126,80;126,81;
#1269:
>0:143,53;163,53;164,54;164,55;163,55;162,55;182,56;181,56;201,56;200,57;
#1270:
>0:152,90;151,90;151,91;151,92;150,92;150,93;130,93;130,94;129,95;109,95;129,95;109,96;108,96;108,97;108,98;
#1271:
>0:107,90;108,91;108,92;107,92;106,93;105,93;125,94;125,95;
#1272:
>0:140,26;141,26;141,27;141,28;142,28;142,29;162,29;163,29;184,30;185,30;186,30;186,31;187,31;188,31;189,32;190,32;170,32;171,32;171,33;172,33;152,33;151,33;131,34;132,34;132,35;131,35;111,36;111,37;131,37;
#1273:
>0:124,109;124,110;124,111;
#1274:
>0:106,71;106,72;105,72;125,72;125,73;125,74;124,74;124,75;123,75;123,76;123,77;144,77;144,78;143,79;143,80;142,80;142,81;142,82;
#1275:
>0:145,75;165,76;165,77;166,78;146,78;147,78;147,79;148,79;148,80;148,81;168,81;168,82;168,83;169,83;169,84;169,85;
#1276:
>0:122,100;122,101;122,102;123,103;123,104;124,104;124,105;125,106;125,107;125,108;
#1277:
>0:108,76;108,77;108,78;
#1278:
>0:131,35;131,36;131,37;
#1279:
>0:143,55;143,56;143,57;144,57;164,57;144,58;165,58;165,59;146,59;146,60;147,60;147,61;148,61;147,62;
#1280:
>0:146,68;146,69;147,69;147,70;147,71;148,71;148,72;149,72;149,73;149,74;150,74;130,74;130,75;131,75;131,76;131,77;
#1281:
>0:105,0;125,0;125,1;124,2;123,2;123,3;122,3;142,3;142,4;162,4;163,4;163,5;182,5;181,6;201,6;200,6;
#1282:
>0:168,113;148,114;148,115;148,116;
#1283:
>0:143,46;143,47;143,48;
#1284:
>0:162,58;162,59;142,59;141,59;141,60;142,61;143,62;143,63;143,64;123,64;
#1285:
>0:123,29;123,30;124,30;124,31;123,31;122,31;123,31;124,31;125,32;125,33;125,34;
#1286:
>0:128,99;128,100;128,101;
#1287:
>0:164,61;163,61;163,62;162,62;162,63;161,63;160,64;
#1288:
>0:142,64;122,64;122,65;122,66;
#1289:
>0:129,91;109,91;129,91;129,92;128,93;128,94;108,94;108,95;107,95;107,96;106,96;106,97;
#1290:
>0:108,17;108,18;108,19;107,19;127,19;127,20;128,20;148,21;168,21;168,22;188,22;188,23;188,24;
#1291:
>0:180,34;180,35;181,35;201,35;201,36;200,36;
#1292:
>0:131,81;131,82;131,83;130,83;130,84;129,84;109,85;129,85;129,86;129,87;128,87;128,88;127,89;127,90;147,90;146,90;146,91;145,91;145,92;145,93;
#1293:
>0:127,94;127,95;107,95;107,96;106,97;126,97;126,98;126,99;
#1294:
>0:182,121;182,122;162,122;162,123;162,124;163,124;163,125;184,125;185,126;186,126;187,126;187,127;188,127;188,128;168,129;167,129;167,130;167,131;
#1295:
>0:208,111;208,112;209,112;209,113;209,114;
#1296:
>0:126,89;126,90;126,91;
#1297:
>0:120,123;120,124;121,124;122,125;123,125;123,126;124,127;124,128;125,128;125,129;125,130;
#1298:
>0:160,73;140,73;141,73;141,74;142,75;122,76;123,76;124,77;124,78;124,79;
#1299:
>0:187,77;187,78;168,78;168,79;168,80;169,80;169,81;169,82;149,82;149,83;
#1300:
>0:131,81;131,82;131,83;130,83;130,84;130,85;
#1301:
>0:209,29;209,30;209,31;
#1302:
>0:148,87;148,88;147,88;147,89;148,90;148,91;149,91;149,92;150,93;150,94;150,95;
#1303:
>0:143,82;143,83;142,84;142,85;142,86;
#1304:
>0:187,81;187,82;168,82;168,83;168,84;
#1305:
>0:122,91;122,92;122,93;142,93;142,94;122,94;123,94;103,95;103,96;104,96;84,96;84,97;
#1306:
>0:108,79;108,80;108,81;
#1307:
>0:146,89;146,90;146,91;
#1308:
>0:205,61;185,61;185,62;165,63;165,64;165,65;
#1309:
>0:204,97;205,98;205,99;205,100;
#1310:
>0:266,113;266,114;267,114;267,115;287,116;288,116;288,117;
#1311:
>0:171,0;172,0;172,1;152,1;152,2;152,3;153,3;153,4;153,5;
#1312:
>0:129,58;129,59;129,60;128,61;128,62;129,62;129,63;129,64;
#1313:
>0:166,91;166,92;165,92;165,93;165,94;
#1314:
>0:165,113;165,114;165,115;166,115;166,116;165,116;166,116;
#1315:
>0:274,21;274,22;274,23;
#1316:
>0:129,55;109,56;129,56;128,56;128,57;128,58;108,58;108,59;107,59;106,59;106,60;106,61;
#1317:
>0:209,33;209,34;209,35;
#1318:
>0:108,80;108,81;108,82;
#1319:
>0:181,89;181,90;181,91;161,92;162,92;162,93;162,94;163,94;163,95;163,96;
#1320:
>0:141,80;140,81;
#1321:
>0:108,114;108,115;108,116;
#1322:
>0:132,86;112,86;112,87;111,88;111,89;111,90;
#1323:
>0:131,88;131,89;130,90;130,91;130,92;
#1324:
>0:106,69;126,69;126,70;126,71;127,72;127,73;147,73;148,73;148,74;
#1325:
>0:185,99;185,100;186,100;185,100;185,101;184,102;163,102;162,103;142,103;142,104;142,105;
#1326:
>0:145,95;145,96;145,97;
#1327:
>0:108,90;108,91;108,92;
#1328:
>0:150,131;150,132;150,133;
#1329:
>0:121,121;120,121;121,122;121,123;122,123;122,124;123,124;123,125;123,126;
#1330:
>0:185,91;185,92;185,93;
#1331:
>0:106,35;106,36;107,36;107,37;107,38;127,38;128,38;128,39;108,39;108,40;109,40;109,41;109,42;129,42;130,42;130,43;130,44;131,44;151,44;152,45;152,46;153,46;153,47;173,47;173,48;174,48;174,49;175,49;175,50;175,51;195,51;195,52;196,52;196,53;197,53;197,54;217,54;197,55;217,55;217,56;217,57;
#1332:
>0:143,45;143,46;142,46;143,47;123,47;123,48;123,49;124,49;124,50;125,50;124,51;104,51;104,52;105,53;106,54;86,54;87,55;107,55;87,55;88,55;88,56;87,56;87,57;
#1333:
>0:191,57;191,58;170,58;170,59;169,59;169,60;169,61;149,61;148,61;148,62;148,63;
#1334:
>0:182,104;162,105;182,105;162,105;162,106;163,107;163,108;184,108;185,108;185,109;186,109;187,109;187,110;188,110;189,110;189,111;190,111;190,112;210,112;230,113;250,114;251,114;251,115;252,115;253,115;274,116;275,116;276,117;277,118;278,118;278,119;298,119;299,119;279,120;279,121;299,121;299,122;
#1335:
>0:87,96;107,97;88,97;108,97;109,98;90,98;91,99;111,99;112,99;112,100;112,101;132,101;133,101;153,102;154,102;155,102;155,103;154,103;174,103;174,104;175,104;175,105;175,106;
#1336:
>0:148,133;148,134;147,134;147,135;127,135;127,136;147,136;146,136;146,137;146,138;145,138;145,139;145,140;
#1337:
>0:107,48;107,49;108,49;108,50;107,50;106,50;106,51;
#1338:
>0:128,72;128,73;128,74;108,74;109,74;109,75;109,76;129,77;130,77;130,78;130,79;131,79;131,80;
#1339:
>0:125,85;125,86;124,86;124,87;123,87;123,88;122,88;142,88;162,89;163,89;184,89;184,90;185,90;186,90;186,91;206,91;207,92;207,93;207,94;
#1340:
>0:108,119;108,120;108,121;
#1341:
>0:107,92;107,93;108,93;108,94;108,95;128,95;128,96;128,97;
#1342:
>0:129,60;129,61;129,62;
#1343:
>0:126,83;126,84;126,85;127,85;107,86;107,87;106,87;106,88;
#1344:
>0:180,87;180,88;181,88;201,88;201,89;200,89;
#1345:
>0:129,121;129,122;109,122;129,123;129,124;128,124;128,125;128,126;
#1346:
>0:107,109;108,110;107,111;127,112;128,112;127,112;128,113;127,113;147,113;147,114;
#1347:
>0:240,45;261,45;262,45;261,46;
#1348:
>0:108,107;108,108;108,109;
#1349:
>0:181,125;161,125;162,126;182,126;162,126;162,127;162,128;163,128;163,129;163,130;164,130;163,131;183,131;184,131;184,132;
#1350:
>0:150,77;150,78;150,79;130,79;130,80;129,80;129,81;129,82;
#1351:
>0:107,96;107,97;108,97;108,98;107,98;107,99;106,100;105,100;125,101;125,102;124,103;124,104;124,105;
#1352:
>0:242,87;242,88;243,88;223,89;223,90;224,90;224,91;225,92;225,93;206,93;206,94;206,95;186,95;186,96;187,96;188,97;188,98;168,98;168,99;168,100;
#1353:
>0:148,118;148,119;148,120;
#1354:
>0:181,80;181,81;201,82;181,82;201,83;200,83;200,84;
#1355:
>0:147,128;147,129;167,129;166,130;166,131;165,131;165,132;164,133;164,134;163,134;163,135;183,136;182,136;182,137;202,137;202,138;
#1356:
>0:142,85;142,86;142,87;
#1357:
>0:160,111;160,112;160,113;
#1358:
>0:140,79;160,80;
#1359:
>0:100,18;101,18;101,19;121,19;122,20;122,21;
#1360:
>0:127,118;127,119;107,119;107,120;107,121;
#1361:
>0:141,115;141,116;140,116;
#1362:
>0:143,125;143,126;143,127;
#1363:
>0:131,109;131,110;111,110;111,111;111,112;112,112;
#1364:
>0:143,47;143,48;143,49;163,49;164,49;164,50;163,50;163,51;184,51;184,52;185,52;186,52;186,53;206,53;225,53;225,54;245,54;265,55;285,55;285,56;
#1365:
>0:165,108;164,108;164,109;164,110;144,110;144,111;144,112;145,112;145,113;145,114;
#1366:
>0:211,35;212,35;212,36;211,36;211,37;210,38;210,39;210,40;209,40;209,41;208,41;208,42;
#1367:
>0:185,65;185,66;205,66;205,67;204,67;203,68;202,68;202,69;202,70;201,70;201,71;200,71;
#1368:
>0:106,88;106,89;106,90;105,90;125,90;125,91;145,92;145,93;165,94;165,95;164,95;164,96;163,96;163,97;163,98;183,98;163,99;162,99;161,100;181,100;181,101;
#1369:
>0:173,117;174,117;174,118;173,118;173,119;172,119;172,120;172,121;171,121;171,122;170,122;170,123;170,124;
#1370:
>0:162,78;162,79;163,79;163,80;163,81;164,81;164,82;144,82;144,83;145,83;145,84;145,85;125,85;125,86;125,87;
#1371:
>0:109,6;109,7;109,8;108,9;107,10;107,11;107,12;
#1372:
>0:127,108;127,109;147,109;147,110;148,110;148,111;168,111;168,112;188,112;188,113;188,114;
#1373:
>0:145,43;145,44;145,45;
#1374:
>0:140,123;141,123;141,124;141,125;
#1375:
>0:167,101;167,102;167,103;
#1376:
>0:147,84;147,85;127,86;127,87;107,88;106,88;106,89;
#1377:
>0:153,46;153,47;152,47;152,48;152,49;151,50;152,50;171,51;172,51;171,51;171,52;170,52;190,52;189,53;188,53;188,54;188,55;189,55;189,56;209,56;209,57;209,58;208,58;209,58;209,59;
#1378:
>0:128,51;128,52;127,52;127,53;107,53;106,54;106,55;
#1379:
>0:145,129;145,130;145,131;125,131;146,131;126,131;126,132;126,133;127,133;
#1380:
>0:145,125;145,126;145,127;165,127;165,128;165,129;166,129;146,129;146,130;146,131;
#1381:
>0:150,112;150,113;150,114;
#1382:
>0:168,85;168,86;169,86;169,87;170,87;170,88;
#1383:
>0:110,126;110,127;110,128;109,128;109,129;129,129;129,130;128,130;128,131;128,132;
#1384:
>0:122,113;122,114;123,114;123,115;124,115;124,116;124,117;125,117;125,118;125,119;126,119;126,120;126,121;
#1385:
>0:212,35;211,36;191,36;191,37;170,37;170,38;169,38;169,39;169,40;
#1386:
>0:122,99;142,99;142,100;142,101;
#1387:
>0:127,146;127,147;147,148;148,149;168,149;168,150;
#1388:
>0:108,90;108,91;109,92;109,93;129,93;129,94;130,94;130,95;131,95;
#1389:
>0:113,116;113,117;112,117;113,117;113,118;112,118;112,119;111,119;90,120;89,120;109,121;108,121;88,121;87,122;87,123;
#1390:
>0:107,121;107,122;108,122;107,122;107,123;127,123;127,124;127,125;128,125;127,125;146,125;145,125;164,126;144,126;145,126;146,126;147,126;128,126;148,126;148,127;148,128;
#1391:
>0:152,110;152,111;152,112;151,112;150,113;130,114;130,115;130,116;129,116;129,117;128,117;128,118;128,119;108,119;108,120;107,120;107,121;106,121;106,122;
#1392:
>0:165,110;165,111;164,111;164,112;164,113;163,113;163,114;163,115;
#1393:
>0:187,137;187,138;186,138;186,139;166,139;166,140;165,140;
#1394:
>0:143,127;143,128;123,128;123,129;122,129;122,130;121,130;121,131;121,132;101,132;100,133;
#1395:
>0:149,104;149,105;149,106;148,106;148,107;168,107;168,108;188,108;188,109;188,110;187,110;187,111;186,111;186,112;185,112;184,113;163,113;162,114;142,114;122,115;123,115;103,115;103,116;103,117;
#1396:
>0:183,133;163,133;164,134;164,135;164,136;
#1397:
>0:131,109;131,110;111,110;111,111;112,112;132,113;151,113;152,114;152,115;152,116;
#1398:
>0:127,118;127,119;127,120;107,120;106,121;126,121;126,122;126,123;146,123;146,124;145,124;145,125;
#1399:
>0:107,98;107,99;108,99;108,100;108,101;107,101;106,102;105,102;105,103;105,104;104,104;104,105;103,106;123,106;103,106;102,106;122,107;102,107;101,107;101,108;121,108;101,109;100,109;
#1400:
>0:260,103;261,104;262,104;281,105;
#1401:
>0:201,93;200,94;
#1402:
>0:128,110;128,111;108,112;108,113;107,113;
#1403:
>0:122,111;122,112;122,113;142,113;142,114;142,115;
#1404:
>0:131,121;131,122;130,123;130,124;129,124;129,125;129,126;109,126;129,126;109,127;109,128;108,128;108,129;108,130;107,130;106,131;105,131;125,131;125,132;125,133;124,133;124,134;124,135;
#1405:
>0:107,102;107,103;107,104;87,104;107,104;88,105;108,105;109,105;89,106;90,106;91,106;111,107;112,107;112,108;112,109;132,109;151,109;151,110;152,110;172,111;173,111;173,112;194,113;194,114;213,114;213,115;214,115;214,116;214,117;234,117;234,118;
#1406:
>0:125,68;125,69;125,70;124,70;124,71;123,71;123,72;124,73;124,74;125,75;125,76;125,77;
#1407:
>0:167,95;167,96;166,96;166,97;146,97;146,98;146,99;145,99;145,100;145,101;
#1408:
>0:185,76;185,77;205,77;186,78;186,79;187,79;187,80;188,80;189,81;190,81;170,81;171,82;152,82;131,83;132,83;132,84;132,85;131,85;111,86;111,87;111,88;
#1409:
>0:108,93;108,94;108,95;
#1410:
>0:183,105;164,105;164,106;163,106;163,107;163,108;
#1411:
>0:143,98;143,99;144,99;164,99;164,100;144,100;144,101;165,101;165,102;166,102;146,103;166,103;166,104;166,105;
#1412:
>0:124,145;
#1413:
>0:108,100;108,101;108,102;
#1414:
>0:120,117;121,117;121,118;122,118;122,119;123,119;123,120;
#1415:
>0:167,132;167,133;147,134;147,135;148,135;148,136;148,137;
#1416:
>0:107,89;107,90;108,90;108,91;107,91;107,92;107,93;106,93;106,94;
#1417:
>0:148,73;148,74;149,74;169,74;169,75;169,76;
#1418:
>0:162,94;162,95;162,96;
#1419:
>0:146,122;145,123;145,124;145,125;
#1420:
>0:108,104;108,105;108,106;
#1421:
>0:127,57;107,57;127,58;127,59;127,60;
#1422:
>0:167,154;167,155;167,156;
#1423:
>0:106,142;106,143;126,143;126,144;126,145;146,145;145,146;146,146;146,147;166,147;166,148;166,149;
#1424:
>0:79,61;98,61;98,62;117,62;137,62;136,63;155,63;154,63;154,64;153,64;133,64;132,65;112,65;92,66;72,66;73,67;53,67;33,67;34,68;14,68;
#1425:
>0:145,123;145,124;145,125;
#1426:
>0:106,144;126,144;126,145;126,146;
#1427:
>0:140,126;141,126;141,127;142,127;142,128;142,129;
#1428:
>0:148,139;148,140;148,141;168,141;168,142;168,143;
#1429:
>0:185,129;185,130;186,131;185,131;185,132;185,133;184,133;163,134;183,135;182,135;182,136;
#1430:
>0:204,97;204,98;205,98;205,99;205,100;206,100;205,100;185,100;186,101;186,102;187,102;187,103;188,103;188,104;189,104;190,104;190,105;170,105;171,105;171,106;171,107;170,107;150,107;150,108;170,108;151,108;151,109;151,110;
#1431:
>0:180,100;180,101;180,102;181,102;181,103;161,103;162,103;162,104;182,104;162,104;162,105;163,105;163,106;163,107;
#1432:
>0:129,119;109,120;129,120;129,121;128,121;128,122;128,123;108,124;108,125;107,125;106,125;106,126;106,127;105,128;125,128;125,129;124,130;124,131;124,132;
#1433:
>0:171,75;171,76;171,77;170,77;190,77;190,78;189,78;188,79;187,79;186,80;185,80;185,81;184,81;163,81;163,82;162,82;182,82;182,83;181,83;201,83;200,83;200,84;
#1434:
>0:146,137;145,137;145,138;145,139;
#1435:
>0:87,92;88,92;87,92;87,93;107,93;87,93;87,94;86,94;106,94;106,95;105,95;105,96;104,96;104,97;124,97;125,98;125,99;125,100;
#1436:
>0:107,98;108,98;108,99;108,100;107,100;107,101;106,101;106,102;105,102;125,102;125,103;125,104;124,104;124,105;124,106;
#1437:
>0:108,136;108,137;107,137;107,138;106,138;105,139;125,139;125,140;124,141;125,142;
#1438:
>0:124,121;124,122;124,123;
#1439:
>0:180,129;181,129;181,130;181,131;182,131;182,132;162,132;163,133;184,134;185,134;186,135;166,135;166,136;166,137;
#1440:
>0:209,90;209,91;209,92;189,92;190,92;190,93;191,93;191,94;191,95;
#1441:
>0:143,143;143,144;144,144;144,145;144,146;145,146;145,147;145,148;
#1442:
>0:120,138;
#1443:
>0:148,143;148,144;128,144;127,145;107,145;107,146;106,147;125,147;125,148;125,149;124,149;124,150;123,150;
#1444:
>0:146,119;146,120;145,120;145,121;145,122;
#1445:
>0:150,156;150,157;149,157;149,158;149,159;129,159;129,160;129,161;
#1446:
>0:200,150;200,151;181,151;180,152;
#1447:
>0:129,154;129,155;130,155;150,155;150,156;150,157;170,158;171,158;171,159;191,160;191,161;
#1448:
>0:145,138;145,139;125,140;146,140;126,140;126,141;127,141;127,142;127,143;
#1449:
>0:143,144;143,145;123,145;123,146;124,147;124,148;125,148;125,149;
#1450:
>0:181,118;181,119;181,120;201,121;202,121;202,122;202,123;
#1451:
>0:207,128;207,129;207,130;
#1452:
>0:145,124;144,124;144,125;144,126;143,126;143,127;143,128;142,128;142,129;142,130;
#1453:
>0:202,49;182,50;183,50;183,51;163,51;164,51;164,52;164,53;
#1454:
>0:200,63;201,63;201,64;201,65;202,65;202,66;203,66;203,67;204,67;205,68;205,69;206,69;207,70;207,71;207,72;208,72;208,73;209,73;
#1455:
>0:131,161;
#1456:
>0:141,131;141,132;142,133;142,134;142,135;
#1457:
>0:209,129;209,130;209,131;210,131;210,132;230,133;250,133;251,134;250,134;250,135;249,135;268,135;267,136;266,136;265,136;285,136;284,137;263,137;262,137;261,138;281,138;
#1458:
>0:131,111;131,112;130,112;130,113;130,114;
#1459:
>0:160,104;160,105;180,105;
#1460:
>0:107,103;107,104;108,105;107,106;106,107;106,108;106,109;
#1461:
>0:120,112;120,113;
#1462:
>0:131,117;131,118;111,119;111,120;112,120;112,121;132,121;151,122;152,122;152,123;172,123;172,124;171,124;171,125;171,126;
#1463:
>0:87,98;106,98;106,99;105,99;105,100;104,100;104,101;124,101;125,101;125,102;125,103;
#1464:
>0:47,105;47,106;47,107;
#1465:
>0:203,116;203,117;203,118;204,118;205,119;205,120;206,120;206,121;207,121;207,122;207,123;208,123;208,124;208,125;209,125;209,126;209,127;
#1466:
>0:173,100;173,101;174,101;174,102;154,102;153,103;173,103;173,104;153,104;153,105;152,105;152,106;151,106;151,107;151,108;150,108;150,109;130,109;130,110;130,111;131,111;131,112;131,113;
#1467:
>0:164,149;164,150;164,151;
#1468:
>0:212,152;212,153;191,153;191,154;171,155;171,156;152,156;131,157;132,157;112,157;112,158;111,159;91,159;90,160;89,160;109,161;108,161;108,162;88,162;108,162;108,163;
#1469:
>0:134,104;134,105;134,106;133,106;133,107;112,107;112,108;111,108;111,109;111,110;131,110;131,111;130,112;130,113;130,114;
#1470:
>0:167,60;167,61;167,62;
#1471:
>0:107,132;107,133;107,134;
#1472:
>0:141,140;141,141;141,142;142,142;142,143;122,143;123,144;103,144;103,145;104,146;84,146;85,146;85,147;65,147;65,148;65,149;46,149;45,150;46,150;46,151;66,151;66,152;66,153;
#1473:
>0:146,118;145,119;146,119;146,120;146,121;147,121;147,122;147,123;148,123;148,124;148,125;169,125;169,126;169,127;
#1474:
>0:145,135;146,135;146,136;127,136;127,137;128,137;128,138;128,139;
#1475:
>0:127,117;127,118;127,119;
#1476:
>0:106,147;106,148;107,149;107,150;127,151;128,151;128,152;108,152;108,153;109,153;109,154;129,154;130,154;130,155;130,156;131,157;151,157;152,157;152,158;152,159;
#1477:
>0:113,118;113,119;113,120;
#1478:
>0:181,71;200,71;
#1479:
>0:131,114;131,115;130,115;130,116;130,117;
#1480:
>0:143,99;143,100;143,101;
#1481:
>0:131,177;
#1482:
>0:165,133;165,134;165,135;
#1483:
>0:122,131;122,132;123,133;124,133;124,134;124,135;125,136;125,137;125,138;
#1484:
>0:108,108;108,109;108,110;
#1485:
>0:125,114;125,115;125,116;124,116;124,117;123,117;123,118;122,118;122,119;142,119;142,120;162,120;163,121;184,121;185,121;185,122;186,122;206,123;225,123;245,124;265,124;285,125;
#1486:
>0:108,111;108,112;108,113;
#1487:
>0:145,115;145,116;145,117;146,117;146,118;147,119;147,120;148,120;148,121;127,122;107,122;86,122;66,122;
#1488:
>0:111,130;131,131;111,131;111,132;111,133;112,133;112,134;112,135;111,135;111,136;90,136;109,137;108,137;88,138;87,138;107,138;87,139;106,139;106,140;105,140;105,141;104,141;104,142;103,143;123,143;103,143;102,143;122,144;122,145;
#1489:
>0:107,117;108,118;108,119;107,119;107,120;107,121;
#1490:
>0:111,111;131,111;131,112;111,112;111,113;112,113;112,114;132,114;132,115;151,115;152,115;152,116;152,117;172,117;172,118;171,118;171,119;170,119;170,120;190,120;189,121;189,122;188,123;187,124;186,124;185,125;184,125;163,125;163,126;163,127;162,127;142,127;142,128;142,129;
#1491:
>0:131,112;131,113;131,114;
#1492:
>0:167,116;167,117;167,118;166,118;166,119;166,120;146,120;146,121;145,121;145,122;145,123;
#1493:
>0:125,146;125,147;125,148;
#1494:
>0:127,115;107,116;107,117;106,117;126,118;106,118;106,119;106,120;105,121;104,122;104,123;
#1495:
>0:212,124;211,124;191,125;191,126;171,126;171,127;171,128;172,128;152,128;151,129;131,129;132,129;132,130;131,130;131,131;111,131;111,132;111,133;131,133;
#1496:
>0:131,151;131,152;131,153;
#1497:
>0:165,139;164,139;164,140;164,141;144,142;144,143;144,144;
#1498:
>0:131,97;131,98;131,99;
#1499:
>0:171,130;
#1500:
>0:110,157;110,158;109,158;109,159;109,160;
#1501:
>0:128,85;128,86;128,87;127,87;127,88;107,88;107,89;106,90;106,91;
#1502:
>0:106,149;106,150;106,151;126,151;126,152;126,153;
#1503:
>0:131,111;131,112;130,113;130,114;130,115;
#1504:
>0:127,125;127,126;127,127;106,127;105,128;125,128;125,129;125,130;124,130;124,131;124,132;
#1505:
>0:120,164;120,165;121,165;121,166;122,166;122,167;123,167;123,168;124,168;124,169;124,170;125,170;125,171;125,172;
#1506:
>0:122,136;122,137;122,138;
#1507:
>0:107,146;107,147;108,147;108,148;107,149;107,150;106,151;
#1508:
>0:231,132;231,133;210,134;230,134;230,135;229,135;229,136;229,137;230,137;210,138;231,139;232,140;232,141;212,141;212,142;213,142;214,143;214,144;234,144;234,145;234,146;
#1509:
>0:141,175;141,176;141,177;
#1510:
>0:128,130;128,131;127,131;127,132;127,133;
#1511:
>0:107,73;107,74;107,75;
#1512:
>0:181,135;181,136;160,136;160,137;161,137;181,138;161,138;162,138;162,139;182,139;162,139;162,140;162,141;163,141;163,142;164,142;144,143;165,144;146,145;146,146;147,146;147,147;148,147;148,148;147,149;127,149;127,150;127,151;107,151;107,152;
#1513:
>0:107,148;107,149;108,149;108,150;107,150;107,151;127,151;127,152;128,152;127,153;128,153;148,153;148,154;
#1514:
>0:185,117;185,118;165,119;165,120;166,120;166,121;166,122;
#1515:
>0:125,160;125,161;126,161;126,162;126,163;127,163;127,164;127,165;147,165;147,166;
#1516:
>0:131,110;131,111;130,111;130,112;130,113;
#1517:
>0:122,82;122,83;122,84;142,84;142,85;142,86;162,86;163,87;184,87;185,87;185,88;186,88;206,88;206,89;225,89;245,90;265,90;285,91;
#1518:
>0:143,91;143,92;143,93;142,93;142,94;122,94;122,95;121,96;121,97;121,98;
#1519:
>0:114,140;115,140;114,141;114,142;94,142;94,143;94,144;
#1520:
>0:205,116;205,117;205,118;185,118;185,119;205,119;205,120;205,121;204,121;203,122;203,123;202,123;202,124;201,124;201,125;201,126;
#1521:
>0:122,136;122,137;102,138;101,138;121,139;101,139;100,139;100,140;120,140;120,141;100,142;100,143;100,144;
#1522:
>0:180,136;180,137;180,138;181,138;201,138;201,139;201,140;202,140;202,141;203,142;204,142;204,143;205,143;205,144;205,145;206,145;206,146;207,146;207,147;208,147;208,148;209,148;209,149;210,150;211,150;211,151;
#1523:
>0:107,131;107,132;108,132;108,133;107,133;107,134;106,134;105,135;125,135;125,136;125,137;
#1524:
>0:122,164;122,165;122,166;
#1525:
>0:273,26;273,27;252,28;252,29;232,29;232,30;232,31;212,31;211,32;211,33;211,34;191,34;190,34;189,35;209,35;209,36;208,37;209,37;
#1526:
>0:122,159;122,160;142,160;142,161;162,162;163,162;184,163;185,163;186,163;187,164;188,164;189,164;190,165;170,165;171,165;152,166;151,166;132,166;132,167;131,167;131,168;111,169;111,170;111,171;
#1527:
>0:125,110;124,110;124,111;123,111;123,112;123,113;122,113;122,114;142,114;142,115;142,116;
#1528:
>0:124,179;124,180;123,180;143,180;144,181;144,182;143,182;143,183;143,184;
#1529:
>0:124,137;124,138;123,139;122,139;123,139;123,140;103,140;103,141;104,141;84,142;85,142;85,143;65,143;65,144;65,145;
#1530:
>0:107,168;108,169;108,170;108,171;
#1531:
>0:206,63;186,63;186,64;186,65;187,65;187,66;188,66;189,66;189,67;190,67;170,67;171,67;172,68;152,68;151,68;131,68;132,69;132,70;132,71;131,71;131,72;131,73;
#1532:
>0:128,151;108,151;108,152;107,152;107,153;127,153;127,154;128,154;128,155;128,156;127,156;128,156;128,157;
#1533:
>0:145,169;145,170;145,171;
#1534:
>0:185,145;205,145;186,146;186,147;187,147;187,148;188,148;208,149;
#1535:
>0:209,95;209,96;209,97;189,98;
#1536:
>0:166,154;166,155;167,155;167,156;167,157;
#1537:
>0:106,82;107,83;107,84;127,84;128,85;148,85;148,86;168,86;168,87;188,88;188,89;188,90;
#1538:
>0:191,79;191,80;191,81;
#1539:
>0:140,167;141,167;141,168;141,169;142,169;142,170;142,171;
#1540:
>0:160,139;160,140;160,141;161,141;161,142;162,143;163,144;163,145;163,146;
#1541:
>0:106,158;106,159;105,159;105,160;104,161;104,162;124,162;125,163;125,164;124,164;124,165;123,165;123,166;123,167;144,167;144,168;144,169;
#1542:
>0:131,177;131,178;111,178;111,179;111,180;112,180;112,181;113,181;113,182;133,182;133,183;134,183;134,184;
#1543:
>0:210,175;210,176;210,177;211,177;211,178;211,179;
#1544:
>0:113,151;113,152;113,153;
#1545:
>0:108,166;108,167;108,168;
#1546:
>0:107,149;107,150;108,150;108,151;107,152;127,153;128,154;127,154;128,154;148,154;148,155;168,155;168,156;188,156;188,157;188,158;189,158;189,159;209,160;208,161;209,161;209,162;
#1547:
>0:173,135;174,136;154,136;153,137;153,138;133,138;132,138;132,139;112,139;112,140;
#1548:
>0:131,179;131,180;130,180;130,181;130,182;
#1549:
>0:106,139;106,140;106,141;107,141;107,142;107,143;
#1550:
>0:122,117;122,118;122,119;
#1551:
>0:120,152;121,152;121,153;122,153;123,154;123,155;144,155;144,156;144,157;
#1552:
>0:163,149;163,150;164,150;164,151;164,152;165,152;165,153;165,154;
#1553:
>0:122,129;122,130;122,131;
#1554:
>0:140,118;141,118;141,119;161,120;160,120;160,121;161,121;161,122;161,123;181,123;180,123;180,124;
#1555:
>0:171,56;151,57;171,57;171,58;171,59;
#1556:
>0:146,132;146,133;145,133;145,134;145,135;
#1557:
>0:107,136;87,136;107,137;88,137;108,137;109,138;89,138;90,138;90,139;111,139;111,140;112,140;112,141;111,141;111,142;111,143;
#1558:
>0:122,143;122,144;122,145;123,145;123,146;124,146;124,147;125,148;125,149;125,150;
#1559:
>0:192,144;191,145;191,146;171,147;171,148;170,148;190,149;189,149;188,150;168,150;168,151;168,152;
#1560:
>0:143,125;143,126;143,127;
#1561:
>0:145,0;144,1;144,2;143,2;143,3;
#1562:
>0:145,160;145,161;146,161;146,162;147,163;147,164;147,165;
#1563:
>0:220,149;220,150;221,150;221,151;201,151;201,152;202,152;202,153;182,154;182,155;183,155;203,155;183,155;183,156;
#1564:
>0:124,163;124,164;125,164;125,165;125,166;
#1565:
>0:107,124;108,124;108,125;107,125;107,126;106,126;106,127;106,128;
#1566:
>0:124,81;124,82;125,82;125,83;145,83;145,84;145,85;
#1567:
>0:122,159;122,160;123,161;124,161;124,162;124,163;125,163;125,164;125,165;105,165;106,165;106,166;106,167;107,167;
#1568:
>0:131,134;111,135;111,136;112,136;112,137;132,137;132,138;151,138;152,138;172,139;171,139;171,140;170,140;190,141;189,141;188,142;187,142;186,142;186,143;185,143;184,144;183,144;163,144;163,145;162,146;162,147;162,148;
#1569:
>0:141,112;141,113;141,114;
#1570:
>0:172,114;192,114;192,115;193,115;213,116;213,117;213,118;
#1571:
>0:165,161;165,162;164,163;164,164;163,164;163,165;182,165;181,166;201,166;200,166;
#1572:
>0:145,47;145,48;165,48;165,49;164,49;164,50;163,50;163,51;162,51;182,51;182,52;181,52;201,52;200,52;
#1573:
>0:141,160;141,161;141,162;
#1574:
>0:165,152;165,153;164,153;164,154;163,154;163,155;163,156;
#1575:
>0:107,132;107,133;108,133;108,134;107,134;107,135;106,135;
#1576:
>0:173,144;174,145;173,146;173,147;173,148;
#1577:
>0:131,110;131,111;111,111;111,112;111,113;112,113;112,114;132,114;151,115;152,115;152,116;152,117;172,117;171,117;171,118;171,119;170,119;190,119;190,120;210,120;230,120;230,121;250,121;251,121;251,122;250,122;249,122;268,123;267,123;266,123;265,124;284,124;264,124;263,124;262,125;281,125;
#1578:
>0:171,162;171,163;191,163;171,163;171,164;170,164;150,165;150,166;149,166;149,167;149,168;
#1579:
>0:150,132;150,133;170,133;171,133;172,133;152,133;151,134;131,134;132,134;132,135;133,135;153,135;154,136;155,136;136,136;136,137;117,137;98,138;98,139;99,140;99,141;99,142;
#1580:
>0:209,158;209,159;209,160;
#1581:
>0:148,186;147,187;147,188;148,188;128,188;127,189;127,190;107,190;107,191;107,192;
#1582:
>0:212,157;212,158;211,158;191,158;191,159;171,159;171,160;
#1583:
>0:127,148;127,149;127,150;146,150;146,151;145,151;145,152;145,153;
#1584:
>0:183,174;183,175;184,175;183,176;183,177;182,177;202,178;202,179;201,179;201,180;181,180;181,181;181,182;180,182;180,183;
#1585:
>0:145,140;145,141;145,142;
#1586:
>0:131,111;131,112;111,112;111,113;112,114;132,115;151,115;152,116;152,117;172,118;171,118;171,119;171,120;170,120;190,120;190,121;189,121;189,122;189,123;188,123;188,124;187,124;186,125;185,125;184,125;184,126;163,126;163,127;163,128;
#1587:
>0:162,110;162,111;162,112;
#1588:
>0:129,137;129,138;129,139;130,139;130,140;150,141;150,142;170,142;171,142;171,143;171,144;
#1589:
>0:163,124;163,125;163,126;
#1590:
>0:108,155;108,156;107,156;107,157;107,158;106,158;106,159;
#1591:
>0:162,119;162,120;162,121;
#1592:
>0:145,140;145,141;145,142;125,142;125,143;125,144;
#1593:
>0:145,159;145,160;145,161;
#1594:
>0:107,168;108,169;108,170;107,170;107,171;106,171;106,172;
#1595:
>0:209,86;208,86;208,87;188,87;188,88;188,89;
#1596:
>0:167,170;167,171;187,172;188,173;188,174;189,174;189,175;188,175;
#1597:
>0:121,170;121,171;121,172;
#1598:
>0:209,140;209,141;189,142;188,143;188,144;188,145;
#1599:
>0:131,175;131,176;131,177;111,177;111,178;112,178;112,179;132,179;132,180;151,180;152,180;172,180;171,181;190,181;189,181;189,182;188,182;187,182;186,183;185,183;184,183;184,184;163,184;162,184;162,185;142,185;142,186;142,187;122,187;122,188;
#1600:
>0:173,109;173,110;194,111;194,112;214,112;213,113;212,114;212,115;212,116;
#1601:
>0:124,133;124,134;123,134;123,135;122,135;123,135;103,136;103,137;104,137;
#1602:
>0:164,180;164,181;144,182;144,183;165,183;165,184;165,185;
#1603:
>0:163,170;163,171;162,171;162,172;162,173;142,173;141,173;141,174;142,174;142,175;142,176;
#1604:
>0:162,166;162,167;163,168;163,169;184,169;185,170;186,170;187,170;187,171;188,171;189,171;190,172;170,172;171,172;171,173;172,173;171,174;151,174;151,175;152,175;152,176;
#1605:
>0:182,150;182,151;163,152;162,152;162,153;163,153;164,154;164,155;144,155;144,156;145,156;145,157;145,158;
#1606:
>0:122,184;122,185;122,186;142,186;142,187;122,187;123,187;123,188;103,188;103,189;104,189;104,190;105,191;86,192;86,193;86,194;
#1607:
>0:152,88;152,89;151,90;152,90;171,91;172,91;172,92;171,92;171,93;170,93;170,94;190,94;189,94;188,95;187,95;187,96;207,96;207,97;207,98;227,98;227,99;247,99;247,100;247,101;
#1608:
>0:106,127;106,128;126,128;126,129;126,130;127,130;127,131;147,132;148,132;148,133;168,133;168,134;188,135;189,135;189,136;189,137;190,137;190,138;190,139;170,139;171,139;171,140;191,140;191,141;211,142;212,142;212,143;
#1609:
>0:126,145;126,146;126,147;
#1610:
>0:185,157;185,158;185,159;
#1611:
>0:171,143;170,143;150,144;150,145;149,145;149,146;148,146;148,147;147,147;147,148;167,148;167,149;166,149;166,150;165,150;165,151;165,152;
#1612:
>0:109,138;110,138;109,139;109,140;109,141;
#1613:
>0:162,150;162,151;163,151;163,152;163,153;164,153;144,154;144,155;165,155;165,156;165,157;164,157;164,158;164,159;
#1614:
>0:180,147;181,147;181,148;201,149;201,150;202,151;202,152;182,153;183,153;183,154;164,154;164,155;164,156;
#1615:
>0:183,110;183,111;163,111;164,112;164,113;164,114;
#1616:
>0:109,181;110,181;110,182;109,182;109,183;109,184;
#1617:
>0:187,157;187,158;187,159;
#1618:
>0:106,149;106,150;106,151;
#1619:
>0:145,116;145,117;145,118;
#1620:
>0:161,144;181,145;162,145;162,146;182,147;162,147;162,148;162,149;163,149;163,150;164,150;164,151;144,151;144,152;145,152;165,153;165,154;145,154;145,155;145,156;
#1621:
>0:131,113;131,114;111,115;112,116;112,117;132,117;151,118;152,119;172,120;171,120;171,121;171,122;170,122;190,123;210,123;210,124;230,124;250,124;251,125;250,125;249,126;268,126;267,126;266,127;265,127;285,127;284,127;263,128;262,128;261,128;240,129;
#1622:
>0:108,140;108,141;108,142;107,142;107,143;106,143;106,144;
#1623:
>0:211,148;212,149;211,149;211,150;191,150;191,151;171,151;170,152;190,152;170,153;169,153;169,154;
#1624:
>0:171,164;171,165;170,166;190,166;189,166;188,167;187,167;186,168;185,168;184,168;163,169;163,170;163,171;164,171;144,172;145,173;
#1625:
>0:140,128;141,128;141,129;142,129;142,130;142,131;
#1626:
>0:145,150;145,151;145,152;
#1627:
>0:162,160;162,161;163,161;163,162;163,163;
#1628:
>0:187,172;187,173;188,173;188,174;188,175;189,176;190,176;170,176;171,177;172,177;152,178;151,178;131,178;132,178;132,179;112,179;112,180;111,180;111,181;131,181;131,182;
#1629:
>0:108,164;108,165;108,166;
#1630:
>0:208,182;188,182;189,183;209,184;209,185;209,186;
#1631:
>0:141,201;141,202;121,202;121,203;122,204;123,204;123,205;144,205;144,206;144,207;145,207;145,208;145,209;
#1632:
>0:152,119;151,119;152,120;151,120;171,120;171,121;172,121;172,122;192,122;192,123;193,123;213,123;213,124;
#1633:
>0:106,189;106,190;106,191;
#1634:
>0:108,193;108,194;109,194;109,195;129,195;129,196;149,197;149,198;169,199;170,200;170,201;169,201;189,201;189,202;189,203;209,203;209,204;208,204;209,204;208,205;
#1635:
>0:208,121;208,122;208,123;
#1636:
>0:131,142;131,143;131,144;111,144;111,145;112,145;112,146;112,147;92,148;72,148;73,149;53,149;33,149;33,150;14,150;
#1637:
>0:171,161;191,161;191,162;191,163;211,163;211,164;211,165;212,166;232,166;232,167;232,168;252,168;252,169;252,170;
#1638:
>0:107,128;107,129;106,129;106,130;107,130;106,130;107,131;106,132;126,132;106,133;
#1639:
>0:122,143;122,144;122,145;
#1640:
>0:140,186;140,187;141,187;141,188;
#1641:
>0:186,187;186,188;166,188;165,188;165,189;165,190;164,190;164,191;163,191;163,192;
#1642:
>0:108,112;108,113;108,114;
#1643:
>0:173,115;174,116;173,116;173,117;194,117;194,118;213,118;213,119;212,119;211,120;210,120;210,121;210,122;
#1644:
>0:147,25;147,26;127,27;127,28;127,29;
#1645:
>0:148,162;148,163;148,164;147,164;147,165;167,165;167,166;167,167;166,167;166,168;166,169;165,169;165,170;185,170;185,171;185,172;
#1646:
>0:140,159;140,160;140,161;141,161;141,162;141,163;161,163;161,164;160,164;160,165;161,165;181,165;181,166;181,167;182,168;182,169;182,170;
#1647:
>0:108,182;108,183;108,184;
#1648:
>0:131,122;111,123;111,124;112,124;132,125;151,125;152,126;172,127;172,128;171,129;171,130;170,130;190,130;189,131;188,131;188,132;187,132;187,133;186,133;186,134;185,134;184,135;163,135;163,136;162,136;142,137;122,137;123,138;124,138;124,139;124,140;
#1649:
>0:181,185;181,186;181,187;
#1650:
>0:146,84;145,85;145,86;145,87;
#1651:
>0:108,125;108,126;108,127;
#1652:
>0:106,150;106,151;105,152;104,153;124,154;125,154;125,155;125,156;
#1653:
>0:209,144;209,145;209,146;
#1654:
>0:125,179;125,180;145,181;145,182;
#1655:
>0:211,137;212,137;211,137;211,138;191,138;191,139;171,139;171,140;171,141;170,142;170,143;190,143;189,143;188,144;187,144;186,145;185,145;184,145;184,146;163,146;163,147;163,148;164,148;164,149;144,150;143,150;143,151;143,152;
#1656:
>0:180,169;180,170;181,170;181,171;161,171;161,172;160,172;160,173;161,173;161,174;162,174;162,175;162,176;142,176;142,177;
#1657:
>0:108,122;108,123;108,124;107,124;107,125;127,125;127,126;128,126;128,127;148,128;148,129;148,130;
#1658:
>0:164,141;164,142;163,142;163,143;163,144;184,144;185,144;186,145;206,145;206,146;207,146;207,147;208,147;208,148;209,148;
#1659:
>0:232,150;232,151;232,152;
#1660:
>0:131,216;
#1661:
>0:120,161;121,161;140,162;141,163;141,164;161,165;161,166;
#1662:
>0:187,205;187,206;187,207;
#1663:
>0:148,171;148,172;148,173;147,173;167,174;166,174;166,175;165,175;165,176;165,177;164,178;144,178;143,179;143,180;
#1664:
>0:171,163;170,164;170,165;169,165;169,166;148,166;148,167;148,168;147,168;147,169;147,170;
#1665:
>0:122,173;122,174;123,175;124,175;124,176;125,177;124,178;125,178;125,179;124,179;124,180;125,180;124,181;125,181;125,182;124,182;124,183;125,183;125,184;124,184;125,184;125,185;125,186;126,186;126,187;126,188;
#1666:
>0:143,164;143,165;143,166;
#1667:
>0:131,196;151,196;170,196;190,196;210,197;230,197;210,197;190,197;170,197;151,197;131,197;111,198;110,198;110,199;109,200;109,201;108,202;108,203;108,204;
#1668:
>0:150,154;150,155;170,155;170,156;171,156;171,157;170,158;190,158;189,158;188,159;187,159;186,160;185,160;184,160;184,161;163,161;162,161;162,162;142,162;142,163;141,164;121,164;121,165;121,166;120,166;
#1669:
>0:149,192;149,193;149,194;
#1670:
>0:108,164;108,165;108,166;
#1671:
>0:131,179;131,180;131,181;
#1672:
>0:150,173;150,174;149,175;148,175;148,176;148,177;
#1673:
>0:148,218;169,218;170,218;191,219;192,219;
#1674:
>0:106,202;106,203;106,204;126,204;126,205;126,206;127,206;127,207;128,208;128,209;128,210;
#1675:
>0:107,177;107,178;127,178;107,178;107,179;107,180;
#1676:
>0:185,182;185,183;205,183;205,184;204,185;203,185;203,186;202,187;
#1677:
>0:191,184;191,185;191,186;170,186;170,187;169,187;169,188;149,189;148,189;148,190;168,191;168,192;188,192;
#1678:
>0:107,176;107,177;107,178;
#1679:
>0:107,176;107,177;107,178;
#1680:
>0:140,139;141,139;141,140;141,141;142,141;142,142;122,142;123,143;103,143;103,144;104,145;84,145;85,145;85,146;65,146;65,147;65,148;45,148;46,148;46,149;46,150;66,150;66,151;66,152;
#1681:
>0:126,205;126,206;126,207;127,207;127,208;147,208;147,209;148,209;148,210;147,211;
#1682:
>0:171,161;171,162;171,163;170,163;190,163;189,164;188,164;187,165;186,165;185,165;185,166;184,166;163,166;162,167;142,167;122,168;123,168;124,169;124,170;124,171;
#1683:
>0:131,160;111,160;111,161;112,161;112,162;132,162;133,163;153,163;154,163;155,164;135,164;136,164;137,164;117,165;98,165;98,166;99,166;99,167;99,168;
#1684:
>0:128,94;128,95;108,95;108,96;107,97;106,97;106,98;105,98;105,99;125,99;125,100;124,100;124,101;124,102;
#1685:
>0:148,177;147,177;147,178;127,178;128,179;127,180;107,181;
#1686:
>0:209,194;209,195;208,195;208,196;188,196;188,197;188,198;189,198;190,198;170,199;171,199;171,200;172,200;172,201;153,201;153,202;134,203;135,203;155,204;135,204;155,204;155,205;156,205;
#1687:
>0:107,183;108,184;108,185;107,185;106,186;126,186;126,187;
#1688:
>0:148,202;148,203;147,203;147,204;127,204;127,205;107,206;107,207;107,208;
#1689:
>0:126,164;126,165;126,166;
#1690:
>0:127,156;127,157;128,157;128,158;128,159;127,159;127,160;127,161;
#1691:
>0:190,104;190,105;190,106;191,106;191,107;170,107;170,108;169,108;169,109;169,110;149,110;148,111;148,112;148,113;
#1692:
>0:130,171;130,172;129,172;129,173;129,174;
#1693:
>0:107,115;107,116;107,117;
#1694:
>0:142,202;142,203;122,204;122,205;121,205;121,206;120,206;
#1695:
>0:148,149;148,150;168,151;188,152;187,152;187,153;186,153;185,153;185,154;184,154;163,154;163,155;183,155;183,156;182,156;182,157;
#1696:
>0:152,174;152,175;152,176;171,176;172,176;172,177;171,177;170,178;190,178;189,178;188,179;188,180;189,180;189,181;209,181;209,182;208,182;209,183;
#1697:
>0:107,162;107,163;108,163;108,164;107,165;106,165;106,166;106,167;
#1698:
>0:107,188;107,189;107,190;108,190;108,191;107,191;107,192;106,192;106,193;106,194;
#1699:
>0:145,160;145,161;145,162;
#1700:
>0:150,174;150,175;150,176;
#1701:
>0:108,158;108,159;128,160;108,160;108,161;109,161;109,162;109,163;129,163;129,164;130,165;150,165;150,166;150,167;170,167;171,167;
#1702:
>0:131,177;131,178;131,179;
#1703:
>0:145,159;145,160;145,161;
#1704:
>0:148,184;148,185;148,186;
#1705:
>0:150,209;150,210;150,211;
#1706:
>0:162,171;162,172;162,173;163,173;163,174;184,175;185,175;186,175;186,176;187,176;188,176;189,177;190,177;170,177;171,177;171,178;172,178;152,178;151,178;132,179;131,179;131,180;111,180;111,181;111,182;
#1707:
>0:162,196;162,197;161,197;181,198;181,199;180,200;180,201;
#1708:
>0:167,201;167,202;166,202;165,203;165,204;165,205;164,205;144,205;145,205;145,206;145,207;
#1709:
>0:167,178;167,179;166,179;186,179;186,180;187,181;187,182;188,182;188,183;
#1710:
>0:131,180;131,181;111,181;111,182;112,182;112,183;132,183;132,184;131,184;152,184;171,185;190,185;189,185;189,186;188,186;187,186;186,187;206,187;225,188;245,188;265,189;285,189;
#1711:
>0:106,171;106,172;107,172;107,173;107,174;106,174;126,175;106,175;106,176;106,177;105,177;125,177;125,178;125,179;145,179;145,180;145,181;
#1712:
>0:187,186;187,187;188,187;188,188;189,189;190,189;170,189;171,190;172,190;172,191;173,191;173,192;194,192;194,193;194,194;
#1713:
>0:111,177;111,178;131,178;131,179;130,180;130,181;129,181;130,181;129,181;129,182;129,183;128,184;128,185;108,185;107,186;106,186;126,187;126,188;126,189;
#1714:
>0:209,161;209,162;189,163;189,164;169,164;169,165;169,166;149,166;149,167;149,168;
#1715:
>0:152,154;152,155;151,155;132,156;112,157;92,157;91,158;71,158;70,158;69,159;48,159;48,160;48,161;
#1716:
>0:107,167;108,168;108,169;128,169;128,170;128,171;127,171;127,172;146,173;146,174;146,175;
#1717:
>0:145,161;145,162;145,163;165,163;165,164;165,165;
#1718:
>0:143,161;143,162;143,163;142,163;142,164;142,165;
#1719:
>0:174,133;174,134;175,135;175,136;175,137;
#1720:
>0:166,176;166,177;146,178;146,179;147,179;147,180;148,180;148,181;149,181;149,182;149,183;150,183;130,183;130,184;130,185;
#1721:
>0:106,204;106,205;106,206;
#1722:
>0:145,168;145,169;144,170;144,171;143,171;143,172;143,173;
#1723:
>0:209,181;209,182;208,182;208,183;208,184;188,184;189,184;189,185;209,185;209,186;210,186;210,187;211,187;211,188;211,189;212,189;212,190;232,190;232,191;232,192;
#1724:
>0:145,209;145,210;146,211;146,212;147,212;147,213;147,214;
#1725:
>0:188,103;188,104;188,105;
#1726:
>0:150,139;150,140;149,140;149,141;148,141;148,142;148,143;
#1727:
>0:145,154;145,155;145,156;
#1728:
>0:107,182;107,183;108,183;108,184;107,185;127,185;127,186;128,186;127,186;127,187;128,187;148,187;148,188;148,189;
#1729:
>0:180,132;180,133;180,134;181,134;201,134;201,135;201,136;202,136;202,137;203,137;203,138;204,138;204,139;205,139;205,140;206,140;207,141;208,141;208,142;208,143;209,143;209,144;
#1730:
>0:186,153;186,154;187,154;187,155;187,156;188,156;208,157;188,157;189,157;189,158;209,159;208,159;208,160;209,160;
#1731:
>0:162,158;162,159;162,160;
#1732:
>0:171,221;170,222;169,223;169,224;149,224;149,225;149,226;129,226;129,227;129,228;128,228;
#1733:
>0:135,188;135,189;155,189;155,190;154,190;153,191;133,191;132,191;132,192;112,192;112,193;111,193;111,194;90,194;90,195;89,195;109,195;108,196;88,196;107,196;
#1734:
>0:125,174;125,175;105,175;106,176;106,177;106,178;
#1735:
>0:131,85;131,86;131,87;130,87;130,88;130,89;129,89;129,90;109,90;129,90;129,91;128,91;128,92;128,93;108,93;108,94;107,94;106,95;
#1736:
>0:106,185;106,186;126,187;126,188;126,189;
#1737:
>0:120,166;
#1738:
>0:107,150;107,151;108,151;108,152;107,152;107,153;106,153;105,153;125,154;125,155;145,156;145,157;145,158;
#1739:
>0:144,90;145,90;145,91;145,92;
#1740:
>0:204,210;184,210;184,211;184,212;
#1741:
>0:171,210;170,210;170,211;169,211;169,212;169,213;148,213;148,214;148,215;147,215;147,216;167,216;167,217;166,217;166,218;165,218;165,219;165,220;164,220;145,220;145,221;145,222;
#1742:
>0:143,166;143,167;143,168;142,168;142,169;142,170;141,170;141,171;140,171;140,172;
#1743:
>0:188,177;188,178;187,178;187,179;187,180;167,181;167,182;167,183;
#1744:
>0:129,203;109,204;109,205;109,206;110,206;
#1745:
>0:129,157;129,158;129,159;130,159;150,159;150,160;150,161;170,161;171,162;171,163;170,163;190,163;189,164;188,164;187,165;186,165;185,166;184,166;163,167;183,168;182,168;183,168;183,169;203,169;
#1746:
>0:113,196;112,197;111,198;90,198;90,199;89,199;108,199;88,200;87,200;87,201;86,202;66,202;66,203;
#1747:
>0:209,187;209,188;209,189;189,189;190,190;191,190;191,191;190,192;191,192;191,193;190,194;191,194;191,195;191,196;
#1748:
>0:143,176;123,177;123,178;124,178;124,179;124,180;125,180;125,181;125,182;
#1749:
>0:107,183;108,183;108,184;107,185;106,186;106,187;105,187;105,188;104,188;104,189;123,190;103,190;102,190;122,191;102,191;101,191;101,192;100,192;
#1750:
>0:124,136;124,137;124,138;
#1751:
>0:145,160;145,161;144,161;144,162;143,162;143,163;142,163;142,164;142,165;141,165;141,166;160,166;
#1752:
>0:147,158;147,159;127,159;127,160;127,161;
#1753:
>0:205,212;205,213;185,213;185,214;185,215;165,215;165,216;165,217;
#1754:
>0:147,213;147,214;148,214;148,215;148,216;149,216;149,217;150,217;150,218;150,219;170,219;171,219;172,219;172,220;173,220;173,221;174,222;174,223;175,223;175,224;195,224;195,225;196,225;196,226;197,226;197,227;197,228;
#1755:
>0:122,187;122,188;121,189;121,190;101,191;
#1756:
>0:162,154;162,155;162,156;142,156;142,157;142,158;
#1757:
>0:150,158;150,159;170,159;170,160;171,160;171,161;170,162;190,162;189,162;189,163;188,163;188,164;187,164;187,165;187,166;
#1758:
>0:149,223;149,224;149,225;129,226;129,227;128,227;128,228;128,229;
#1759:
>0:173,142;174,142;174,143;173,143;173,144;173,145;
#1760:
>0:131,179;131,180;131,181;
#1761:
>0:188,189;188,190;188,191;
#1762:
>0:143,173;143,174;143,175;144,175;164,175;144,176;145,177;145,178;
#1763:
>0:109,111;89,111;89,112;88,113;68,114;68,115;68,116;
#1764:
>0:211,186;212,187;232,187;232,188;212,189;212,190;191,190;191,191;191,192;171,192;170,192;170,193;170,194;
#1765:
>0:107,169;108,169;108,170;108,171;107,171;127,171;127,172;128,172;127,173;128,173;148,174;168,175;168,176;188,176;188,177;187,177;186,178;185,178;184,178;184,179;163,179;162,179;162,180;162,181;
#1766:
>0:107,168;107,169;106,170;126,170;126,171;
#1767:
>0:106,188;106,189;106,190;105,190;105,191;104,191;104,192;104,193;103,193;103,194;102,194;102,195;101,195;101,196;121,196;121,197;121,198;120,198;120,199;
#1768:
>0:122,147;122,148;122,149;
#1769:
>0:143,162;143,163;142,163;142,164;142,165;
#1770:
>0:163,158;163,159;164,159;164,160;164,161;
#1771:
>0:142,236;
#1772:
>0:209,169;209,170;209,171;
#1773:
>0:211,188;211,189;191,189;191,190;191,191;170,191;170,192;169,192;169,193;169,194;148,194;148,195;148,196;128,196;128,197;128,198;
#1774:
>0:261,172;262,172;263,173;264,173;284,173;285,173;265,174;266,174;265,174;265,175;285,175;
#1775:
>0:211,197;210,197;210,198;210,199;
#1776:
>0:143,226;143,227;143,228;
#1777:
>0:146,177;146,178;147,178;147,179;147,180;148,180;148,181;149,181;149,182;149,183;129,183;129,184;128,184;147,184;146,184;127,184;128,184;129,184;129,185;129,186;130,186;130,187;110,187;110,188;110,189;
#1778:
>0:120,213;121,213;121,214;122,214;122,215;123,215;123,216;124,216;125,217;125,218;125,219;
#1779:
>0:106,220;106,221;106,222;
#1780:
>0:109,185;109,186;109,187;
#1781:
>0:143,186;123,187;122,187;122,188;122,189;
#1782:
>0:205,117;186,117;186,118;187,119;187,120;188,120;189,120;190,121;170,121;171,121;172,122;152,122;151,122;131,122;132,123;131,124;111,124;111,125;111,126;
#1783:
>0:148,185;148,186;148,187;149,187;149,188;129,188;128,188;128,189;128,190;
#1784:
>0:131,181;131,182;131,183;130,183;130,184;130,185;
#1785:
>0:109,178;108,178;108,179;108,180;
#1786:
>0:169,195;169,196;169,197;
#1787:
>0:145,217;145,218;165,218;146,218;146,219;166,219;166,220;
#1788:
>0:127,171;127,172;128,172;128,173;128,174;
#1789:
>0:131,189;131,190;130,190;130,191;150,192;150,193;170,193;171,193;171,194;170,195;190,195;189,195;188,196;187,196;186,196;186,197;206,197;225,198;245,198;265,199;
#1790:
>0:128,189;128,190;128,191;
#1791:
>0:106,165;106,166;126,167;106,167;126,167;126,168;126,169;
#1792:
>0:232,216;
#1793:
>0:131,217;130,218;130,219;129,219;129,220;129,221;109,221;129,221;129,222;128,223;128,224;127,224;127,225;128,225;127,225;128,225;128,226;148,226;148,227;148,228;
#1794:
>0:143,166;143,167;142,167;142,168;142,169;141,169;141,170;141,171;140,171;
#1795:
>0:121,182;121,183;121,184;
#1796:
>0:131,177;131,178;130,178;130,179;130,180;
#1797:
>0:162,197;162,198;162,199;161,199;181,200;181,201;180,201;180,202;200,203;
#1798:
>0:131,193;131,194;111,194;111,195;112,195;112,196;112,197;132,197;151,197;152,198;172,198;171,198;170,198;190,199;189,199;188,199;187,200;186,200;185,200;184,201;163,201;162,202;142,202;142,203;142,204;143,204;143,205;143,206;
#1799:
>0:145,229;145,230;145,231;
#1800:
>0:129,191;129,192;109,192;129,192;129,193;129,194;128,194;128,195;128,196;
#1801:
>0:201,154;181,154;181,155;182,155;182,156;162,156;162,157;163,157;163,158;162,158;162,159;142,159;122,160;123,160;103,160;103,161;84,161;64,161;64,162;44,162;24,162;25,163;26,163;27,163;8,163;8,164;9,164;
#1802:
>0:128,188;128,189;128,190;
#1803:
>0:111,180;131,181;131,182;131,183;111,183;111,184;112,184;112,185;132,185;132,186;151,186;152,186;172,187;171,187;170,187;190,188;189,188;168,188;148,188;127,188;107,188;107,189;127,189;147,189;168,189;188,189;188,190;188,191;189,191;189,192;209,193;209,194;208,194;208,195;
#1804:
>0:209,123;209,124;209,125;
#1805:
>0:150,214;150,215;150,216;130,216;131,216;151,217;152,217;152,218;153,218;153,219;173,219;
#1806:
>0:120,154;120,155;121,155;121,156;122,156;122,157;142,157;142,158;162,159;163,159;184,159;185,160;186,160;187,160;188,161;189,161;190,162;170,162;171,162;171,163;172,163;172,164;171,164;151,164;151,165;
#1807:
>0:108,174;108,175;108,176;
#1808:
>0:208,183;208,184;208,185;
#1809:
>0:171,223;171,224;171,225;
#1810:
>0:211,187;212,188;211,188;191,188;191,189;191,190;171,190;171,191;152,192;151,192;131,192;132,193;112,193;112,194;112,195;
#1811:
>0:149,127;149,128;149,129;129,129;129,130;128,130;128,131;128,132;127,132;127,133;127,134;107,134;106,135;126,135;126,136;
#1812:
>0:131,172;131,173;131,174;111,174;111,175;112,175;112,176;132,176;132,177;151,177;152,177;172,178;171,178;170,178;190,179;189,179;188,180;188,181;188,182;189,182;189,183;209,183;209,184;209,185;
#1813:
>0:152,210;152,211;153,212;153,213;154,213;154,214;154,215;
#1814:
>0:150,121;150,122;150,123;
#1815:
>0:129,171;129,172;130,172;130,173;130,174;131,174;151,175;152,175;152,176;132,176;131,176;132,176;132,177;133,177;133,178;153,178;154,178;155,178;155,179;136,179;137,179;117,180;97,180;98,180;98,181;79,181;
#1816:
>0:125,167;124,167;124,168;124,169;
#1817:
>0:145,154;145,155;145,156;125,156;125,157;125,158;
#1818:
>0:145,221;145,222;145,223;
#1819:
>0:145,113;145,114;145,115;
#1820:
>0:181,189;181,190;182,191;162,192;163,192;163,193;164,194;144,194;144,195;165,195;165,196;166,196;146,197;147,197;147,198;147,199;148,199;148,200;149,200;149,201;149,202;
#1821:
>0:144,165;144,166;164,167;164,168;163,168;162,169;182,169;181,169;201,170;200,170;
#1822:
>0:129,174;109,175;129,175;128,175;128,176;128,177;
#1823:
>0:163,220;163,221;183,221;183,222;163,222;162,223;162,224;161,224;181,225;161,226;161,227;161,228;
#1824:
>0:126,133;126,134;106,134;106,135;106,136;107,136;107,137;107,138;
#1825:
>0:131,234;131,235;111,235;111,236;111,237;112,237;112,238;132,238;151,239;152,239;172,239;171,239;
#1826:
>0:131,177;131,178;130,179;130,180;129,181;129,182;109,182;129,182;129,183;128,183;128,184;108,184;108,185;107,185;107,186;106,186;105,186;125,186;125,187;125,188;145,188;145,189;145,190;
#1827:
>0:166,190;166,191;166,192;146,192;146,193;145,194;144,194;145,194;146,194;146,195;146,196;126,196;126,197;126,198;
#1828:
>0:124,186;124,187;
#1829:
>0:202,224;202,225;202,226;
#1830:
>0:130,219;129,219;129,220;129,221;
#1831:
>0:165,184;
#1832:
>0:148,220;148,221;148,222;
#1833:
>0:200,194;200,195;200,196;201,196;201,197;181,197;182,197;182,198;162,198;163,198;162,199;142,199;142,200;122,200;123,200;103,201;103,202;104,202;84,202;84,203;
#1834:
>0:145,208;145,209;145,210;
#1835:
>0:165,212;165,213;165,214;
#1836:
>0:130,178;130,179;129,179;129,180;129,181;
#1837:
>0:131,173;131,174;131,175;
#1838:
>0:129,221;129,222;129,223;109,224;129,224;128,225;128,226;128,227;108,227;107,228;107,229;107,230;
#1839:
>0:120,182;120,183;120,184;
#1840:
>0:131,148;111,148;111,149;112,149;112,150;112,151;113,151;133,152;134,152;134,153;
#1841:
>0:108,230;108,231;108,232;
#1842:
>0:211,218;212,219;191,219;191,220;171,221;171,222;170,222;150,222;150,223;149,223;149,224;149,225;
#1843:
>0:145,234;
#1844:
>0:148,204;148,205;148,206;
#1845:
>0:209,234;209,235;208,235;208,236;208,237;
#1846:
>0:180,174;181,174;201,175;201,176;202,176;202,177;203,177;204,178;204,179;205,179;205,180;185,180;185,181;
#1847:
>0:128,183;128,184;128,185;
#1848:
>0:162,122;162,123;162,124;163,125;164,126;164,127;144,127;165,127;165,128;165,129;166,129;146,130;147,131;
#1849:
>0:170,215;170,216;190,216;190,217;170,217;170,218;171,218;191,219;191,220;191,221;
#1850:
>0:147,193;147,194;147,195;127,195;127,196;127,197;
#1851:
>0:107,210;107,211;106,211;126,211;126,212;126,213;146,213;146,214;145,214;145,215;
#1852:
>0:167,224;167,225;167,226;166,226;166,227;166,228;
#1853:
>0:173,239;
#1854:
>0:148,181;148,182;148,183;
#1855:
>0:209,155;208,155;209,156;209,157;209,158;208,158;208,159;208,160;188,160;188,161;188,162;
#1856:
>0:127,216;127,217;128,217;128,218;108,219;109,220;109,221;109,222;
#1857:
>0:148,234;148,235;148,236;
#1858:
>0:165,189;165,190;165,191;
#1859:
>0:147,196;147,197;147,198;
#1860:
>0:124,209;124,210;124,211;
#1861:
>0:148,219;148,220;168,221;168,222;168,223;
#1862:
>0:110,232;109,232;109,233;110,233;110,234;109,234;129,234;129,235;130,235;130,236;131,237;151,237;152,237;152,238;152,239;153,239;133,239;
#1863:
>0:131,122;131,123;111,123;111,124;112,124;132,125;131,125;152,125;152,126;172,126;172,127;172,128;
#1864:
>0:209,144;209,145;209,146;189,146;189,147;188,147;188,148;188,149;
#1865:
>0:108,150;108,151;108,152;
#1866:
>0:206,206;206,207;207,207;207,208;187,208;187,209;188,209;188,210;188,211;208,211;208,212;208,213;188,213;189,213;189,214;189,215;
#1867:
>0:131,213;131,214;131,215;111,215;111,216;112,216;112,217;132,217;131,217;152,218;171,218;170,219;189,219;188,219;187,220;186,220;185,220;185,221;184,221;183,221;163,221;163,222;182,222;182,223;181,223;201,223;180,224;
#1868:
>0:213,211;214,212;214,213;234,213;234,214;235,214;234,214;234,215;
#1869:
>0:106,206;106,207;126,207;126,208;126,209;
#1870:
>0:88,168;87,168;87,169;86,169;86,170;66,170;66,171;66,172;65,172;65,173;45,173;46,173;46,174;45,174;45,175;25,175;25,176;5,176;
#1871:
>0:122,179;122,180;123,180;123,181;124,181;124,182;125,182;125,183;125,184;
#1872:
>0:143,190;143,191;163,192;164,192;164,193;164,194;163,194;163,195;184,195;184,196;185,196;186,196;187,197;188,197;188,198;188,199;
#1873:
>0:122,181;122,182;121,182;121,183;120,184;120,185;120,186;
#1874:
>0:126,125;126,126;126,127;
#1875:
>0:182,145;181,146;181,147;181,148;
#1876:
>0:171,195;171,196;171,197;
#1877:
>0:106,219;106,220;106,221;
#1878:
>0:111,174;130,174;129,174;148,174;147,174;146,174;145,174;164,175;163,175;162,175;162,176;162,177;
#1879:
>0:184,166;184,167;164,168;165,169;164,169;165,170;165,171;165,172;
#1880:
>0:120,178;121,179;122,180;123,180;123,181;124,181;124,182;124,183;125,183;125,184;125,185;
#1881:
>0:107,238;107,239;108,239;
#1882:
>0:106,222;106,223;86,223;87,224;107,224;107,225;107,226;
#1883:
>0:107,209;107,210;108,210;108,211;107,211;107,212;106,212;105,212;105,213;125,213;125,214;125,215;
#1884:
>0:160,175;141,175;141,176;141,177;142,177;142,178;143,178;143,179;143,180;123,181;123,182;124,182;124,183;125,184;125,185;125,186;
#1885:
>0:143,211;143,212;143,213;144,213;144,214;
#1886:
>0:209,211;229,212;229,213;209,213;209,214;209,215;
#1887:
>0:128,239;
#1888:
>0:122,234;122,235;123,235;123,236;144,236;144,237;144,238;124,239;125,239;124,239;
#1889:
>0:124,204;125,204;125,205;125,206;
#1890:
>0:145,187;145,188;165,189;166,189;146,190;166,190;166,191;166,192;
#1891:
>0:100,186;101,186;101,187;101,188;102,188;122,188;102,188;103,189;123,189;103,189;104,190;105,191;106,192;106,193;106,194;
#1892:
>0:145,200;145,201;145,202;
#1893:
>0:107,209;107,210;87,210;88,210;108,211;109,211;89,212;90,212;91,212;111,213;112,213;112,214;111,215;111,216;131,216;131,217;
#1894:
>0:129,220;109,221;129,221;128,221;128,222;128,223;
#1895:
>0:145,225;145,226;145,227;
#1896:
>0:109,186;109,187;109,188;
#1897:
>0:167,225;167,226;
#1898:
>0:180,155;
#1899:
>0:120,228;120,229;120,230;100,230;101,230;121,231;121,232;101,233;121,233;122,234;122,235;122,236;
#1900:
>0:171,196;171,197;170,197;190,198;189,198;188,198;187,199;186,199;185,199;184,200;163,200;162,200;162,201;142,201;122,201;122,202;123,202;124,202;124,203;123,203;123,204;123,205;
#1901:
>0:146,233;145,233;145,234;
#1902:
>0:128,161;128,162;128,163;
#1903:
>0:162,216;162,217;162,218;
#1904:
>0:161,195;161,196;162,196;162,197;162,198;
#1905:
>0:186,164;186,165;187,165;187,166;188,166;188,167;189,167;190,167;190,168;210,168;230,169;250,169;251,169;251,170;252,170;253,170;274,171;275,171;276,172;276,173;277,173;297,174;
#1906:
>0:107,209;107,210;108,210;107,211;106,212;105,212;125,213;125,214;124,215;123,216;122,217;122,218;121,218;121,219;120,219;121,220;120,220;140,220;140,221;
#1907:
>0:131,177;131,178;111,179;111,180;112,180;112,181;132,181;131,181;151,182;152,182;172,182;171,182;171,183;170,183;190,183;190,184;210,184;230,185;250,185;251,186;252,186;253,187;274,187;275,187;276,188;277,189;278,189;278,190;298,190;299,190;299,191;299,192;
#1908:
>0:146,226;145,226;146,226;126,227;126,228;127,228;127,229;128,229;128,230;128,231;
#1909:
>0:108,182;108,183;108,184;
#1910:
>0:143,185;143,186;142,186;142,187;142,188;
#1911:
>0:209,136;209,137;209,138;
#1912:
>0:106,181;106,182;106,183;
#1913:
>0:107,200;107,201;108,201;128,202;108,203;108,204;109,204;109,205;109,206;129,206;129,207;130,207;130,208;130,209;150,209;130,210;130,211;129,211;129,212;109,212;129,212;129,213;109,213;109,214;109,215;
#1914:
>0:107,219;107,220;107,221;
#1915:
>0:150,223;150,224;149,224;149,225;149,226;129,227;129,228;128,228;128,229;128,230;127,230;127,231;147,231;146,231;126,232;126,233;
#1916:
>0:171,195;171,196;171,197;170,197;190,197;190,198;189,198;188,198;187,199;186,199;185,199;185,200;184,200;163,200;162,201;162,202;162,203;
#1917:
>0:145,180;145,181;145,182;165,182;165,183;165,184;164,184;164,185;163,185;163,186;163,187;
#1918:
>0:107,181;107,182;107,183;
#1919:
>0:107,192;108,193;108,194;107,194;107,195;106,195;106,196;105,196;125,196;125,197;125,198;124,198;124,199;123,199;123,200;123,201;122,202;122,203;122,204;
#1920:
>0:125,206;124,206;125,206;124,207;125,208;125,209;125,210;
#1921:
>0:149,227;149,228;148,228;149,228;149,229;149,230;129,230;128,231;128,232;127,232;127,233;147,234;146,234;126,235;126,236;
#1922:
>0:209,227;209,228;189,229;188,230;188,231;168,232;168,233;148,234;147,235;148,235;147,235;127,236;127,237;127,238;107,238;107,239;106,239;
#1923:
>0:107,149;108,150;107,150;107,151;106,151;105,151;105,152;125,152;125,153;125,154;145,154;145,155;145,156;
#1924:
>0:128,232;128,233;148,234;148,235;168,235;168,236;188,236;188,237;189,238;189,239;209,239;
#1925:
>0:209,214;209,215;209,216;
#1926:
>0:207,142;207,143;207,144;
#1927:
>0:124,167;124,168;123,168;123,169;122,169;142,169;142,170;162,170;163,170;184,171;185,171;186,172;206,172;225,173;245,173;265,174;285,174;
#1928:
>0:162,162;162,163;162,164;
#1929:
>0:140,219;140,220;141,220;141,221;142,221;142,222;142,223;143,223;143,224;144,225;144,226;144,227;
#1930:
>0:212,228;212,229;211,229;191,229;191,230;171,230;171,231;171,232;170,232;150,232;150,233;149,233;149,234;148,235;148,236;148,237;
#1931:
>0:129,238;129,239;
#1932:
>0:124,219;124,220;124,221;125,221;125,222;126,222;126,223;126,224;
#1933:
>0:120,75;120,76;121,76;121,77;122,77;122,78;122,79;142,79;142,80;162,80;162,81;163,81;184,81;184,82;185,82;186,82;186,83;187,83;188,83;188,84;188,85;
#1934:
>0:108,229;108,230;107,230;107,231;127,232;107,232;107,233;107,234;106,234;106,235;
#1935:
>0:166,211;166,212;167,212;167,213;166,213;166,214;166,215;
#1936:
>0:122,116;122,117;122,118;
#1937:
>0:131,219;131,220;131,221;130,221;130,222;130,223;129,223;129,224;129,225;
#1938:
>0:209,209;209,210;209,211;189,211;189,212;189,213;169,213;169,214;169,215;
#1939:
>0:146,193;146,194;146,195;145,195;145,196;145,197;
#1940:
>0:142,190;162,190;163,191;184,191;185,191;186,192;187,192;188,192;189,193;190,193;210,194;230,194;250,195;251,195;252,195;253,196;274,196;275,196;276,197;277,197;278,197;279,198;
#1941:
>0:107,234;106,234;106,235;106,236;
#1942:
>0:143,172;143,173;143,174;
#1943:
>0:188,222;188,223;188,224;168,224;168,225;168,226;148,226;148,227;147,227;148,227;147,228;127,228;127,229;
#1944:
>0:290,162;
#1945:
>0:131,198;111,198;111,199;112,200;132,201;151,201;152,202;172,202;171,202;170,203;190,203;189,203;188,204;187,204;186,204;186,205;206,205;225,206;245,206;265,207;
#1946:
>0:171,231;171,232;170,233;190,233;189,233;188,234;187,234;186,235;185,235;184,235;163,236;183,237;182,237;182,238;202,238;202,239;
#1947:
>0:189,147;189,148;189,149;
#1948:
>0:106,238;106,239;
#1949:
>0:108,207;108,208;108,209;
#1950:
>0:166,237;166,238;166,239;165,239;
#1951:
>0:145,217;145,218;125,218;125,219;126,219;146,219;126,220;127,220;127,221;127,222;
#1952:
>0:122,182;122,183;122,184;
#1953:
>0:209,229;208,230;209,230;209,231;209,232;
#1954:
>0:120,196;120,197;121,197;121,198;122,198;122,199;123,199;123,200;124,201;124,202;143,202;142,202;143,202;124,202;124,203;125,203;125,204;125,205;126,206;126,207;127,208;128,208;128,209;128,210;
#1955:
>0:174,234;174,235;173,236;173,237;153,237;152,238;152,239;151,239;152,239;
#1956:
>0:145,178;165,179;165,180;164,181;163,182;182,183;181,183;201,184;200,184;
#1957:
>0:107,71;107,72;108,72;108,73;107,74;127,74;127,75;128,75;127,76;128,76;148,77;168,78;168,79;188,79;188,80;188,81;
#1958:
>0:108,202;108,203;108,204;
#1959:
>0:212,207;212,208;211,208;191,208;191,209;171,210;172,210;152,211;151,211;132,211;132,212;131,212;111,213;111,214;131,214;
#1960:
>0:107,182;107,183;108,183;108,184;107,184;127,185;127,186;128,186;128,187;148,187;148,188;168,188;168,189;188,190;189,190;190,190;190,191;210,191;230,191;230,192;250,192;251,192;251,193;250,193;249,193;268,194;267,194;266,194;285,195;284,195;263,195;262,195;262,196;261,196;
#1961:
>0:106,199;106,200;125,200;125,201;125,202;145,202;145,203;145,204;
#1962:
>0:131,219;131,220;131,221;130,221;130,222;130,223;129,223;109,223;109,224;129,224;129,225;128,226;128,227;108,227;108,228;107,228;107,229;106,229;106,230;
#1963:
>0:120,210;121,210;122,211;122,212;142,212;142,213;143,213;
#1964:
>0:146,171;126,171;127,172;127,173;127,174;
#1965:
>0:108,200;108,201;108,202;
#1966:
>0:147,178;147,179;167,180;166,180;166,181;146,181;146,182;145,182;145,183;145,184;
#1967:
>0:208,209;208,210;188,210;188,211;188,212;187,212;186,212;185,212;185,213;184,213;163,213;162,213;162,214;142,214;122,215;122,216;122,217;
#1968:
>0:107,219;87,219;87,220;107,220;107,221;107,222;108,222;108,223;107,223;107,224;127,224;127,225;128,226;128,227;128,228;
#1969:
>0:209,211;209,212;209,213;189,213;189,214;169,214;169,215;169,216;149,216;148,216;148,217;148,218;128,218;128,219;128,220;
#1970:
>0:166,225;166,226;166,227;
#1971:
>0:125,205;125,206;126,206;126,207;126,208;
#1972:
>0:182,216;182,217;202,217;201,218;181,218;181,219;182,219;163,220;163,221;164,221;164,222;144,222;144,223;144,224;
#1973:
>0:100,230;101,230;101,231;101,232;102,232;102,233;103,233;103,234;104,235;105,236;106,236;106,237;86,237;87,238;107,238;107,239;
#1974:
>0:128,223;128,224;127,224;128,224;128,225;148,225;148,226;148,227;
#1975:
>0:162,226;162,227;163,227;163,228;164,228;164,229;144,229;144,230;145,230;145,231;145,232;125,232;125,233;125,234;
#1976:
>0:140,201;141,201;141,202;142,202;142,203;142,204;143,204;143,205;144,205;144,206;144,207;145,207;145,208;
#1977:
>0:100,205;101,206;102,206;102,207;103,207;103,208;104,208;104,209;124,209;125,209;125,210;125,211;
#1978:
>0:128,198;127,199;127,200;107,200;107,201;107,202;108,202;
#1979:
>0:145,199;145,200;145,201;144,201;144,202;144,203;143,203;143,204;142,204;142,205;142,206;141,206;141,207;140,207;
#1980:
>0:209,165;209,166;209,167;210,167;210,168;230,169;250,169;251,170;250,170;250,171;249,171;268,171;267,172;266,172;265,172;285,173;264,173;263,173;262,173;262,174;261,174;281,174;
#1981:
>0:240,5;261,5;262,5;261,6;
#1982:
>0:106,207;106,208;106,209;
#1983:
>0:128,220;128,221;128,222;
#1984:
>0:106,194;106,195;126,195;126,196;126,197;
#1985:
>0:212,235;211,236;191,236;191,237;171,237;170,238;190,238;189,238;188,239;187,239;186,239;
#1986:
>0:148,197;147,197;147,198;147,199;127,200;147,200;146,200;126,201;126,202;126,203;
#1987:
>0:162,199;162,200;162,201;163,201;163,202;164,202;144,202;144,203;165,204;146,205;147,206;147,207;147,208;127,208;127,209;127,210;
#1988:
>0:146,234;146,235;146,236;147,236;147,237;147,238;148,238;148,239;
#1989:
>0:164,193;164,194;164,195;
#1990:
>0:106,235;106,236;107,236;107,237;127,238;127,239;
#1991:
>0:132,217;132,218;152,218;151,219;152,219;172,219;172,220;171,220;170,220;190,221;189,221;188,221;188,222;188,223;
#1992:
>0:128,207;128,208;108,208;108,209;107,209;106,209;106,210;126,210;126,211;
#1993:
>0:87,195;107,195;107,196;126,196;145,196;164,196;183,196;182,196;163,197;144,197;145,197;126,197;107,197;88,197;87,197;88,198;87,198;87,199;88,199;87,200;88,200;88,201;87,201;88,202;87,203;88,203;88,204;87,204;87,205;86,206;66,206;66,207;65,208;85,209;85,210;85,211;
#1994:
>0:145,224;145,225;145,226;
#1995:
>0:140,221;141,221;141,222;142,223;143,223;143,224;143,225;123,225;123,226;123,227;
#1996:
>0:168,200;168,201;168,202;169,202;168,202;168,203;168,204;188,204;187,205;186,205;185,205;184,206;163,206;162,206;162,207;142,207;122,208;121,209;121,210;101,210;
#1997:
>0:131,234;131,235;111,236;111,237;112,237;112,238;132,238;132,239;131,239;152,239;172,239;
#1998:
>0:162,151;162,152;163,152;163,153;143,154;143,155;143,156;
#1999:
>0:148,188;148,189;147,190;148,190;147,191;148,191;148,192;168,192;168,193;168,194;148,194;148,195;147,195;127,196;127,197;128,197;127,198;107,198;107,199;106,199;106,200;106,201;105,201;125,201;125,202;125,203;
#2000:
>0:181,232;181,233;181,234;
#2001:
>0:100,217;120,217;120,218;121,218;122,219;122,220;142,220;143,221;143,222;
#2002:
>0:143,235;
#2003:
>0:131,222;131,223;131,224;130,224;130,225;130,226;
#2004:
>0:109,177;109,178;129,179;129,180;129,181;
#2005:
>0:100,238;100,239;
#2006:
>0:104,205;124,206;104,206;124,206;103,207;104,207;104,208;124,208;125,208;125,209;125,210;
#2007:
>0:103,224;103,225;104,225;84,225;84,226;84,227;104,227;103,227;103,228;123,228;122,228;142,229;162,229;163,229;163,230;162,230;182,231;181,231;201,231;201,232;
#2008:
>0:107,219;108,220;108,221;107,221;107,222;106,222;105,223;125,223;125,224;124,225;123,226;122,227;122,228;121,228;121,229;121,230;
#2009:
>0:131,196;131,197;111,197;110,197;110,198;110,199;109,199;109,200;109,201;108,201;108,202;108,203;
#2010:
>0:130,191;130,192;130,193;129,193;129,194;129,195;
#2011:
>0:152,112;152,113;152,114;
#2012:
>0:107,210;107,211;107,212;
#2013:
>0:131,178;131,179;131,180;130,180;130,181;130,182;129,183;129,184;129,185;128,185;128,186;108,186;107,186;107,187;106,188;105,188;125,188;125,189;125,190;
#2014:
>0:106,220;106,221;106,222;
#2015:
>0:108,233;108,234;109,235;108,236;108,237;108,238;
#2016:
>0:140,78;140,79;140,80;141,80;141,81;142,81;142,82;142,83;143,83;143,84;143,85;
#2017:
>0:107,211;108,211;108,212;107,212;107,213;106,214;126,214;126,215;126,216;
#2018:
>0:148,201;148,202;149,202;169,203;169,204;169,205;
#2019:
>0:142,174;141,175;142,175;142,176;142,177;
#2020:
>0:122,227;122,228;122,229;141,229;141,230;141,231;
#2021:
>0:202,197;182,198;202,199;202,200;201,200;181,201;181,202;181,203;160,203;160,204;161,204;161,205;
#2022:
>0:208,232;208,233;208,234;188,234;189,234;189,235;189,236;169,236;169,237;169,238;
#2023:
>0:187,225;187,226;187,227;
#2024:
>0:185,190;185,191;165,191;165,192;165,193;
#2025:
>0:131,183;131,184;111,184;111,185;112,185;112,186;131,186;131,187;112,187;132,187;132,188;151,188;152,188;172,188;171,189;170,189;190,189;189,189;189,190;188,190;187,190;186,190;186,191;185,191;184,191;183,192;163,192;162,193;182,193;181,193;181,194;201,194;201,195;200,195;200,196;201,196;200,196;200,197;
#2026:
>0:145,215;145,216;145,217;
#2027:
>0:148,237;148,238;168,238;168,239;
#2028:
>0:150,238;150,239;
#2029:
>0:107,217;108,218;108,219;107,219;107,220;106,220;106,221;105,221;125,221;125,222;124,223;104,223;104,224;104,225;103,225;103,226;102,226;122,226;102,226;102,227;101,227;121,227;101,227;101,228;100,228;
#2030:
>0:188,218;187,219;187,220;187,221;
#2031:
>0:141,231;141,232;141,233;
#2032:
>0:171,178;171,179;171,180;
#2033:
>0:143,238;143,239;
#2034:
>0:143,207;143,208;144,208;144,209;164,209;164,210;144,210;165,211;165,212;146,212;146,213;147,213;147,214;148,215;147,215;147,216;127,217;128,217;128,218;128,219;
#2035:
>0:142,228;142,229;162,229;162,230;162,231;
#2036:
>0:145,232;145,233;145,234;
#2037:
>0:107,233;108,233;108,234;108,235;107,235;127,235;128,236;127,236;128,237;128,238;127,238;147,238;147,239;
#2038:
>0:140,232;141,233;141,234;142,234;142,235;162,236;163,236;184,236;184,237;185,237;186,237;186,238;206,238;207,239;
#2039:
>0:125,215;125,216;125,217;
#2040:
>0:130,159;130,160;129,160;109,160;129,161;128,161;128,162;108,163;107,164;106,164;106,165;125,165;125,166;124,166;124,167;123,168;122,169;122,170;122,171;
#2041:
>0:162,236;162,237;161,237;161,238;141,238;141,239;140,239;
#2042:
>0:111,196;111,197;131,198;111,198;111,199;112,200;132,201;151,201;152,202;171,202;171,203;170,203;190,203;190,204;210,204;230,204;230,205;250,205;251,205;251,206;250,206;249,206;268,207;267,207;266,207;265,208;285,208;264,208;263,208;262,209;261,209;
#2043:
>0:190,224;190,225;189,225;209,225;209,226;209,227;229,227;229,228;229,229;
#2044:
>0:129,219;129,220;129,221;130,221;130,222;150,222;150,223;170,223;170,224;171,224;171,225;170,225;170,226;190,226;189,226;188,226;188,227;187,227;186,227;185,228;184,228;163,228;163,229;162,229;182,229;181,230;201,230;200,230;
#2045:
>0:104,185;104,186;103,186;123,187;103,187;102,187;102,188;101,188;101,189;121,189;121,190;121,191;120,191;120,192;140,192;140,193;
#2046:
>0:145,195;145,196;165,197;164,198;164,199;163,199;163,200;162,200;162,201;162,202;
#2047:
>0:150,196;150,197;149,197;149,198;149,199;148,199;148,200;148,201;
#2048:
>0:150,205;150,206;150,207;
#2049:
>0:142,237;143,237;142,238;142,239;162,239;163,239;
#2050:
>0:107,238;107,239;108,239;
#2051:
>0:211,229;211,230;211,231;
#2052:
>0:141,197;141,198;142,199;142,200;162,200;163,200;163,201;184,201;185,201;185,202;186,202;187,202;188,203;188,204;188,205;
#2053:
>0:124,202;124,203;124,204;123,204;123,205;122,205;142,205;142,206;162,206;163,206;163,207;162,207;182,208;181,208;201,208;200,209;
#2054:
>0:107,206;107,207;108,208;108,209;128,209;128,210;108,210;108,211;127,211;146,212;127,212;108,212;108,213;109,213;89,214;89,215;69,215;69,216;49,216;49,217;48,217;48,218;28,218;28,219;8,219;
#2055:
>0:131,180;131,181;131,182;111,182;111,183;112,183;112,184;132,184;131,185;152,185;172,185;171,186;190,186;189,187;188,187;187,187;186,188;185,188;184,188;184,189;163,189;162,189;182,190;181,190;201,190;200,191;
#2056:
>0:209,238;209,239;
#2057:
>0:167,223;167,224;147,224;147,225;147,226;148,226;148,227;148,228;168,228;168,229;188,229;188,230;188,231;189,231;189,232;209,232;209,233;209,234;
#2058:
>0:107,237;106,237;106,238;107,238;107,239;
#2059:
>0:113,220;113,221;113,222;
#2060:
>0:106,158;106,159;105,159;105,160;104,160;104,161;124,161;125,161;125,162;125,163;
#2061:
>0:180,207;180,208;201,208;201,209;202,209;202,210;202,211;203,211;204,212;205,212;205,213;205,214;206,214;207,214;207,215;208,215;208,216;208,217;209,217;209,218;210,218;211,218;211,219;212,219;213,220;194,220;194,221;194,222;
#2062:
>0:107,229;107,230;108,231;108,232;128,233;128,234;128,235;
#2063:
>0:107,223;107,224;108,224;108,225;128,226;108,227;109,227;109,228;109,229;
#2064:
>0:209,187;209,188;189,189;189,190;188,190;188,191;187,191;187,192;186,192;185,192;184,193;163,193;162,194;162,195;162,196;
#2065:
>0:148,222;148,223;168,223;168,224;188,224;188,225;187,226;186,226;186,227;206,227;225,228;226,229;225,229;225,230;224,231;223,231;223,232;243,232;243,233;242,234;
#2066:
>0:106,234;106,235;106,236;
#2067:
>0:108,213;108,214;108,215;
#2068:
>0:128,199;109,200;109,201;109,202;
#2069:
>0:140,232;141,232;141,233;141,234;142,234;142,235;162,236;163,236;184,236;184,237;185,237;186,237;186,238;206,238;206,239;207,239;
#2070:
>0:106,199;106,200;106,201;
#2071:
>0:152,238;151,239;
#2072:
>0:111,180;131,181;131,182;131,183;111,183;111,184;112,184;112,185;132,185;132,186;151,186;152,186;172,186;171,187;170,187;190,187;190,188;210,188;230,188;230,189;250,189;251,189;251,190;250,190;249,190;248,190;268,191;267,191;266,191;265,191;284,192;263,192;262,192;261,193;240,193;
#2073:
>0:113,209;113,210;113,211;112,211;112,212;111,212;111,213;131,213;111,214;131,214;131,215;131,216;
#2074:
>0:150,133;150,134;170,134;171,135;172,135;152,135;131,135;132,136;112,136;92,137;71,137;70,137;70,138;69,138;48,138;47,139;46,139;65,140;85,141;85,142;84,142;84,143;84,144;
#2075:
>0:187,200;187,201;188,202;189,202;189,203;209,204;208,205;209,205;
#2076:
>0:143,234;143,235;143,236;142,236;142,237;141,237;141,238;141,239;
#2077:
>0:186,228;186,229;187,230;187,231;188,231;208,231;208,232;208,233;209,233;209,234;209,235;
#2078:
>0:131,218;131,219;111,219;111,220;111,221;112,221;112,222;132,223;151,223;152,223;172,224;171,224;170,224;190,225;189,225;188,225;188,226;189,227;209,228;209,229;
#2079:
>0:169,232;169,233;169,234;
#2080:
>0:113,232;113,233;112,233;113,233;113,234;112,234;112,235;111,235;111,236;90,236;109,237;108,237;88,238;87,238;87,239;86,239;106,239;
#2081:
>0:187,219;187,220;187,221;
#2082:
>0:131,225;111,225;111,226;111,227;112,227;112,228;132,228;151,229;152,229;172,229;171,229;170,230;190,230;189,230;188,230;188,231;187,231;186,231;185,232;184,232;163,232;163,233;162,233;182,233;182,234;181,234;201,234;201,235;180,235;
#2083:
>0:131,235;131,236;111,236;111,237;112,238;112,239;132,239;151,239;
#2084:
>0:209,96;209,97;209,98;208,98;188,99;187,99;187,100;187,101;186,101;186,102;166,102;166,103;165,104;165,105;165,106;
#2085:
>0:125,230;105,231;106,231;106,232;106,233;
#2086:
>0:128,186;127,187;127,188;127,189;
#2087:
>0:131,216;131,217;111,217;111,218;112,218;112,219;132,219;151,219;152,220;171,220;170,220;190,221;189,221;188,221;187,221;187,222;186,222;185,222;184,222;184,223;163,223;162,223;142,223;142,224;122,224;123,224;123,225;124,225;124,226;124,227;
#2088:
>0:145,156;145,157;145,158;
#2089:
>0:131,226;131,227;130,227;130,228;129,229;109,229;129,229;129,230;109,230;109,231;109,232;
#2090:
>0:107,221;107,222;107,223;106,223;126,223;126,224;126,225;146,225;146,226;146,227;145,227;145,228;
#2091:
>0:174,227;175,228;175,229;155,229;155,230;155,231;
#2092:
>0:87,226;87,227;107,227;107,228;88,228;108,228;109,229;90,229;91,230;111,230;112,230;112,231;132,232;133,232;133,233;153,233;154,233;154,234;174,234;174,235;174,236;
#2093:
>0:149,222;149,223;150,223;130,223;130,224;130,225;
#2094:
>0:107,219;107,220;108,220;108,221;109,222;89,222;69,223;69,224;49,224;49,225;48,225;48,226;
#2095:
>0:106,231;106,232;106,233;
#2096:
>0:148,144;148,145;148,146;
#2097:
>0:108,234;108,235;108,236;
#2098:
>0:169,238;169,239;168,239;169,239;
#2099:
>0:87,205;87,206;107,206;88,206;88,207;108,207;109,207;89,208;90,208;111,209;112,209;112,210;112,211;132,211;133,211;153,212;154,212;155,213;154,213;174,213;174,214;173,214;152,214;151,214;130,214;129,214;128,214;107,214;128,214;129,214;130,214;151,214;152,214;153,215;174,215;175,215;175,216;175,217;
#2100:
>0:187,209;187,210;187,211;186,211;185,212;184,212;163,212;163,213;162,213;162,214;142,215;141,215;141,216;140,216;160,216;
#2101:
>0:205,229;205,230;205,231;
#2102:
>0:128,229;128,230;128,231;
#2103:
>0:171,181;171,182;171,183;172,183;172,184;172,185;171,185;171,186;170,186;190,186;190,187;210,187;230,187;230,188;250,188;251,188;251,189;250,189;249,190;268,190;267,190;266,191;265,191;285,191;284,192;263,192;262,192;261,193;281,193;
#2104:
>0:120,124;120,125;121,125;121,126;101,126;101,127;102,127;102,128;103,128;103,129;104,129;104,130;105,130;105,131;106,131;106,132;107,133;107,134;107,135;
#2105:
>0:201,139;181,140;201,140;201,141;202,141;202,142;203,142;204,143;204,144;205,144;205,145;206,145;186,146;187,147;188,147;188,148;188,149;
#2106:
>0:107,206;107,207;87,207;86,207;86,208;106,208;106,209;105,209;105,210;104,210;104,211;124,211;125,211;125,212;125,213;124,214;124,215;123,215;123,216;122,216;122,217;122,218;142,218;143,219;
#2107:
>0:183,150;163,151;143,151;163,151;164,151;164,152;164,153;
#2108:
>0:129,227;149,227;149,228;149,229;169,229;169,230;169,231;
#2109:
>0:143,216;143,217;143,218;163,219;164,219;163,220;184,221;185,221;186,222;206,222;206,223;207,223;207,224;208,224;208,225;208,226;
#2110:
>0:169,224;169,225;168,225;169,226;168,226;168,227;148,227;148,228;148,229;
#2111:
>0:128,206;128,207;128,208;
#2112:
>0:106,230;106,231;107,231;107,232;107,233;106,233;106,234;106,235;126,235;126,236;126,237;
#2113:
>0:142,151;142,152;143,152;143,153;143,154;
#2114:
>0:128,214;108,214;108,215;107,215;107,216;106,216;105,217;125,217;125,218;125,219;124,219;124,220;123,220;123,221;103,221;103,222;104,222;84,223;
#2115:
>0:190,230;170,230;170,231;190,231;190,232;170,232;169,232;189,232;189,233;189,234;
#2116:
>0:107,230;107,231;108,231;108,232;107,232;107,233;106,233;106,234;126,234;126,235;126,236;146,236;145,237;145,238;145,239;
#2117:
>0:207,85;206,86;225,87;245,87;245,88;265,88;285,88;
#2118:
>0:108,224;108,225;108,226;
#2119:
>0:131,110;131,111;130,111;130,112;130,113;
#2120:
>0:147,32;147,33;147,34;167,34;167,35;166,35;166,36;165,36;165,37;165,38;
#2121:
>0:164,238;163,238;163,239;182,239;181,239;
#2122:
>0:129,72;128,73;128,74;127,75;127,76;146,76;146,77;145,77;145,78;145,79;
#2123:
>0:128,155;128,156;148,156;148,157;168,157;168,158;168,159;
#2124:
>0:145,167;145,168;165,169;165,170;165,171;
#2125:
>0:107,71;107,72;107,73;
#2126:
>0:165,121;165,122;165,123;
#2127:
>0:127,15;128,16;108,17;109,17;109,18;108,18;108,19;
#2128:
>0:108,21;
#2129:
>0:108,0;108,1;108,2;
#2130:
>0:107,28;107,29;108,29;107,30;106,30;106,31;
#2131:
>0:212,17;191,17;191,18;191,19;171,19;170,19;170,20;190,20;189,20;188,20;188,21;187,21;186,21;185,21;185,22;184,22;163,22;163,23;182,23;181,23;181,24;201,24;
#2132:
>0:87,18;107,18;107,19;88,19;87,19;87,20;87,21;67,21;67,22;67,23;47,23;47,24;47,25;48,25;48,26;
#2133:
>0:113,34;113,35;113,36;
#2134:
>0:149,0;
#2135:
>0:209,0;229,0;229,1;229,2;
#2136:
>0:140,3;140,4;141,4;141,5;141,6;142,6;143,7;143,8;143,9;
#2137:
>0:207,0;208,0;208,1;209,1;209,2;209,3;208,3;209,3;209,4;
#2138:
>0:277,37;297,37;
#2139:
>0:150,44;150,45;149,45;149,46;149,47;148,47;148,48;148,49;
#2140:
>0:143,0;142,0;142,1;162,1;162,2;
#2141:
>0:152,0;152,1;151,1;151,2;150,2;150,3;130,3;130,4;129,5;129,6;128,6;128,7;128,8;108,8;107,9;107,10;106,11;
#2142:
>0:108,11;108,12;108,13;
#2143:
>0:205,18;205,19;185,19;185,20;185,21;165,21;165,22;165,23;
#2144:
>0:107,39;107,40;107,41;
#2145:
>0:189,22;189,23;169,23;169,24;169,25;170,25;170,26;
#2146:
>0:134,11;133,12;134,12;133,12;133,13;132,13;132,14;112,14;111,15;131,16;
#2147:
>0:181,22;181,23;182,23;182,24;163,24;163,25;184,25;185,25;185,26;186,26;187,26;187,27;
#2148:
>0:207,27;206,28;207,28;207,29;207,30;
#2149:
>0:142,1;142,2;142,3;
#2150:
>0:208,46;209,46;209,47;209,48;229,48;229,49;
#2151:
>0:229,66;229,67;229,68;
#2152:
>0:266,0;265,0;285,0;284,0;263,1;262,1;261,2;281,2;
#2153:
>0:145,0;
#2154:
>0:167,41;166,41;166,42;166,43;146,43;146,44;145,44;145,45;145,46;
#2155:
>0:127,25;127,26;107,26;106,27;105,27;125,27;125,28;145,28;145,29;145,30;
#2156:
>0:180,29;201,29;181,30;182,30;162,30;163,31;164,31;164,32;144,32;145,33;145,34;145,35;
#2157:
>0:106,24;106,25;125,25;125,26;125,27;145,27;145,28;165,29;165,30;164,31;164,32;163,32;182,33;181,33;201,33;200,34;
#2158:
>0:152,15;152,16;152,17;153,17;153,18;173,18;174,18;174,19;
#2159:
>0:109,6;109,7;109,8;108,8;108,9;107,9;107,10;107,11;
#2160:
>0:106,33;106,34;106,35;107,35;107,36;127,36;127,37;128,37;127,37;128,37;148,38;148,39;148,40;
#2161:
>0:180,19;201,20;181,20;182,20;162,21;163,21;164,21;164,22;144,22;145,23;145,24;125,24;125,25;105,26;106,26;
#2162:
>0:145,45;145,46;145,47;124,48;123,49;122,49;122,50;
#2163:
>0:113,44;113,45;113,46;112,46;112,47;132,47;132,48;152,48;152,49;152,50;
#2164:
>0:188,62;188,63;168,63;167,64;167,65;167,66;147,66;
#2165:
>0:165,32;165,33;165,34;
#2166:
>0:126,33;126,34;126,35;
#2167:
>0:113,39;113,40;113,41;
#2168:
>0:263,0;262,0;261,0;281,1;
#2169:
>0:107,34;107,35;107,36;108,36;108,37;109,37;109,38;110,38;110,39;111,39;111,40;131,40;
#2170:
>0:141,33;121,34;122,35;123,35;123,36;124,36;125,37;125,38;105,38;106,38;106,39;106,40;107,40;107,41;107,42;
#2171:
>0:124,0;123,0;122,1;121,1;121,2;120,2;
#2172:
>0:85,48;85,49;86,49;86,50;87,51;88,52;107,52;107,53;106,54;107,54;107,55;107,56;106,57;126,57;106,57;106,58;
#2173:
>0:180,42;180,43;201,43;181,44;182,44;162,45;163,45;164,46;144,46;144,47;165,47;165,48;166,48;146,48;147,49;148,49;148,50;148,51;
#2174:
>0:211,64;211,65;211,66;
#2175:
>0:129,67;129,68;130,68;150,69;150,70;150,71;
#2176:
>0:144,74;144,75;144,76;165,76;165,77;165,78;
#2177:
>0:207,41;207,42;207,43;208,43;188,43;187,44;187,45;186,45;186,46;166,47;165,47;165,48;164,48;164,49;144,49;144,50;145,50;145,51;124,51;124,52;
#2178:
>0:107,53;107,54;107,55;
#2179:
>0:152,40;151,41;152,41;171,41;171,42;170,43;150,43;150,44;149,44;149,45;148,45;148,46;
#2180:
>0:107,63;107,64;108,64;108,65;107,65;107,66;106,67;106,68;106,69;
#2181:
>0:168,40;168,41;169,41;168,41;168,42;188,42;189,43;190,43;170,43;171,44;152,44;131,45;132,45;112,45;112,46;92,46;91,46;71,47;70,47;50,48;49,48;49,49;48,49;48,50;
#2182:
>0:165,0;165,1;164,1;163,1;163,2;162,2;182,2;181,3;201,3;200,3;
#2183:
>0:180,54;181,54;201,54;181,55;182,55;182,56;162,56;163,56;163,57;184,57;185,58;186,58;187,58;187,59;187,60;
#2184:
>0:108,48;108,49;108,50;107,50;107,51;107,52;
#2185:
>0:152,84;152,85;151,85;152,85;151,86;172,86;172,87;171,87;171,88;191,88;191,89;191,90;
#2186:
>0:147,16;147,17;127,17;127,18;127,19;
#2187:
>0:127,55;127,56;128,56;127,56;127,57;127,58;
#2188:
>0:100,78;101,78;101,79;101,80;102,80;122,80;102,80;103,81;104,81;104,82;105,82;105,83;106,83;106,84;
#2189:
>0:131,89;131,90;130,90;130,91;130,92;
#2190:
>0:146,28;146,29;147,29;147,30;148,31;147,31;148,31;148,32;127,32;127,33;107,34;107,35;108,36;108,37;109,37;89,37;89,38;69,38;69,39;49,40;49,41;48,41;48,42;28,42;28,43;29,44;9,44;9,45;10,45;10,46;10,47;
#2191:
>0:171,29;170,30;190,30;189,30;188,31;187,31;186,32;166,33;165,33;165,34;165,35;164,35;164,36;163,37;184,37;183,37;183,38;
#2192:
>0:163,65;163,66;164,66;164,67;144,68;145,68;145,69;125,70;125,71;105,72;
#2193:
>0:162,2;162,3;163,4;164,4;164,5;144,5;145,6;145,7;125,8;105,9;106,9;106,10;
#2194:
>0:107,88;107,89;107,90;
#2195:
>0:167,42;167,43;167,44;168,44;148,44;148,45;148,46;147,46;127,46;127,47;107,48;107,49;
#2196:
>0:87,15;86,15;106,15;106,16;105,16;104,17;125,17;125,18;125,19;145,19;145,20;145,21;144,21;164,21;164,22;164,23;
#2197:
>0:164,24;164,25;163,25;182,25;182,26;181,26;201,26;200,26;
#2198:
>0:171,6;171,7;170,7;190,7;189,8;188,8;187,9;186,9;185,9;184,10;163,10;163,11;162,11;182,11;181,12;201,12;201,13;201,14;
#2199:
>0:143,49;143,50;143,51;163,51;164,51;164,52;164,53;163,53;163,54;164,54;164,55;164,56;165,57;
#2200:
>0:107,78;108,78;108,79;128,79;128,80;108,80;108,81;108,82;
#2201:
>0:190,93;190,94;190,95;
#2202:
>0:127,31;127,32;147,32;146,33;146,34;145,34;145,35;145,36;165,36;165,37;165,38;164,38;164,39;163,39;162,39;182,40;181,40;201,40;201,41;200,41;
#2203:
>0:167,55;167,56;167,57;
#2204:
>0:153,77;153,78;152,78;152,79;153,79;153,80;173,80;174,81;175,82;175,83;176,83;177,84;177,85;
#2205:
>0:148,49;148,50;147,50;147,51;127,51;127,52;147,53;146,53;146,54;145,54;145,55;145,56;
#2206:
>0:112,32;132,32;132,33;131,33;151,33;152,33;172,34;171,34;170,34;190,35;189,35;188,35;187,36;186,36;186,37;206,37;225,37;225,38;245,38;265,39;
#2207:
>0:184,67;183,67;183,68;184,68;183,69;163,69;164,70;164,71;164,72;
#2208:
>0:107,64;107,65;108,65;108,66;107,66;106,66;106,67;126,67;126,68;126,69;
#2209:
>0:161,52;161,53;162,53;163,54;164,55;144,56;165,56;165,57;165,58;166,58;146,58;147,59;147,60;
#2210:
>0:113,68;113,69;113,70;
#2211:
>0:148,51;147,52;147,53;127,53;147,54;146,54;146,55;146,56;
#2212:
>0:167,47;167,48;167,49;168,49;168,50;168,51;
#2213:
>0:107,78;107,79;108,79;108,80;107,80;107,81;106,81;106,82;106,83;
#2214:
>0:107,83;108,84;107,84;107,85;106,85;
#2215:
>0:131,30;131,31;131,32;130,32;130,33;130,34;
#2216:
>0:168,67;148,68;148,69;148,70;147,70;127,70;127,71;127,72;107,72;107,73;107,74;
#2217:
>0:152,25;152,26;151,26;152,26;171,26;172,27;171,27;171,28;170,28;190,28;189,28;189,29;188,29;188,30;208,31;208,32;208,33;
#2218:
>0:129,57;129,58;129,59;128,59;128,60;108,61;107,61;107,62;106,62;106,63;
#2219:
>0:87,76;87,77;86,77;106,78;105,79;104,79;104,80;124,80;125,80;125,81;125,82;
#2220:
>0:170,78;170,79;191,80;191,81;211,81;211,82;211,83;
#2221:
>0:132,0;131,0;151,0;152,1;172,1;171,1;171,2;190,2;210,3;230,3;251,4;250,4;250,5;249,5;268,5;267,5;266,6;265,6;284,6;263,6;262,7;281,7;
#2222:
>0:210,47;210,48;230,48;250,49;251,49;252,49;253,50;274,50;275,50;275,51;276,51;276,52;277,52;276,52;276,53;276,54;
#2223:
>0:145,83;145,84;145,85;
#2224:
>0:168,45;168,46;167,46;167,47;187,47;187,48;186,49;185,49;185,50;184,50;163,50;163,51;183,51;182,52;181,53;
#2225:
>0:131,96;131,97;130,97;130,98;130,99;
#2226:
>0:165,75;165,76;165,77;
#2227:
>0:107,89;107,90;108,90;108,91;128,92;128,93;128,94;
#2228:
>0:150,81;150,82;150,83;
#2229:
>0:107,40;107,41;107,42;
#2230:
>0:144,46;144,47;143,47;143,48;144,49;145,50;125,50;124,50;124,51;125,52;125,53;125,54;105,54;106,54;106,55;106,56;
#2231:
>0:106,72;106,73;106,74;105,74;125,75;125,76;124,76;124,77;123,77;122,77;123,78;103,78;83,78;84,79;64,79;44,79;44,80;24,80;25,80;5,81;5,82;4,82;4,83;3,83;3,84;3,85;
#2232:
>0:146,46;146,47;166,47;166,48;166,49;
#2233:
>0:191,84;191,85;191,86;170,86;170,87;169,88;169,89;169,90;
#2234:
>0:127,82;107,83;127,83;107,84;107,85;107,86;
#2235:
>0:160,45;160,46;160,47;161,47;141,48;140,48;141,48;141,49;141,50;121,51;121,52;122,52;122,53;122,54;123,54;123,55;124,55;124,56;124,57;125,57;125,58;125,59;105,59;106,59;
#2236:
>0:209,45;209,46;189,47;189,48;188,48;188,49;188,50;187,50;186,50;186,51;185,51;184,51;163,52;163,53;164,54;144,54;144,55;145,55;
#2237:
>0:122,58;122,59;122,60;123,60;123,61;124,61;124,62;125,62;125,63;125,64;105,64;106,64;106,65;106,66;107,66;107,67;107,68;
#2238:
>0:205,20;204,20;204,21;224,21;224,22;224,23;
#2239:
>0:131,44;111,45;112,46;132,47;151,47;152,47;172,48;171,48;170,48;190,48;189,49;188,49;187,49;187,50;186,50;185,50;184,51;183,51;163,51;162,51;162,52;162,53;
#2240:
>0:108,21;
#2241:
>0:111,52;111,53;110,54;110,55;109,55;129,56;130,57;150,57;150,58;150,59;149,59;169,60;169,61;169,62;
#2242:
>0:129,87;129,88;129,89;
#2243:
>0:108,31;108,32;108,33;
#2244:
>0:108,76;108,77;108,78;
#2245:
>0:167,80;167,81;167,82;
#2246:
>0:134,46;134,47;135,47;155,47;155,48;156,48;156,49;176,49;176,50;177,50;177,51;197,51;197,52;
#2247:
>0:108,33;108,34;108,35;
#2248:
>0:107,77;108,77;108,78;107,78;107,79;107,80;108,81;108,82;109,83;89,83;89,84;88,84;88,85;88,86;
#2249:
>0:180,13;180,14;201,14;201,15;200,15;
#2250:
>0:120,24;121,25;122,25;122,26;142,26;142,27;162,28;163,28;184,28;184,29;185,29;186,29;187,30;188,30;189,30;190,31;170,31;171,31;172,32;152,32;151,32;131,32;132,33;131,33;131,34;111,34;111,35;131,36;
#2251:
>0:144,80;144,81;145,81;145,82;125,82;125,83;125,84;105,85;125,85;145,85;164,85;145,85;125,85;106,85;106,86;106,87;
#2252:
>0:131,37;131,38;130,38;130,39;130,40;150,41;150,42;149,42;149,43;148,43;148,44;148,45;
#2253:
>0:140,50;141,50;141,51;141,52;142,52;142,53;142,54;162,54;162,55;163,55;184,55;185,56;186,56;186,57;206,57;207,57;207,58;208,58;208,59;209,59;209,60;
#2254:
>0:108,39;108,40;108,41;107,41;107,42;127,42;127,43;128,43;128,44;148,44;148,45;168,45;168,46;188,46;189,46;189,47;190,47;210,47;210,48;230,48;250,49;251,49;250,50;249,50;268,50;267,51;266,51;285,51;284,52;263,52;262,52;262,53;281,53;
#2255:
>0:211,40;211,41;211,42;
#2256:
>0:209,56;209,57;209,58;
#2257:
>0:108,61;108,62;108,63;
#2258:
>0:106,98;107,98;107,99;107,100;127,100;128,101;127,101;128,101;128,102;127,103;147,103;147,104;
#2259:
>0:143,95;143,96;143,97;
#2260:
>0:125,89;125,90;124,91;123,91;123,92;142,93;142,94;162,94;162,95;163,95;184,95;185,96;186,96;206,97;207,97;207,98;207,99;
#2261:
>0:108,59;108,60;108,61;109,61;89,61;89,62;88,62;88,63;89,63;89,64;89,65;
#2262:
>0:162,23;162,24;162,25;
#2263:
>0:108,58;108,59;108,60;
#2264:
>0:181,83;181,84;201,85;181,85;201,85;201,86;200,86;
#2265:
>0:143,30;143,31;144,32;164,32;144,32;144,33;165,33;165,34;165,35;
#2266:
>0:146,64;147,65;147,66;148,66;148,67;147,67;127,68;127,69;
#2267:
>0:121,116;121,117;122,117;122,118;122,119;
#2268:
>0:134,89;134,90;153,90;153,91;172,91;172,92;172,93;
#2269:
>0:169,53;169,54;169,55;
#2270:
>0:167,99;167,100;167,101;
#2271:
>0:146,96;146,97;146,98;
#2272:
>0:108,55;108,56;108,57;
#2273:
>0:152,33;151,33;152,34;151,34;171,34;171,35;170,36;170,37;169,37;170,38;169,39;189,39;189,40;
#2274:
>0:162,0;163,0;163,1;164,1;144,2;145,2;145,3;145,4;
#2275:
>0:106,108;107,108;107,109;107,110;
#2276:
>0:2,8;2,9;3,9;3,10;4,10;4,11;5,11;5,12;25,13;26,13;27,13;7,14;8,14;
#2277:
>0:181,72;181,73;181,74;161,74;162,75;182,75;162,75;162,76;163,76;163,77;163,78;164,78;164,79;144,79;144,80;145,80;145,81;145,82;
#2278:
>0:149,75;149,76;148,77;148,78;148,79;
#2279:
>0:106,92;106,93;106,94;
#2280:
>0:120,40;
#2281:
>0:128,113;128,114;127,115;128,115;148,116;148,117;
#2282:
>0:209,50;209,51;189,52;189,53;188,53;188,54;188,55;168,55;168,56;168,57;
#2283:
>0:107,86;107,87;108,87;108,88;107,88;106,89;106,90;106,91;
#2284:
>0:142,28;142,29;142,30;
#2285:
>0:180,44;180,45;201,45;201,46;200,46;
#2286:
>0:106,88;106,89;107,89;107,90;106,90;126,91;106,91;106,92;
#2287:
>0:131,62;131,63;130,63;130,64;130,65;150,65;150,66;170,67;171,67;
#2288:
>0:153,25;153,26;172,26;172,27;171,28;151,28;171,28;171,29;170,29;150,29;150,30;149,30;149,31;148,31;148,32;147,33;147,34;127,34;127,35;146,35;145,36;145,37;
#2289:
>0:182,26;183,26;202,26;202,27;203,28;204,28;204,29;205,29;206,30;225,30;225,31;245,31;265,31;285,32;
#2290:
>0:230,49;231,50;231,51;231,52;
#2291:
>0:142,69;162,69;162,70;142,70;142,71;142,72;143,73;143,74;143,75;
#2292:
>0:185,75;185,76;165,76;165,77;166,77;166,78;166,79;
#2293:
>0:120,86;121,87;122,87;122,88;123,88;123,89;124,89;124,90;124,91;125,91;125,92;125,93;
#2294:
>0:180,67;181,68;201,68;181,68;182,69;163,69;163,70;184,71;185,71;186,71;186,72;187,72;188,72;188,73;189,73;190,73;170,73;171,74;172,74;172,75;173,76;174,77;175,78;195,78;195,79;196,79;196,80;197,80;197,81;
#2295:
>0:146,47;145,48;146,48;146,49;126,50;127,50;127,51;127,52;
#2296:
>0:151,96;151,97;150,97;170,98;171,98;171,99;191,99;191,100;191,101;
#2297:
>0:209,77;209,78;208,79;207,79;207,80;207,81;
#2298:
>0:107,107;108,107;108,108;107,108;107,109;106,109;106,110;105,110;125,110;125,111;145,111;145,112;145,113;
#2299:
>0:120,117;121,117;121,118;122,118;122,119;122,120;123,120;123,121;123,122;124,122;124,123;124,124;125,124;125,125;125,126;
#2300:
>0:126,99;126,100;126,101;
#2301:
>0:171,45;170,46;170,47;150,47;150,48;150,49;
#2302:
>0:120,89;120,90;121,90;121,91;122,91;123,92;124,93;124,94;125,94;125,95;125,96;145,96;125,96;125,97;125,98;145,98;
#2303:
>0:148,88;148,89;148,90;
#2304:
>0:107,107;107,108;107,109;
#2305:
>0:127,113;127,114;127,115;
#2306:
>0:209,56;209,57;209,58;208,58;208,59;208,60;188,60;187,60;187,61;207,62;206,62;186,62;186,63;186,64;
#2307:
>0:128,94;128,95;108,95;108,96;108,97;
#2308:
>0:180,37;201,37;201,38;200,38;
#2309:
>0:148,111;148,112;148,113;
#2310:
>0:122,27;122,28;123,28;123,29;124,29;124,30;125,30;125,31;125,32;105,32;106,32;106,33;
#2311:
>0:172,105;172,106;172,107;171,107;171,108;171,109;
#2312:
>0:149,85;149,86;149,87;
#2313:
>0:144,47;143,48;143,49;143,50;
#2314:
>0:148,52;148,53;148,54;127,54;127,55;127,56;107,56;107,57;108,57;108,58;108,59;109,59;109,60;89,60;69,61;69,62;49,62;49,63;29,63;30,63;30,64;31,64;31,65;11,65;11,66;10,66;10,67;10,68;
#2315:
>0:107,57;108,57;107,58;127,58;128,58;128,59;148,59;148,60;168,61;188,61;188,62;188,63;187,63;186,63;185,64;184,64;183,64;163,65;183,65;183,66;182,66;202,67;202,68;
#2316:
>0:145,96;145,97;145,98;165,99;164,99;164,100;163,100;163,101;182,101;181,101;181,102;201,102;180,102;180,103;
#2317:
>0:109,120;109,121;109,122;
#2318:
>0:169,72;169,73;169,74;168,74;168,75;168,76;
#2319:
>0:148,77;148,78;147,78;147,79;127,79;128,80;127,80;127,81;107,82;
#2320:
>0:180,81;201,81;181,82;182,82;182,83;163,83;163,84;163,85;
#2321:
>0:150,136;150,137;
#2322:
>0:148,225;148,226;149,226;149,227;130,228;150,229;130,229;131,229;131,230;151,230;152,230;152,231;152,232;153,232;153,233;153,234;
#2323:
>0:185,80;185,81;
#2324:
>0:162,98;162,99;162,100;163,100;163,101;163,102;
#2325:
>0:152,84;152,85;151,85;151,86;150,86;150,87;130,87;130,88;130,89;129,89;129,90;109,91;129,91;128,91;128,92;128,93;108,93;108,94;107,94;107,95;106,95;
#2326:
>0:124,112;124,113;124,114;
#2327:
>0:209,21;209,22;209,23;189,23;189,24;188,24;188,25;168,25;168,26;168,27;148,27;147,28;127,29;127,30;107,31;107,32;106,33;
#2328:
>0:160,103;160,104;160,105;
#2329:
>0:164,88;164,89;164,90;144,90;144,91;145,91;145,92;145,93;
#2330:
>0:109,92;109,93;109,94;129,94;128,94;128,95;128,96;108,97;108,98;107,98;107,99;107,100;
#2331:
>0:127,61;127,62;107,62;107,63;107,64;108,64;108,65;
#2332:
>0:88,61;107,61;107,62;107,63;
#2333:
>0:131,27;130,28;130,29;130,30;150,30;150,31;170,31;171,32;191,32;191,33;211,33;212,33;211,34;212,35;232,35;232,36;252,36;252,37;253,37;253,38;254,38;254,39;253,39;253,40;253,41;
#2334:
>0:142,40;162,41;162,42;163,42;163,43;184,44;185,44;186,45;206,45;206,46;207,46;207,47;207,48;208,48;208,49;209,50;209,51;209,52;208,52;208,53;228,53;228,54;208,54;208,55;208,56;
#2335:
>0:107,101;108,101;108,102;108,103;107,103;107,104;107,105;106,105;106,106;
#2336:
>0:212,8;212,9;212,10;
#2337:
>0:209,102;209,103;209,104;208,104;208,105;188,106;189,106;189,107;189,108;169,108;169,109;169,110;
#2338:
>0:107,91;108,92;108,93;107,93;107,94;107,95;
#2339:
>0:210,100;210,101;211,101;211,102;211,103;212,103;232,103;231,104;232,104;231,105;232,105;212,105;211,106;211,107;191,108;191,109;171,109;171,110;171,111;
#2340:
>0:131,80;131,81;111,82;112,83;132,84;151,84;152,84;172,85;171,85;171,86;170,86;170,87;190,87;189,87;188,88;187,88;186,89;185,89;184,90;163,90;163,91;163,92;
#2341:
>0:106,106;107,107;107,108;108,108;108,109;108,110;109,110;109,111;129,111;130,112;130,113;130,114;
#2342:
>0:143,85;143,86;143,87;
#2343:
>0:107,88;107,89;108,89;108,90;107,90;107,91;106,91;106,92;105,92;125,92;125,93;145,94;145,95;145,96;
#2344:
>0:150,114;150,115;150,116;
#2345:
>0:107,97;108,98;107,98;107,99;106,100;
#2346:
>0:108,45;108,46;108,47;
#2347:
>0:122,95;122,96;121,97;121,98;120,98;
#2348:
>0:131,145;
#2349:
>0:180,88;180,89;201,89;200,90;
#2350:
>0:152,145;
#2351:
>0:122,83;122,84;142,84;142,85;142,86;
#2352:
>0:205,82;205,83;205,84;185,84;185,85;
#2353:
>0:146,79;146,80;146,81;
#2354:
>0:108,114;108,115;108,116;
#2355:
>0:143,4;143,5;143,6;
#2356:
>0:148,135;148,136;168,137;168,138;188,138;188,139;187,140;186,140;185,141;184,142;184,143;163,143;163,144;183,144;182,145;182,146;
#2357:
>0:148,110;148,111;148,112;147,112;147,113;127,113;127,114;146,114;146,115;146,116;
#2358:
>0:127,129;127,130;127,131;
#2359:
>0:190,41;190,42;190,43;191,43;191,44;171,44;171,45;171,46;170,46;190,47;210,47;210,48;230,48;250,49;251,49;251,50;250,50;249,50;249,51;268,51;267,51;266,52;265,52;285,52;284,52;264,53;263,53;262,53;261,54;281,54;
#2360:
>0:145,99;145,100;145,101;146,101;146,102;147,103;147,104;148,104;148,105;148,106;149,106;169,106;169,107;169,108;
#2361:
>0:141,89;141,90;141,91;
#2362:
>0:291,32;271,32;251,33;250,33;230,33;230,34;210,34;190,35;189,35;189,36;188,36;188,37;188,38;208,38;208,39;208,40;
#2363:
>0:108,115;108,116;127,116;126,116;125,116;124,116;125,116;126,116;127,116;108,117;108,118;109,119;128,119;128,120;128,121;
#2364:
>0:145,106;145,107;145,108;
#2365:
>0:188,94;188,95;188,96;168,97;167,98;167,99;167,100;
#2366:
>0:140,148;140,149;
#2367:
>0:187,90;187,91;188,91;188,92;188,93;189,93;189,94;209,94;209,95;208,95;
#2368:
>0:125,44;125,45;125,46;124,46;124,47;123,47;123,48;122,48;142,48;142,49;162,49;163,49;163,50;184,50;185,50;185,51;186,51;206,52;207,52;207,53;207,54;208,54;208,55;209,55;209,56;209,57;
#2369:
>0:204,95;184,96;184,97;164,97;184,97;164,97;165,98;165,99;165,100;
#2370:
>0:173,7;
#2371:
>0:129,102;109,102;129,103;128,103;128,104;128,105;
#2372:
>0:122,65;122,66;122,67;123,67;123,68;124,68;124,69;125,69;125,70;126,71;126,72;146,72;
#2373:
>0:165,84;165,85;165,86;
#2374:
>0:187,102;187,103;188,103;189,103;189,104;190,104;170,104;171,105;171,106;
#2375:
>0:167,94;187,95;187,96;186,96;185,96;185,97;184,97;163,97;163,98;162,98;162,99;162,100;
#2376:
>0:107,108;107,109;108,109;108,110;107,110;107,111;106,111;106,112;106,113;
#2377:
>0:171,108;151,108;171,108;171,109;170,109;150,110;149,110;149,111;148,111;148,112;148,113;
#2378:
>0:121,85;121,86;101,87;100,87;120,87;120,88;121,88;121,89;122,89;122,90;122,91;142,91;142,92;142,93;
#2379:
>0:107,78;107,79;107,80;
#2380:
>0:108,121;108,122;108,123;
#2381:
>0:120,66;121,67;122,67;122,68;122,69;
#2382:
>0:125,111;125,112;125,113;
#2383:
>0:145,117;124,117;124,118;123,119;122,119;123,119;123,120;103,120;103,121;104,121;104,122;105,122;105,123;86,123;86,124;66,125;67,125;67,126;
#2384:
>0:107,95;107,96;108,96;108,97;108,98;107,98;106,99;125,100;125,101;124,102;124,103;124,104;
#2385:
>0:150,81;150,82;130,83;129,83;129,84;129,85;109,85;109,86;108,87;108,88;107,88;107,89;106,89;106,90;106,91;
#2386:
>0:124,99;124,100;124,101;
#2387:
>0:170,93;170,94;170,95;150,95;150,96;150,97;
#2388:
>0:148,143;148,144;149,145;129,145;129,146;128,147;128,148;108,148;108,149;108,150;
#2389:
>0:108,107;108,108;108,109;
#2390:
>0:180,147;180,148;
#2391:
>0:191,51;191,52;171,53;171,54;170,54;150,54;150,55;150,56;
#2392:
>0:131,107;131,108;111,108;111,109;112,109;112,110;132,111;131,111;151,112;151,113;152,113;152,114;152,115;172,115;172,116;172,117;
#2393:
>0:149,112;149,113;149,114;148,114;148,115;148,116;
#2394:
>0:122,97;122,98;122,99;
#2395:
>0:143,121;143,122;143,123;
#2396:
>0:108,136;108,137;107,137;107,138;106,138;
#2397:
>0:108,137;107,137;106,138;105,138;125,139;125,140;145,140;145,141;145,142;
#2398:
>0:149,105;149,106;149,107;
#2399:
>0:129,157;129,158;109,158;129,159;128,160;128,161;128,162;
#2400:
>0:160,104;160,105;160,106;
#2401:
>0:107,94;107,95;87,95;87,96;107,96;88,96;108,96;108,97;109,97;89,97;90,98;111,99;112,100;112,101;132,101;132,102;151,102;151,103;152,103;172,104;173,105;194,106;214,107;213,107;214,107;214,108;234,109;234,110;234,111;
#2402:
>0:120,105;120,106;120,107;
#2403:
>0:106,84;106,85;126,85;126,86;146,87;145,88;146,88;146,89;146,90;166,90;166,91;166,92;
#2404:
>0:108,93;108,94;108,95;
#2405:
>0:129,103;129,104;128,105;128,106;128,107;108,107;108,108;107,108;106,109;105,109;125,109;
#2406:
>0:169,100;169,101;169,102;
#2407:
>0:108,73;108,74;108,75;107,75;107,76;106,76;105,77;125,77;125,78;145,78;145,79;145,80;
#2408:
>0:143,101;143,102;123,102;123,103;123,104;
#2409:
>0:211,128;211,129;211,130;
#2410:
>0:220,148;220,149;221,149;221,150;201,150;201,151;202,151;202,152;202,153;
#2411:
>0:153,90;153,91;152,91;152,92;152,93;
#2412:
>0:107,117;107,118;108,118;108,119;107,119;107,120;107,121;106,121;106,122;
#2413:
>0:173,133;173,134;173,135;
#2414:
>0:107,103;87,103;87,104;106,104;106,105;105,105;105,106;104,106;104,107;124,107;125,107;125,108;125,109;
#2415:
>0:152,130;152,131;151,131;151,132;150,133;150,134;150,135;
#2416:
>0:166,117;166,118;166,119;167,119;167,120;167,121;
#2417:
>0:106,140;107,141;107,142;107,143;
#2418:
>0:128,116;128,117;127,117;128,117;127,118;127,119;107,119;107,120;107,121;
#2419:
>0:150,118;150,119;150,120;
#2420:
>0:183,136;163,136;164,137;164,138;164,139;165,139;165,140;165,141;
#2421:
>0:122,70;122,71;122,72;121,72;121,73;121,74;101,75;102,75;103,76;104,77;104,78;105,78;106,79;106,80;87,80;107,80;87,81;87,82;
#2422:
>0:113,116;113,117;113,118;112,118;112,119;111,119;90,120;109,120;108,121;88,121;107,121;108,121;109,122;130,122;131,122;132,122;133,122;154,122;155,122;156,122;176,122;155,122;154,123;133,123;132,123;131,123;130,123;109,123;108,123;107,123;107,124;107,125;108,125;127,125;127,126;
#2423:
>0:142,106;142,107;141,108;140,108;140,109;
#2424:
>0:162,93;162,94;162,95;163,95;163,96;163,97;164,97;164,98;144,98;144,99;165,99;165,100;165,101;166,101;146,102;147,102;147,103;148,103;148,104;148,105;
#2425:
>0:182,121;162,122;163,123;163,124;163,125;
#2426:
>0:134,133;134,134;134,135;133,136;134,136;133,136;133,137;133,138;
#2427:
>0:107,126;107,127;108,127;108,128;107,129;106,129;125,130;125,131;125,132;
#2428:
>0:143,145;143,146;143,147;163,147;163,148;163,149;
#2429:
>0:107,111;107,112;107,113;
#2430:
>0:143,126;143,127;143,128;123,128;123,129;123,130;124,130;124,131;124,132;125,133;125,134;125,135;
#2431:
>0:108,109;108,110;108,111;
#2432:
>0:209,121;209,122;209,123;
#2433:
>0:229,68;229,69;229,70;209,70;209,71;208,71;208,72;188,73;188,74;188,75;
#2434:
>0:126,122;126,123;126,124;
#2435:
>0:141,116;141,117;141,118;
#2436:
>0:145,124;145,125;145,126;
#2437:
>0:141,109;141,110;140,110;
#2438:
>0:120,134;120,135;121,135;121,136;101,136;101,137;102,137;122,137;102,138;103,138;103,139;104,139;104,140;105,140;105,141;106,141;106,142;106,143;
#2439:
>0:171,135;171,136;172,136;172,137;172,138;171,139;170,140;190,140;189,140;188,141;187,141;186,142;185,142;184,143;163,143;163,144;163,145;
#2440:
>0:209,105;209,106;209,107;
#2441:
>0:167,115;167,116;166,116;186,116;186,117;166,117;186,118;206,118;206,119;205,119;205,120;204,121;224,122;
#2442:
>0:143,106;144,107;144,108;145,108;145,109;145,110;
#2443:
>0:141,121;
#2444:
>0:125,154;125,155;146,155;126,155;126,156;126,157;
#2445:
>0:128,127;128,128;108,128;108,129;107,129;107,130;106,130;106,131;105,131;125,131;125,132;125,133;124,133;124,134;124,135;
#2446:
>0:150,146;150,147;150,148;130,148;131,148;151,149;152,149;152,150;152,151;153,151;153,152;173,152;173,153;
#2447:
>0:108,130;108,131;108,132;
#2448:
>0:106,125;126,126;126,127;126,128;
#2449:
>0:263,87;263,88;243,88;243,89;244,89;244,90;225,91;225,92;225,93;205,93;206,93;206,94;207,94;207,95;207,96;208,97;208,98;209,98;
#2450:
>0:107,127;108,128;107,128;107,129;106,129;105,129;125,130;125,131;125,132;
#2451:
>0:129,92;129,93;130,94;130,95;130,96;150,96;150,97;
#2452:
>0:209,130;209,131;209,132;210,132;210,133;211,133;212,134;213,134;213,135;194,135;194,136;173,137;173,138;174,138;174,139;154,139;155,139;155,140;136,140;137,140;117,141;98,141;98,142;
#2453:
>0:143,158;143,159;143,160;123,160;122,160;122,161;122,162;
#2454:
>0:209,170;209,171;
#2455:
>0:166,115;166,116;166,117;
#2456:
>0:209,170;209,171;
#2457:
>0:107,117;108,118;107,118;107,119;106,119;126,120;126,121;
#2458:
>0:166,85;186,85;186,86;187,86;187,87;187,88;188,88;208,88;208,89;188,89;189,89;189,90;209,90;209,91;208,91;209,91;209,92;209,93;
#2459:
>0:106,160;106,161;126,161;126,162;126,163;
#2460:
>0:209,170;209,171;
#2461:
>0:209,171;209,172;
#2462:
>0:148,80;148,81;148,82;128,82;128,83;128,84;127,84;127,85;107,85;107,86;107,87;
#2463:
>0:106,108;106,109;105,109;125,109;125,110;124,110;124,111;124,112;
#2464:
>0:209,171;209,172;
#2465:
>0:165,106;165,107;165,108;
#2466:
>0:143,122;143,123;144,124;164,124;164,125;144,125;165,125;165,126;165,127;
#2467:
>0:171,131;171,132;171,133;
#2468:
>0:108,134;108,135;128,135;128,136;127,137;127,138;147,138;146,139;146,140;145,140;145,141;
#2469:
>0:108,61;128,62;108,62;109,63;109,64;109,65;
#2470:
>0:140,155;141,155;141,156;161,156;161,157;161,158;
#2471:
>0:152,162;152,163;153,163;153,164;134,164;134,165;
#2472:
>0:146,172;
#2473:
>0:129,87;129,88;109,89;109,90;110,91;110,92;111,92;111,93;112,93;112,94;132,94;132,95;133,95;153,95;154,96;155,96;135,96;136,97;137,97;117,97;117,98;98,98;98,99;98,100;
#2474:
>0:122,122;102,123;101,123;101,124;121,124;101,124;100,125;
#2475:
>0:134,62;133,63;133,64;132,64;112,64;112,65;111,65;111,66;111,67;
#2476:
>0:108,137;108,138;128,138;128,139;128,140;
#2477:
>0:185,113;185,114;186,114;185,115;184,116;163,116;163,117;162,117;142,117;142,118;141,119;141,120;140,120;
#2478:
>0:185,110;185,111;165,111;165,112;165,113;164,113;164,114;144,114;144,115;144,116;145,116;145,117;145,118;125,118;124,118;124,119;124,120;
#2479:
>0:128,112;108,112;108,113;107,113;107,114;107,115;
#2480:
>0:213,108;212,109;212,110;191,110;191,111;191,112;171,112;171,113;171,114;
#2481:
>0:148,56;128,56;128,57;128,58;
#2482:
>0:152,72;152,73;152,74;
#2483:
>0:145,69;145,70;145,71;165,71;165,72;165,73;166,73;146,73;146,74;147,74;147,75;148,75;148,76;149,77;169,77;169,78;170,78;170,79;170,80;
#2484:
>0:140,150;140,151;141,151;141,152;162,153;162,154;162,155;
#2485:
>0:142,93;143,93;143,94;143,95;
#2486:
>0:122,116;122,117;122,118;142,119;142,120;162,120;162,121;163,121;184,121;185,122;186,122;187,122;187,123;188,123;189,123;190,124;210,124;210,125;230,125;250,125;250,126;251,126;252,126;253,127;274,127;275,127;275,128;276,128;276,129;277,129;297,130;
#2487:
>0:107,80;107,81;108,81;128,81;108,82;108,83;109,83;109,84;128,84;127,84;126,84;145,84;126,84;127,84;128,84;109,84;129,85;130,86;150,86;150,87;171,87;
#2488:
>0:134,80;134,81;133,81;133,82;132,83;112,83;113,83;114,83;115,83;116,83;117,83;118,83;117,83;116,83;115,83;114,83;113,83;112,84;111,84;111,85;111,86;
#2489:
>0:110,78;110,79;109,79;109,80;109,81;108,81;108,82;108,83;107,83;107,84;106,85;106,86;106,87;
#2490:
>0:100,137;100,138;100,139;120,139;120,140;120,141;140,141;140,142;141,142;141,143;141,144;
#2491:
>0:191,94;191,95;170,95;170,96;169,97;148,98;148,99;147,100;167,100;167,101;166,101;166,102;146,102;146,103;146,104;
#2492:
>0:108,121;108,122;108,123;
#2493:
>0:170,123;170,124;170,125;169,125;169,126;149,126;149,127;149,128;
#2494:
>0:131,146;111,146;111,147;111,148;112,148;112,149;111,149;111,150;90,150;89,150;109,151;108,151;88,152;87,152;87,153;86,153;66,154;
#2495:
>0:145,111;145,112;144,112;144,113;144,114;145,114;125,114;124,115;124,116;124,117;
#2496:
>0:146,172;
#2497:
>0:130,125;130,126;150,126;130,127;130,128;150,128;150,129;130,129;150,130;130,130;130,131;150,132;150,133;130,133;150,133;150,134;130,134;131,135;151,135;152,135;152,136;132,136;132,137;112,137;112,138;92,138;91,138;71,139;70,139;69,139;89,139;110,139;130,140;150,140;130,140;109,140;89,140;68,140;48,140;47,141;46,141;46,142;45,142;45,143;65,143;
#2498:
>0:145,135;145,136;125,137;125,138;105,139;106,139;106,140;
#2499:
>0:146,112;146,113;145,113;145,114;145,115;
#2500:
>0:146,124;146,125;146,126;
#2501:
>0:160,99;180,100;
#2502:
>0:180,132;180,133;181,133;201,133;201,134;201,135;202,135;202,136;202,137;201,137;
#2503:
>0:128,121;128,122;128,123;127,123;127,124;128,124;148,124;148,125;148,126;
#2504:
>0:148,121;147,122;147,123;147,124;
#2505:
>0:87,128;87,129;86,129;106,129;105,130;104,131;103,132;123,132;103,132;122,133;102,133;101,133;101,134;121,134;121,135;120,136;
#2506:
>0:124,140;124,141;124,142;
#2507:
>0:131,106;131,107;131,108;130,108;131,108;132,108;153,108;154,108;155,108;176,108;177,109;176,109;155,109;154,109;153,109;132,109;131,109;130,109;130,110;129,110;109,111;129,111;129,112;129,113;
#2508:
>0:165,143;165,144;164,144;164,145;144,146;144,147;
#2509:
>0:130,96;130,97;130,98;
#2510:
>0:148,140;
#2511:
>0:232,118;232,119;232,120;
#2512:
>0:107,82;108,82;108,83;107,83;127,83;127,84;128,84;127,85;128,85;148,85;148,86;
#2513:
>0:79,60;98,60;117,61;136,61;136,62;135,62;155,62;154,62;153,63;133,63;132,64;112,64;92,65;72,65;73,66;53,66;33,66;33,67;14,67;
#2514:
>0:162,144;161,145;161,146;160,146;160,147;
#2515:
>0:128,181;
#2516:
>0:131,118;131,119;111,119;110,120;110,121;109,122;109,123;109,124;
#2517:
>0:131,104;131,105;111,105;111,106;112,107;132,108;131,108;130,108;131,108;132,108;131,109;151,109;152,110;152,111;152,112;
#2518:
>0:122,134;122,135;122,136;142,136;142,137;142,138;162,139;163,140;163,141;183,141;183,142;182,142;183,142;183,143;203,143;183,143;202,144;
#2519:
>0:148,160;148,161;168,162;168,163;188,163;189,163;190,164;170,164;171,164;171,165;172,165;172,166;173,166;173,167;194,167;194,168;
#2520:
>0:167,106;167,107;166,107;166,108;166,109;186,109;186,110;206,110;225,111;245,111;245,112;265,112;266,112;266,113;266,114;267,114;267,115;267,116;287,116;288,117;
#2521:
>0:126,94;126,95;126,96;
#2522:
>0:125,112;125,113;125,114;124,114;123,114;123,115;122,116;142,116;142,117;162,117;162,118;163,118;163,119;182,120;181,120;201,120;200,121;
#2523:
>0:145,130;145,131;125,131;126,132;146,132;126,132;126,133;127,133;127,134;127,135;
#2524:
>0:168,133;168,134;168,135;
#2525:
>0:108,127;108,128;108,129;
#2526:
>0:147,76;147,77;147,78;
#2527:
>0:148,153;148,154;148,155;
#2528:
>0:191,105;191,106;191,107;170,107;190,108;170,108;169,109;169,110;169,111;168,111;188,111;188,112;168,112;188,112;187,113;187,114;186,114;186,115;166,115;165,116;165,117;165,118;
#2529:
>0:185,50;185,51;205,51;205,52;205,53;204,53;203,54;202,54;202,55;201,55;201,56;
#2530:
>0:122,151;122,152;122,153;142,153;122,154;123,154;103,154;103,155;83,155;84,155;64,155;64,156;63,156;63,157;44,158;
#2531:
>0:146,141;146,142;147,142;147,143;147,144;
#2532:
>0:142,139;142,140;142,141;
#2533:
>0:163,121;163,122;163,123;
#2534:
>0:131,98;131,99;131,100;111,101;111,102;112,102;112,103;132,103;132,104;131,104;151,104;151,105;152,105;152,106;152,107;172,107;172,108;171,108;171,109;171,110;
#2535:
>0:152,114;152,115;151,115;152,115;171,116;171,117;172,118;192,119;193,120;213,120;
#2536:
>0:113,146;113,147;112,147;113,148;112,148;112,149;132,149;132,150;152,151;151,151;151,152;150,152;150,153;150,154;130,154;130,155;129,155;129,156;129,157;
#2537:
>0:106,137;106,138;107,138;107,139;107,140;108,140;108,141;108,142;128,142;128,143;128,144;129,144;129,145;129,146;
#2538:
>0:209,111;209,112;209,113;208,113;208,114;188,115;187,115;187,116;166,117;167,117;167,118;167,119;
#2539:
>0:235,122;235,123;234,124;233,124;233,125;232,125;233,125;253,126;253,127;
#2540:
>0:206,139;186,139;186,140;186,141;187,141;187,142;186,143;185,143;185,144;184,144;184,145;163,145;163,146;182,146;182,147;181,147;201,148;200,149;
#2541:
>0:107,143;107,144;108,144;108,145;107,145;107,146;106,146;106,147;105,147;125,147;125,148;125,149;145,149;145,150;145,151;
#2542:
>0:187,123;187,124;186,124;186,125;166,125;166,126;166,127;
#2543:
>0:187,174;187,175;188,175;208,175;188,176;189,176;189,177;209,177;209,178;210,178;211,179;211,180;191,181;191,182;170,182;170,183;170,184;
#2544:
>0:285,137;
#2545:
>0:212,156;211,157;191,157;191,158;170,158;170,159;169,159;169,160;169,161;148,161;148,162;148,163;
#2546:
>0:180,91;180,92;181,93;201,93;201,94;202,94;202,95;203,95;203,96;204,96;204,97;205,97;205,98;205,99;206,99;207,100;207,101;227,102;227,103;
#2547:
>0:120,120;121,121;121,122;122,122;122,123;123,123;123,124;124,125;124,126;124,127;
#2548:
>0:149,146;149,147;149,148;129,148;129,149;129,150;109,150;109,151;109,152;
#2549:
>0:160,129;160,130;161,131;161,132;181,132;181,133;181,134;182,134;
#2550:
>0:125,94;125,95;125,96;145,96;145,97;145,98;
#2551:
>0:131,107;131,108;130,108;130,109;129,109;129,110;129,111;128,111;128,112;128,113;
#2552:
>0:181,129;181,130;181,131;
#2553:
>0:108,112;108,113;107,113;107,114;106,114;106,115;
#2554:
>0:108,145;108,146;107,147;106,147;106,148;105,148;125,148;125,149;125,150;
#2555:
>0:145,176;145,177;146,177;
#2556:
>0:191,134;211,135;191,135;190,135;190,136;189,136;209,136;209,137;209,138;
#2557:
>0:126,162;126,163;126,164;
#2558:
>0:125,153;124,153;125,154;124,154;124,155;125,155;125,156;125,157;105,157;106,158;106,159;106,160;
#2559:
>0:108,121;108,122;108,123;
#2560:
>0:128,184;128,185;128,186;127,186;127,187;107,187;106,187;106,188;
#2561:
>0:87,184;87,185;107,185;107,186;107,187;108,187;108,188;107,188;107,189;127,189;146,189;145,189;164,189;163,190;
#2562:
>0:131,124;131,125;130,125;130,126;130,127;129,127;129,128;129,129;128,129;128,130;108,131;107,132;106,132;106,133;105,133;125,133;125,134;125,135;
#2563:
>0:89,143;89,144;89,145;
#2564:
>0:122,149;122,150;123,151;124,152;124,153;125,153;125,154;125,155;
#2565:
>0:183,172;163,172;164,172;164,173;164,174;
#2566:
>0:145,172;145,173;125,174;126,174;146,174;126,175;126,176;126,177;106,177;106,178;106,179;
#2567:
>0:209,117;209,118;189,119;189,120;188,120;188,121;188,122;
#2568:
>0:122,138;122,139;122,140;
#2569:
>0:107,114;106,114;106,115;105,115;105,116;125,116;125,117;145,117;145,118;145,119;
#2570:
>0:165,116;165,117;165,118;
#2571:
>0:145,131;145,132;165,133;165,134;164,134;164,135;163,135;163,136;163,137;
#2572:
>0:148,102;148,103;148,104;
#2573:
>0:87,183;87,184;107,184;107,185;107,186;
#2574:
>0:165,122;165,123;165,124;164,124;164,125;163,126;163,127;163,128;
#2575:
>0:185,146;185,147;185,148;
#2576:
>0:182,103;182,104;182,105;183,105;163,105;162,105;162,106;163,107;163,108;184,108;185,108;186,109;187,109;187,110;187,111;
#2577:
>0:129,155;129,156;130,157;130,158;130,159;
#2578:
>0:106,132;106,133;105,134;125,134;125,135;124,135;124,136;124,137;
#2579:
>0:122,164;142,165;141,165;141,166;121,166;121,167;121,168;
#2580:
>0:160,178;160,179;161,179;161,180;162,180;162,181;162,182;163,182;163,183;143,183;143,184;
#2581:
>0:205,138;205,139;206,139;205,139;185,140;185,141;165,142;165,143;165,144;
#2582:
>0:120,115;
#2583:
>0:109,111;89,112;88,112;88,113;89,113;89,114;89,115;
#2584:
>0:173,164;174,164;174,165;173,165;173,166;194,166;194,167;213,167;213,168;212,168;212,169;212,170;193,170;213,171;
#2585:
>0:122,154;122,155;123,156;124,156;124,157;124,158;125,159;125,160;125,161;126,161;126,162;126,163;127,163;127,164;127,165;
#2586:
>0:131,111;131,112;111,113;111,114;112,114;112,115;132,115;132,116;132,117;131,117;131,118;151,118;151,119;151,120;
#2587:
>0:127,142;127,143;127,144;107,144;106,144;106,145;125,145;125,146;
#2588:
>0:165,170;165,171;164,171;164,172;164,173;144,173;144,174;165,174;145,175;145,176;
#2589:
>0:140,113;140,114;141,114;141,115;141,116;
#2590:
>0:171,145;191,145;190,146;191,147;191,148;190,148;190,149;190,150;189,150;209,150;209,151;209,152;208,152;209,152;209,153;209,154;
#2591:
>0:148,158;148,159;148,160;
#2592:
>0:142,133;142,134;143,134;143,135;143,136;123,136;123,137;123,138;124,138;124,139;124,140;125,140;125,141;125,142;
#2593:
>0:126,143;127,143;127,144;127,145;
#2594:
>0:129,132;129,133;129,134;
#2595:
>0:127,154;128,155;108,155;128,155;128,156;108,156;108,157;109,157;109,158;109,159;129,159;130,159;130,160;130,161;131,161;131,162;151,162;151,163;
#2596:
>0:212,181;212,182;211,182;191,182;191,183;191,184;171,184;170,184;190,184;190,185;189,185;188,185;187,186;186,186;186,187;185,187;185,188;185,189;
#2597:
>0:149,154;149,155;149,156;
#2598:
>0:107,150;108,151;108,152;107,152;107,153;106,153;106,154;
#2599:
>0:131,107;131,108;111,108;111,109;112,110;132,111;131,111;131,112;151,112;151,113;151,114;152,114;152,115;152,116;
#2600:
>0:131,199;
#2601:
>0:143,127;143,128;143,129;142,129;122,130;142,130;142,131;122,131;123,132;103,132;84,133;64,133;44,133;44,134;24,134;25,134;26,134;26,135;27,135;8,135;
#2602:
>0:152,114;152,115;171,115;172,116;172,117;171,118;171,119;171,120;
#2603:
>0:181,116;181,117;181,118;201,118;202,118;202,119;202,120;
#2604:
>0:108,149;108,150;108,151;109,151;109,152;109,153;
#2605:
>0:205,158;205,159;186,159;186,160;187,160;187,161;187,162;
#2606:
>0:145,120;145,121;145,122;
#2607:
>0:106,132;126,133;126,134;126,135;
#2608:
>0:122,170;122,171;122,172;
#2609:
>0:122,125;122,126;122,127;
#2610:
>0:106,141;106,142;106,143;105,143;125,143;125,144;125,145;
#2611:
>0:162,122;162,123;161,123;181,123;181,124;180,124;180,125;
#2612:
>0:127,120;127,121;127,122;
#2613:
>0:209,193;208,193;208,194;208,195;188,195;188,196;189,196;209,197;189,198;190,198;190,199;191,199;191,200;191,201;
#2614:
>0:209,170;208,170;209,171;209,172;209,173;
#2615:
>0:171,110;171,111;170,112;150,112;150,113;130,114;130,115;129,115;129,116;129,117;
#2616:
>0:128,147;128,148;127,148;127,149;107,150;107,151;107,152;
#2617:
>0:209,104;209,105;189,106;189,107;188,108;188,109;188,110;
#2618:
>0:130,142;130,143;130,144;
#2619:
>0:151,106;151,107;152,107;171,107;171,108;172,108;172,109;171,109;171,110;171,111;
#2620:
>0:106,133;126,133;126,134;126,135;
#2621:
>0:108,158;107,159;107,160;106,160;106,161;
#2622:
>0:145,154;145,155;145,156;144,156;144,157;144,158;143,158;143,159;143,160;
#2623:
>0:183,147;163,147;164,148;164,149;164,150;
#2624:
>0:164,166;164,167;144,168;145,168;145,169;146,169;147,169;148,169;149,170;150,170;171,170;150,170;149,170;148,170;147,170;146,170;125,170;125,171;125,172;
#2625:
>0:152,128;152,129;151,129;151,130;150,130;150,131;150,132;
#2626:
>0:165,147;165,148;165,149;
#2627:
>0:144,53;143,54;143,55;143,56;142,56;142,57;142,58;
#2628:
>0:148,126;147,126;148,126;148,127;128,127;128,128;127,128;127,129;107,129;107,130;107,131;108,131;108,132;108,133;
#2629:
>0:107,170;107,171;108,171;107,172;106,172;105,172;125,173;125,174;124,174;123,175;122,176;121,176;121,177;120,178;
#2630:
>0:128,155;128,156;108,156;108,157;107,157;107,158;106,158;126,159;
#2631:
>0:145,145;145,146;145,147;
#2632:
>0:145,142;145,143;145,144;146,144;146,145;147,146;147,147;148,148;148,149;148,150;
#2633:
>0:162,152;162,153;162,154;163,154;163,155;163,156;
#2634:
>0:108,141;108,142;107,142;106,143;125,143;125,144;125,145;
#2635:
>0:150,137;150,138;149,138;149,139;149,140;148,140;148,141;148,142;
#2636:
>0:108,139;108,140;108,141;
#2637:
>0:124,129;124,130;123,131;123,132;103,132;103,133;83,133;83,134;83,135;
#2638:
>0:171,160;171,161;170,162;169,163;169,164;169,165;
#2639:
>0:167,187;167,188;167,189;
#2640:
>0:108,175;108,176;108,177;
#2641:
>0:106,125;106,126;126,126;126,127;126,128;
#2642:
>0:124,188;124,189;123,189;123,190;122,190;142,190;162,191;163,191;184,191;185,191;185,192;186,192;187,192;188,192;188,193;188,194;168,194;148,194;128,194;107,194;107,195;127,195;148,195;168,195;188,195;188,196;189,196;189,197;189,198;209,198;208,199;208,200;188,200;188,201;188,202;
#2643:
>0:107,151;107,152;107,153;108,153;108,154;109,154;89,154;89,155;69,155;69,156;70,157;70,158;71,158;71,159;71,160;
#2644:
>0:106,151;106,152;106,153;105,153;125,153;125,154;125,155;145,155;145,156;145,157;
#2645:
>0:152,159;152,160;153,160;153,161;173,161;173,162;173,163;
#2646:
>0:209,119;209,120;209,121;189,122;189,123;188,123;188,124;188,125;
#2647:
>0:109,120;109,121;109,122;
#2648:
>0:120,139;120,140;121,140;121,141;122,141;122,142;122,143;142,143;142,144;123,144;103,144;103,145;104,145;104,146;84,146;85,146;85,147;65,147;65,148;45,148;46,149;66,150;66,151;
#2649:
>0:155,172;155,173;135,173;136,173;137,174;116,174;116,175;116,176;
#2650:
>0:107,99;106,99;126,100;126,101;126,102;
#2651:
>0:134,96;133,97;134,97;153,97;153,98;172,99;172,100;172,101;
#2652:
>0:161,168;161,169;161,170;
#2653:
>0:209,119;209,120;209,121;
#2654:
>0:146,181;145,181;145,182;145,183;
#2655:
>0:106,175;106,176;126,176;126,177;126,178;146,178;146,179;146,180;145,180;145,181;145,182;165,182;165,183;165,184;
#2656:
>0:171,152;172,152;172,153;172,154;152,155;151,155;132,155;132,156;112,156;92,156;92,157;91,157;71,157;70,157;70,158;69,158;48,158;48,159;48,160;
#2657:
>0:191,157;191,158;191,159;171,159;171,160;171,161;170,161;190,161;189,161;189,162;188,162;187,162;186,163;185,163;184,163;184,164;163,164;163,165;163,166;
#2658:
>0:129,164;128,164;128,165;128,166;108,166;108,167;108,168;
#2659:
>0:186,187;186,188;166,189;165,190;165,191;165,192;164,192;164,193;163,193;163,194;163,195;184,195;185,195;185,196;
#2660:
>0:140,144;141,144;141,145;141,146;
#2661:
>0:108,207;108,208;108,209;
#2662:
>0:140,182;141,182;141,183;141,184;142,184;142,185;142,186;
#2663:
>0:207,137;207,138;207,139;
#2664:
>0:145,143;145,144;165,144;165,145;185,145;
#2665:
>0:142,159;141,160;142,160;142,161;142,162;
#2666:
>0:108,226;108,227;108,228;
#2667:
>0:171,147;171,148;170,148;189,148;208,148;207,148;226,148;225,148;244,148;263,148;262,148;261,148;262,148;243,148;244,148;225,148;226,148;207,148;188,149;189,149;170,149;169,150;169,151;169,152;
#2668:
>0:145,150;145,151;125,151;124,151;124,152;124,153;125,153;125,154;106,155;
#2669:
>0:171,128;171,129;171,130;
#2670:
>0:124,133;125,134;145,134;145,135;145,136;
#2671:
>0:171,197;171,198;170,198;170,199;169,199;169,200;149,201;149,202;149,203;
#2672:
>0:127,171;127,172;107,172;107,173;106,173;105,173;125,174;125,175;124,176;123,177;123,178;122,178;122,179;142,179;142,180;142,181;
#2673:
>0:106,159;106,160;106,161;107,162;107,163;107,164;
#2674:
>0:185,128;185,129;205,129;186,129;186,130;187,131;187,132;188,132;208,133;188,133;189,133;189,134;189,135;209,135;209,136;
#2675:
>0:87,176;107,176;88,177;108,177;109,177;109,178;89,178;90,178;90,179;111,179;112,180;112,181;111,181;111,182;131,182;131,183;
#2676:
>0:209,119;209,120;209,121;
#2677:
>0:148,126;148,127;169,128;169,129;169,130;
#2678:
>0:171,152;171,153;171,154;
#2679:
>0:145,173;145,174;145,175;
#2680:
>0:202,168;182,168;183,168;183,169;183,170;164,170;164,171;164,172;144,172;144,173;145,173;145,174;145,175;
#2681:
>0:107,164;107,165;106,166;107,166;107,167;107,168;106,168;106,169;126,169;126,170;106,170;106,171;
#2682:
>0:186,152;186,153;166,153;166,154;165,154;165,155;164,155;144,156;143,156;143,157;143,158;142,158;142,159;142,160;141,160;141,161;141,162;140,162;
#2683:
>0:148,179;148,180;148,181;
#2684:
>0:141,165;141,166;141,167;
#2685:
>0:129,145;129,146;130,146;130,147;150,147;150,148;150,149;
#2686:
>0:194,169;194,170;194,171;193,171;173,171;173,172;172,172;172,173;171,173;171,174;170,175;150,176;149,177;148,177;148,178;148,179;147,179;167,179;167,180;166,180;166,181;146,181;146,182;145,182;145,183;
#2687:
>0:128,209;128,210;127,211;127,212;107,212;107,213;106,213;106,214;106,215;
#2688:
>0:165,131;165,132;165,133;
#2689:
>0:131,163;131,164;131,165;130,165;130,166;131,166;151,167;152,167;152,168;153,169;173,169;173,170;174,170;174,171;194,171;
#2690:
>0:107,143;108,144;107,144;107,145;107,146;
#2691:
>0:108,124;108,125;108,126;
#2692:
>0:113,185;112,185;113,186;112,186;112,187;111,187;111,188;91,188;90,189;90,190;89,190;109,190;108,191;88,191;107,191;107,192;107,193;
#2693:
>0:182,146;202,146;201,147;181,147;181,148;182,149;162,149;163,150;163,151;163,152;
#2694:
>0:140,172;141,172;141,173;161,173;161,174;160,174;160,175;161,175;181,176;181,177;181,178;
#2695:
>0:188,154;188,155;208,155;188,155;188,156;187,156;186,156;185,156;184,156;185,156;186,156;187,156;188,156;189,156;189,157;209,157;209,158;209,159;
#2696:
>0:111,175;131,175;131,176;131,177;111,177;111,178;112,179;112,180;132,180;131,180;151,181;152,181;172,181;171,181;171,182;170,182;190,182;210,183;230,183;250,184;251,184;250,185;249,185;268,185;267,186;266,186;265,187;285,187;
#2697:
>0:108,100;108,101;108,102;
#2698:
>0:87,163;107,164;88,164;108,164;108,165;109,165;89,165;90,165;90,166;111,166;112,167;112,168;111,168;111,169;111,170;
#2699:
>0:109,155;110,156;109,156;109,157;110,157;109,158;129,159;129,160;130,160;150,160;150,161;150,162;170,162;171,162;171,163;191,163;191,164;191,165;190,166;190,167;189,167;209,167;209,168;209,169;208,169;209,169;209,170;
#2700:
>0:171,185;191,186;171,186;151,186;131,186;111,186;111,187;112,188;132,189;151,189;152,189;172,190;171,190;170,190;189,191;188,191;187,191;187,192;186,192;185,192;184,192;184,193;163,193;162,193;162,194;162,195;
#2701:
>0:173,153;174,153;173,153;173,154;173,155;153,155;153,156;152,156;152,157;151,157;151,158;150,158;150,159;130,159;130,160;130,161;129,162;129,163;128,163;128,164;128,165;
#2702:
>0:152,146;152,147;152,148;
#2703:
>0:120,165;120,166;121,166;121,167;122,167;122,168;142,168;142,169;122,169;123,169;123,170;103,170;103,171;104,172;84,172;
#2704:
>0:110,164;110,165;110,166;
#2705:
>0:131,190;131,191;111,191;111,192;112,193;132,194;151,194;152,195;171,195;170,195;190,196;189,196;188,196;187,196;187,197;186,197;206,198;225,198;206,198;187,198;167,198;168,198;149,198;130,198;130,199;129,199;148,199;168,199;187,199;206,199;225,199;245,199;265,199;265,200;285,200;286,200;266,201;267,201;267,202;287,202;287,203;287,204;
#2706:
>0:180,195;201,196;181,196;182,196;182,197;162,197;163,197;163,198;184,199;185,199;186,200;187,200;187,201;187,202;
#2707:
>0:160,177;160,178;161,178;161,179;162,179;162,180;163,180;163,181;163,182;
#2708:
>0:140,142;140,143;141,143;141,144;141,145;
#2709:
>0:150,111;150,112;150,113;
#2710:
>0:212,160;212,161;191,161;191,162;171,163;171,164;172,164;172,165;171,165;
#2711:
>0:191,146;191,147;171,147;171,148;171,149;
#2712:
>0:131,174;131,175;131,176;130,176;130,177;130,178;129,178;129,179;128,179;128,180;128,181;
#2713:
>0:167,182;167,183;167,184;168,184;148,185;148,186;148,187;
#2714:
>0:185,156;185,157;165,157;165,158;165,159;164,159;164,160;144,160;143,161;143,162;143,163;
#2715:
>0:113,217;113,218;112,218;113,218;113,219;112,219;112,220;111,220;91,221;90,221;89,221;109,222;
#2716:
>0:126,160;
#2717:
>0:129,185;129,186;129,187;128,187;128,188;128,189;
#2718:
>0:106,161;106,162;105,162;125,162;125,163;145,164;145,165;145,166;144,166;144,167;144,168;
#2719:
>0:131,180;131,181;130,181;130,182;130,183;
#2720:
>0:160,171;160,172;161,172;181,172;181,173;181,174;201,175;202,175;202,176;202,177;201,177;201,178;
#2721:
>0:167,179;167,180;167,181;
#2722:
>0:209,211;208,211;208,212;188,212;188,213;188,214;187,215;186,215;185,216;184,216;163,216;163,217;163,218;
#2723:
>0:120,118;121,119;122,119;122,120;122,121;
#2724:
>0:87,191;107,192;107,193;107,194;
#2725:
>0:108,193;108,194;107,194;127,194;127,195;128,195;148,196;148,197;168,197;168,198;188,198;188,199;187,200;186,200;186,201;206,201;225,201;225,202;245,202;265,203;285,203;
#2726:
>0:148,167;148,168;149,169;149,170;129,170;129,171;128,171;128,172;108,173;108,174;108,175;
#2727:
>0:145,177;145,178;145,179;
#2728:
>0:145,172;145,173;145,174;
#2729:
>0:111,174;131,175;131,176;130,176;130,177;130,178;129,178;109,178;129,179;128,179;128,180;128,181;
#2730:
>0:173,169;174,169;174,170;173,170;173,171;172,172;172,173;172,174;
#2731:
>0:128,140;128,141;127,141;128,142;148,142;148,143;168,143;168,144;188,144;189,145;190,145;170,145;171,145;171,146;172,146;172,147;171,147;
#2732:
>0:107,148;107,149;108,149;108,150;107,151;106,152;105,152;125,152;125,153;125,154;145,154;145,155;145,156;
#2733:
>0:120,154;120,155;120,156;
#2734:
>0:185,186;165,187;165,188;166,188;186,188;186,189;166,189;166,190;166,191;
#2735:
>0:146,203;146,204;145,205;165,206;165,207;165,208;
#2736:
>0:205,139;205,140;185,140;185,141;185,142;165,142;165,143;165,144;
#2737:
>0:166,160;165,160;145,161;145,162;146,162;146,163;146,164;126,165;127,166;127,167;127,168;
#2738:
>0:185,182;185,183;165,183;165,184;166,184;166,185;186,185;187,185;187,186;188,186;189,186;190,186;170,187;171,187;172,187;152,187;151,188;132,188;132,189;131,189;111,190;111,191;131,191;131,192;131,193;111,193;111,194;
#2739:
>0:148,216;148,217;148,218;
#2740:
>0:145,163;145,164;124,164;124,165;123,166;122,167;122,168;122,169;
#2741:
>0:108,215;108,216;108,217;107,217;107,218;106,218;106,219;105,219;125,219;125,220;125,221;145,221;145,222;145,223;
#2742:
>0:131,173;131,174;131,175;130,175;130,176;130,177;150,177;150,178;150,179;149,179;149,180;148,180;148,181;148,182;147,182;167,182;167,183;166,183;166,184;166,185;
#2743:
>0:125,187;125,188;125,189;
#2744:
>0:145,170;145,171;165,171;165,172;165,173;
#2745:
>0:107,164;107,165;108,165;107,166;106,167;126,167;126,168;126,169;
#2746:
>0:107,164;107,165;107,166;
#2747:
>0:87,194;107,195;107,196;107,197;
#2748:
>0:150,199;150,200;170,200;171,200;171,201;191,201;191,202;191,203;
#2749:
>0:128,184;128,185;128,186;127,186;127,187;107,187;107,188;106,188;106,189;105,189;125,189;125,190;125,191;
#2750:
>0:145,206;145,207;165,208;165,209;166,209;166,210;166,211;186,211;187,212;187,213;187,214;
#2751:
>0:125,106;124,106;124,107;124,108;
#2752:
>0:109,170;109,171;109,172;
#2753:
>0:87,154;87,155;86,155;106,156;105,156;105,157;104,157;105,157;105,158;106,158;106,159;
#2754:
>0:107,145;87,146;86,146;106,146;106,147;105,147;105,148;104,148;124,149;125,149;125,150;125,151;
#2755:
>0:131,221;111,221;111,222;112,223;113,224;112,224;113,224;
#2756:
>0:122,191;122,192;122,193;
#2757:
>0:186,168;187,168;187,169;187,170;168,170;168,171;168,172;
#2758:
>0:107,164;107,165;107,166;
#2759:
>0:140,183;141,183;141,184;142,184;142,185;142,186;
#2760:
>0:131,174;131,175;111,175;111,176;112,177;112,178;132,178;131,178;152,179;172,179;171,179;170,179;190,180;189,180;188,180;187,181;186,181;185,181;184,182;163,182;162,182;142,183;122,183;123,184;124,184;124,185;124,186;
#2761:
>0:87,200;87,201;87,202;107,203;88,203;108,203;109,204;90,204;90,205;111,205;112,205;112,206;112,207;132,207;151,207;152,208;172,208;171,208;170,209;190,209;210,210;230,210;250,211;251,211;250,212;249,212;268,212;267,213;266,213;265,213;284,214;264,214;263,214;262,214;262,215;261,215;
#2762:
>0:162,125;162,126;163,126;163,127;163,128;
#2763:
>0:146,189;
#2764:
>0:127,170;127,171;147,171;146,171;146,172;146,173;145,173;
#2765:
>0:127,142;107,143;107,144;107,145;
#2766:
>0:122,168;123,168;103,169;83,170;83,171;82,171;82,172;62,172;62,173;62,174;
#2767:
>0:106,226;106,227;107,227;107,228;107,229;
#2768:
>0:164,149;164,150;184,150;164,150;165,150;165,151;165,152;
#2769:
>0:140,195;141,195;141,196;141,197;142,197;142,198;143,198;163,198;163,199;163,200;143,200;
#2770:
>0:127,216;127,217;107,217;107,218;107,219;
#2771:
>0:247,106;247,107;247,108;248,109;247,109;248,109;248,110;248,111;
#2772:
>0:113,194;113,195;113,196;112,196;111,197;90,197;90,198;89,198;109,198;109,199;108,199;88,200;87,200;87,201;
#2773:
>0:173,193;174,193;174,194;154,194;153,194;173,195;153,196;152,196;152,197;
#2774:
>0:109,192;109,193;128,193;147,193;167,193;186,193;187,193;167,193;148,194;128,194;109,194;109,195;109,196;129,196;129,197;149,198;149,199;149,200;169,200;169,201;169,202;
#2775:
>0:173,151;174,151;174,152;173,152;173,153;173,154;172,155;171,155;171,156;170,156;190,157;189,157;188,158;187,158;186,159;185,159;185,160;184,160;163,160;163,161;162,161;162,162;162,163;
#2776:
>0:209,130;209,131;209,132;
#2777:
>0:160,118;160,119;160,120;
#2778:
>0:209,193;209,194;209,195;189,195;189,196;188,196;188,197;188,198;168,198;168,199;168,200;148,200;147,201;127,202;127,203;127,204;
#2779:
>0:108,203;108,204;108,205;
#2780:
>0:135,196;134,197;134,198;133,198;133,199;133,200;132,200;112,200;112,201;112,202;111,202;111,203;91,203;90,203;90,204;89,204;109,204;108,205;88,205;87,205;87,206;
#2781:
>0:128,181;128,182;127,182;127,183;107,184;107,185;107,186;
#2782:
>0:131,175;131,176;131,177;111,177;111,178;112,178;112,179;132,179;132,180;151,180;152,180;171,180;171,181;170,181;190,181;189,181;188,182;188,183;208,184;
#2783:
>0:125,197;105,197;106,198;106,199;106,200;
#2784:
>0:148,205;148,206;148,207;149,207;149,208;129,208;129,209;128,209;128,210;128,211;108,211;108,212;108,213;
#2785:
>0:122,184;122,185;122,186;
#2786:
>0:188,165;188,166;187,166;187,167;187,168;
#2787:
>0:152,185;152,186;171,186;151,187;171,187;171,188;170,189;150,189;150,190;149,190;149,191;148,191;148,192;
#2788:
>0:122,174;122,175;122,176;
#2789:
>0:145,191;145,192;166,192;167,192;188,192;187,192;166,192;145,192;145,193;145,194;
#2790:
>0:106,206;106,207;106,208;
#2791:
>0:143,217;143,218;143,219;142,219;142,220;141,221;141,222;140,222;
#2792:
>0:131,180;131,181;131,182;130,182;130,183;130,184;
#2793:
>0:150,157;150,158;171,158;172,158;172,159;171,159;170,160;190,160;189,160;188,161;187,161;186,161;185,162;184,162;184,163;183,163;163,163;163,164;183,164;163,165;162,165;182,165;162,166;
#2794:
>0:89,170;89,171;89,172;
#2795:
>0:173,182;174,182;174,183;154,183;153,184;153,185;173,185;172,186;172,187;171,187;151,187;171,188;171,189;171,190;
#2796:
>0:131,173;131,174;111,174;111,175;112,176;132,177;151,177;152,177;172,178;171,178;170,178;190,178;189,179;188,179;187,179;186,180;206,180;206,181;225,181;245,182;265,182;285,183;
#2797:
>0:125,221;125,222;105,223;106,223;106,224;106,225;107,225;107,226;
#2798:
>0:113,180;113,181;113,182;
#2799:
>0:108,161;107,161;107,162;106,163;105,164;125,164;125,165;125,166;
#2800:
>0:127,190;128,190;128,191;128,192;108,192;108,193;109,193;109,194;109,195;129,195;130,195;130,196;131,197;
#2801:
>0:108,222;108,223;108,224;
#2802:
>0:131,178;131,179;111,179;111,180;112,180;112,181;132,181;132,182;131,182;151,182;152,182;172,183;171,183;190,183;189,184;188,184;187,184;187,185;186,185;185,185;184,185;184,186;163,186;163,187;163,188;
#2803:
>0:131,174;131,175;131,176;111,176;111,177;112,177;112,178;132,179;151,179;152,179;172,180;171,180;190,180;190,181;189,181;188,181;187,181;187,182;186,182;185,182;184,183;163,183;162,183;162,184;162,185;142,185;141,186;141,187;160,187;
#2804:
>0:129,173;129,174;129,175;128,175;128,176;128,177;
#2805:
>0:106,190;106,191;106,192;
#2806:
>0:131,177;131,178;111,178;111,179;112,179;112,180;132,181;151,181;152,181;172,182;171,182;170,182;190,182;189,183;188,183;187,183;187,184;186,184;185,184;184,184;184,185;163,185;162,185;142,186;142,187;142,188;
#2807:
>0:122,208;102,208;102,209;103,209;123,210;103,210;104,210;104,211;105,211;105,212;106,212;106,213;86,213;87,213;87,214;107,215;107,216;107,217;
#2808:
>0:209,185;209,186;209,187;229,187;229,188;
#2809:
>0:208,126;208,127;208,128;
#2810:
>0:146,168;146,169;147,170;147,171;148,171;148,172;148,173;
#2811:
>0:209,181;208,181;208,182;209,182;209,183;209,184;208,184;208,185;188,185;188,186;188,187;
#2812:
>0:107,172;87,172;87,173;86,173;106,173;106,174;105,174;104,174;104,175;124,175;125,175;125,176;125,177;
#2813:
>0:181,200;181,201;182,201;182,202;162,202;163,202;163,203;163,204;164,204;164,205;163,205;163,206;
#2814:
>0:146,177;146,178;146,179;
#2815:
>0:164,130;164,131;164,132;144,132;144,133;143,133;143,134;143,135;
#2816:
>0:150,163;150,164;149,164;149,165;149,166;
#2817:
>0:122,174;122,175;122,176;
#2818:
>0:145,210;145,211;145,212;
#2819:
>0:182,160;183,160;183,161;183,162;163,162;164,163;164,164;164,165;
#2820:
>0:107,112;107,113;107,114;
#2821:
>0:143,170;143,171;143,172;
#2822:
>0:125,208;126,208;146,209;126,209;126,210;127,210;127,211;128,211;128,212;128,213;
#2823:
>0:188,150;188,151;188,152;189,153;190,153;170,154;171,154;171,155;171,156;170,156;150,156;150,157;150,158;130,158;129,158;129,159;129,160;
#2824:
>0:142,163;142,164;142,165;141,165;141,166;141,167;
#2825:
>0:131,175;131,176;131,177;111,177;111,178;111,179;112,179;112,180;132,180;151,181;152,181;172,181;171,181;171,182;190,182;189,182;188,183;187,183;186,183;186,184;206,184;225,184;225,185;245,185;265,186;285,186;285,187;
#2826:
>0:180,215;181,215;201,216;201,217;202,217;202,218;202,219;201,219;201,220;202,220;202,221;202,222;
#2827:
>0:129,187;129,188;130,189;150,189;150,190;
#2828:
>0:148,209;148,210;147,211;148,211;148,212;127,212;127,213;128,213;127,214;107,215;107,216;107,217;
#2829:
>0:130,124;130,125;130,126;150,126;130,127;131,127;151,127;152,127;152,128;152,129;153,129;153,130;153,131;154,131;154,132;
#2830:
>0:213,136;193,136;213,137;212,137;192,137;192,138;191,138;191,139;191,140;
#2831:
>0:131,181;131,182;130,182;130,183;130,184;
#2832:
>0:165,194;165,195;166,196;186,196;187,197;188,197;189,198;190,198;170,198;171,199;172,199;172,200;152,201;152,202;152,203;
#2833:
>0:249,158;
#2834:
>0:144,165;144,166;164,167;164,168;164,169;
#2835:
>0:143,151;143,152;143,153;
#2836:
>0:87,130;87,131;106,131;106,132;105,132;104,133;123,133;123,134;103,134;122,135;102,135;101,135;121,135;101,136;100,136;100,137;
#2837:
>0:143,194;143,195;143,196;
#2838:
>0:145,175;145,176;145,177;
#2839:
>0:148,138;148,139;148,140;
#2840:
>0:109,188;109,189;110,189;110,190;110,191;109,191;129,192;149,192;168,192;188,192;188,193;187,193;186,193;186,194;185,194;184,194;184,195;163,195;163,196;183,196;182,196;182,197;202,197;202,198;202,199;
#2841:
>0:128,188;128,189;128,190;
#2842:
>0:143,148;143,149;143,150;163,150;164,150;164,151;164,152;163,152;182,152;182,153;181,153;201,153;200,153;
#2843:
>0:121,136;121,137;121,138;
#2844:
>0:211,143;210,143;210,144;230,144;230,145;230,146;231,146;210,147;230,147;230,148;229,148;229,149;209,149;209,150;209,151;208,151;208,152;208,153;
#2845:
>0:146,211;146,212;146,213;
#2846:
>0:128,208;128,209;108,209;108,210;107,211;107,212;106,212;106,213;125,213;125,214;125,215;
#2847:
>0:131,174;131,175;131,176;111,176;111,177;112,177;112,178;132,179;131,179;151,180;152,180;172,180;171,180;171,181;170,181;190,181;189,181;188,182;187,182;187,183;186,183;206,184;225,184;225,185;245,185;265,185;265,186;285,186;
#2848:
>0:187,183;187,184;168,184;168,185;167,185;167,186;167,187;
#2849:
>0:202,226;202,227;182,227;183,228;183,229;164,229;164,230;163,230;163,231;184,231;184,232;185,232;186,232;187,233;188,233;189,234;190,234;170,234;170,235;171,235;171,236;170,236;150,236;150,237;150,238;
#2850:
>0:168,234;168,235;169,236;168,236;168,237;148,238;148,239;
#2851:
>0:107,166;107,167;107,168;
#2852:
>0:107,226;107,227;108,227;108,228;107,229;106,229;126,230;
#2853:
>0:144,220;144,221;143,221;143,222;143,223;163,224;163,225;162,225;162,226;
#2854:
>0:145,160;145,161;145,162;
#2855:
>0:209,167;209,168;210,168;211,169;212,169;213,170;214,170;194,171;194,172;173,172;173,173;174,173;154,174;155,174;155,175;136,175;117,175;117,176;98,176;79,177;
#2856:
>0:209,175;208,176;209,176;209,177;209,178;208,178;208,179;188,179;187,179;187,180;187,181;
#2857:
>0:108,222;88,223;87,223;107,223;107,224;107,225;
#2858:
>0:106,215;106,216;125,216;124,217;125,217;106,217;106,218;106,219;107,219;107,220;87,220;88,221;108,221;109,221;109,222;89,222;90,222;90,223;111,223;112,224;113,225;94,226;114,227;95,227;115,227;115,228;
#2859:
>0:131,215;131,216;111,216;111,217;112,217;112,218;132,218;131,218;152,219;172,219;171,219;171,220;170,220;190,220;189,220;188,221;187,221;186,221;186,222;185,222;184,222;163,223;163,224;164,224;164,225;144,225;143,226;143,227;
#2860:
>0:152,185;152,186;171,186;171,187;151,187;151,188;
#2861:
>0:181,145;181,146;160,147;
#2862:
>0:180,194;181,194;181,195;182,195;162,195;163,196;163,197;184,197;
#2863:
>0:128,210;128,211;128,212;
#2864:
>0:145,226;145,227;146,227;146,228;147,229;167,229;167,230;167,231;
#2865:
>0:87,187;88,188;108,188;109,188;89,189;90,189;111,189;111,190;112,190;112,191;132,191;131,192;151,192;152,192;172,192;171,193;170,193;190,194;210,194;210,195;230,195;250,196;251,196;250,197;249,197;268,197;267,198;266,198;285,198;284,199;264,199;263,199;262,199;261,200;281,200;
#2866:
>0:127,211;127,212;127,213;128,213;127,214;128,214;148,214;148,215;168,215;168,216;188,216;188,217;187,218;187,219;186,219;186,220;186,221;
#2867:
>0:148,213;147,213;147,214;148,214;148,215;148,216;149,216;149,217;149,218;150,218;130,219;130,220;131,221;
#2868:
>0:106,235;106,236;105,236;125,237;125,238;145,239;
#2869:
>0:209,171;209,172;209,173;
#2870:
>0:122,173;122,174;122,175;123,175;124,176;124,177;125,177;125,178;125,179;126,180;126,181;126,182;
#2871:
>0:107,228;107,229;108,230;107,231;127,231;127,232;128,232;128,233;148,233;148,234;168,234;168,235;188,235;188,236;187,236;186,237;185,237;184,237;163,238;162,238;182,238;182,239;181,239;201,239;
#2872:
>0:131,239;
#2873:
>0:167,150;167,151;167,152;
#2874:
>0:108,160;108,161;108,162;107,162;107,163;127,163;127,164;128,165;127,165;128,166;148,166;148,167;168,167;168,168;167,168;167,169;167,170;187,170;187,171;187,172;
#2875:
>0:163,172;163,173;163,174;162,174;162,175;161,175;161,176;161,177;141,177;141,178;140,178;
#2876:
>0:145,169;145,170;145,171;
#2877:
>0:131,200;131,201;111,201;111,202;112,203;132,204;151,204;152,205;172,205;171,205;171,206;190,206;189,206;188,207;188,208;208,208;208,209;208,210;
#2878:
>0:143,209;143,210;143,211;163,211;164,211;164,212;164,213;163,213;162,214;182,214;181,214;181,215;201,215;201,216;201,217;
#2879:
>0:131,108;131,109;111,109;111,110;112,110;112,111;112,112;132,112;131,113;131,114;151,114;151,115;152,116;152,117;152,118;
#2880:
>0:224,202;204,202;204,203;205,203;205,204;205,205;206,205;207,205;207,206;207,207;
#2881:
>0:145,183;145,184;145,185;
#2882:
>0:148,210;148,211;147,212;127,212;127,213;107,213;107,214;107,215;
#2883:
>0:143,156;143,157;143,158;163,158;164,158;164,159;164,160;163,160;163,161;164,161;164,162;164,163;
#2884:
>0:211,228;212,229;213,229;213,230;193,230;193,231;193,232;213,232;212,232;212,233;212,234;211,234;
#2885:
>0:143,189;143,190;142,191;142,192;141,192;141,193;141,194;
#2886:
>0:128,195;108,195;108,196;107,196;107,197;106,197;126,198;
#2887:
>0:131,224;131,225;130,226;130,227;129,227;129,228;129,229;109,229;109,230;109,231;
#2888:
>0:144,191;144,192;145,192;145,193;145,194;125,194;125,195;125,196;
#2889:
>0:201,106;200,106;200,107;
#2890:
>0:140,188;141,188;141,189;141,190;142,190;142,191;162,191;163,192;184,192;185,192;185,193;186,193;206,194;225,194;225,195;245,195;245,196;265,196;266,196;266,197;266,198;267,198;267,199;287,199;
#2891:
>0:109,204;109,205;109,206;129,206;130,206;130,207;110,207;110,208;110,209;
#2892:
>0:140,239;
#2893:
>0:50,153;50,154;70,154;71,155;91,155;92,155;92,156;112,156;132,157;151,157;152,158;172,158;171,158;170,159;190,159;210,160;230,160;230,161;250,161;251,161;251,162;252,162;253,162;274,162;274,163;275,163;276,163;277,164;278,164;279,165;
#2894:
>0:113,214;113,215;113,216;
#2895:
>0:191,188;171,189;170,189;170,190;169,190;169,191;169,192;
#2896:
>0:106,202;106,203;105,203;125,203;125,204;125,205;
#2897:
>0:131,221;111,221;111,222;112,223;113,224;112,224;113,224;113,225;
#2898:
>0:131,199;131,200;130,200;130,201;129,202;109,203;129,203;129,204;128,204;128,205;128,206;
#2899:
>0:106,201;106,202;126,202;126,203;126,204;
#2900:
>0:106,233;106,234;107,234;107,235;107,236;
#2901:
>0:143,180;143,181;143,182;123,182;123,183;122,183;122,184;122,185;
#2902:
>0:209,210;209,211;209,212;
#2903:
>0:144,209;144,210;145,210;145,211;165,211;165,212;165,213;
#2904:
>0:185,203;185,204;205,204;205,205;204,206;203,206;203,207;202,207;202,208;201,209;201,210;200,211;
#2905:
>0:107,190;108,190;108,191;107,192;106,192;106,193;
#2906:
>0:145,199;145,200;125,200;126,201;146,201;126,201;126,202;127,202;127,203;127,204;128,204;128,205;127,205;127,206;107,206;107,207;
#2907:
>0:131,218;131,219;131,220;130,220;130,221;130,222;
#2908:
>0:108,181;108,182;108,183;
#2909:
>0:146,212;146,213;145,213;145,214;146,214;146,215;126,216;126,217;126,218;106,218;106,219;
#2910:
>0:89,108;89,109;89,110;
#2911:
>0:147,198;148,198;148,199;148,200;128,200;128,201;127,201;128,202;127,202;127,203;
#2912:
>0:132,210;112,210;112,211;113,211;113,212;112,212;113,213;112,213;112,214;111,214;111,215;90,215;89,215;109,216;108,216;88,217;107,217;87,218;86,218;106,218;106,219;106,220;105,220;104,221;104,222;103,222;123,222;103,222;102,223;122,223;102,223;101,223;121,224;121,225;120,225;120,226;140,226;140,227;140,228;
#2913:
>0:131,219;131,220;130,220;130,221;129,222;109,222;129,222;109,223;129,223;129,224;128,224;128,225;108,225;107,226;106,226;106,227;
#2914:
>0:150,200;150,201;150,202;
#2915:
>0:145,189;145,190;145,191;
#2916:
>0:122,158;122,159;122,160;
#2917:
>0:131,219;131,220;130,221;130,222;129,222;129,223;109,223;129,223;128,223;127,224;128,224;128,225;108,225;108,226;107,226;106,226;106,227;106,228;
#2918:
>0:148,232;148,233;147,233;147,234;147,235;167,235;166,236;165,236;165,237;165,238;164,238;163,239;162,239;
#2919:
>0:106,213;107,213;107,214;107,215;
#2920:
>0:126,229;126,230;126,231;
#2921:
>0:143,170;143,171;142,172;142,173;141,173;141,174;141,175;140,175;140,176;140,177;
#2922:
>0:145,106;145,107;144,107;144,108;143,109;143,110;163,111;164,111;164,112;164,113;163,113;162,114;182,114;181,114;201,115;200,115;
#2923:
>0:125,210;124,210;124,211;123,211;123,212;144,212;144,213;144,214;
#2924:
>0:125,227;125,228;125,229;
#2925:
>0:164,199;164,200;164,201;
#2926:
>0:128,211;128,212;128,213;127,213;127,214;127,215;147,215;146,215;146,216;146,217;145,217;145,218;145,219;165,219;165,220;165,221;
#2927:
>0:148,183;148,184;148,185;147,185;167,186;166,187;146,188;146,189;145,189;145,190;145,191;
#2928:
>0:169,213;170,214;170,215;171,215;191,215;191,216;191,217;
#2929:
>0:165,222;165,223;165,224;
#2930:
>0:128,187;128,188;108,188;108,189;109,189;109,190;109,191;
#2931:
>0:148,147;148,148;128,149;128,150;127,150;127,151;127,152;107,152;106,152;106,153;105,153;125,153;125,154;126,154;126,155;
#2932:
>0:146,197;146,198;147,198;147,199;148,200;148,201;148,202;
#2933:
>0:142,196;142,197;122,197;122,198;121,198;142,198;143,198;164,198;165,198;166,198;187,198;188,198;209,198;210,198;210,199;209,199;208,199;187,199;186,199;165,199;164,199;143,199;142,199;121,199;121,200;120,200;120,201;
#2934:
>0:106,213;106,214;126,214;126,215;126,216;
#2935:
>0:129,206;129,207;129,208;
#2936:
>0:106,218;106,219;107,219;107,220;106,220;106,221;106,222;126,222;106,223;126,223;126,224;
#2937:
>0:187,225;187,226;167,226;167,227;166,228;166,229;165,229;165,230;165,231;
#2938:
>0:106,164;107,164;107,165;107,166;127,166;127,167;128,167;128,168;148,168;148,169;168,169;168,170;167,170;146,170;147,170;167,171;188,171;188,172;188,173;
#2939:
>0:209,185;209,186;210,186;210,187;211,187;212,188;213,188;213,189;214,189;194,189;194,190;
#2940:
>0:125,207;125,208;124,208;124,209;123,209;122,209;123,210;103,210;83,211;83,212;82,212;82,213;81,214;80,214;80,215;
#2941:
>0:127,192;107,192;107,193;106,193;106,194;105,194;125,194;125,195;125,196;124,196;123,197;122,197;142,198;162,198;162,199;163,199;163,200;182,200;181,200;201,201;200,201;
#2942:
>0:209,187;209,188;189,189;189,190;188,190;188,191;168,191;168,192;168,193;148,193;148,194;147,195;127,195;127,196;128,196;127,196;127,197;127,198;107,198;107,199;107,200;
#2943:
>0:107,168;107,169;107,170;127,171;128,171;128,172;148,173;148,174;148,175;
#2944:
>0:145,225;125,225;125,226;125,227;
#2945:
>0:128,43;128,44;127,44;127,45;107,45;107,46;106,46;105,46;125,46;125,47;124,47;124,48;123,48;122,49;122,50;122,51;
#2946:
>0:171,194;170,194;170,195;170,196;
#2947:
>0:107,207;106,207;106,208;107,208;107,209;107,210;
#2948:
>0:173,234;153,234;152,235;152,236;151,236;151,237;150,238;150,239;130,239;
#2949:
>0:128,239;
#2950:
>0:164,197;144,198;165,198;165,199;165,200;146,200;146,201;147,201;147,202;147,203;148,203;147,203;147,204;127,204;127,205;127,206;107,206;107,207;
#2951:
>0:150,237;150,238;150,239;149,239;
#2952:
>0:150,162;150,163;170,163;170,164;171,164;171,165;171,166;170,166;190,166;189,166;189,167;188,167;187,167;186,168;185,168;184,169;163,169;163,170;182,170;182,171;181,171;201,171;200,172;
#2953:
>0:148,236;148,237;149,237;149,238;149,239;
#2954:
>0:146,191;146,192;146,193;126,193;126,194;127,194;127,195;127,196;128,196;128,197;128,198;
#2955:
>0:126,195;126,196;126,197;
#2956:
>0:140,189;141,189;141,190;142,190;142,191;142,192;143,192;143,193;143,194;
#2957:
>0:122,179;122,180;122,181;
#2958:
>0:180,216;180,217;181,217;181,218;160,218;160,219;
#2959:
>0:127,235;107,236;107,237;108,238;108,239;
#2960:
>0:107,207;107,208;108,208;108,209;107,209;107,210;127,210;127,211;128,212;148,212;148,213;148,214;
#2961:
>0:164,133;164,134;144,134;165,135;165,136;166,136;146,136;146,137;147,137;147,138;148,138;148,139;148,140;147,140;127,140;127,141;127,142;107,142;107,143;108,144;108,145;109,145;109,146;89,146;69,147;69,148;
#2962:
>0:182,147;181,147;201,148;181,148;201,148;201,149;200,149;
#2963:
>0:125,213;125,214;125,215;
#2964:
>0:106,209;106,210;106,211;
#2965:
>0:106,233;126,234;126,235;126,236;
#2966:
>0:185,226;185,227;165,227;165,228;165,229;164,229;164,230;144,230;
#2967:
>0:129,227;129,228;130,228;150,228;150,229;150,230;171,230;171,231;171,232;191,232;191,233;212,234;211,234;211,235;210,235;210,236;210,237;
#2968:
>0:145,161;145,162;125,162;146,163;126,163;126,164;127,164;127,165;
#2969:
>0:160,205;161,205;161,206;141,206;141,207;141,208;142,208;142,209;143,210;143,211;
#2970:
>0:108,171;108,172;108,173;
#2971:
>0:107,217;107,218;108,218;108,219;108,220;107,220;106,220;106,221;125,221;105,222;125,222;125,223;145,224;145,225;145,226;
#2972:
>0:187,219;187,220;188,220;188,221;189,221;189,222;209,222;209,223;209,224;
#2973:
>0:142,171;142,172;142,173;
#2974:
>0:111,183;131,183;111,184;111,185;112,185;112,186;132,186;132,187;151,187;152,187;172,188;171,188;170,188;190,189;189,189;188,189;188,190;187,190;186,190;185,191;184,191;163,192;162,192;182,193;181,193;201,194;201,195;200,195;201,196;200,196;
#2975:
>0:209,214;209,215;209,216;229,216;229,217;228,217;228,218;248,218;248,219;248,220;
#2976:
>0:108,165;108,166;108,167;
#2977:
>0:180,120;180,121;180,122;
#2978:
>0:107,229;107,230;108,230;108,231;127,231;126,231;145,231;126,231;127,232;108,232;107,232;127,232;127,233;127,234;128,234;128,235;148,235;148,236;168,236;168,237;188,237;188,238;188,239;189,239;
#2979:
>0:234,189;
#2980:
>0:128,233;108,233;108,234;109,235;129,236;129,237;149,237;149,238;
#2981:
>0:109,226;109,227;108,227;108,228;127,228;126,228;145,228;145,229;126,229;127,229;108,229;108,230;108,231;
#2982:
>0:108,86;108,87;108,88;
#2983:
>0:124,201;
#2984:
>0:100,218;120,218;120,219;121,219;121,220;122,220;122,221;142,221;142,222;143,222;143,223;143,224;
#2985:
>0:165,213;165,214;164,214;164,215;164,216;144,216;145,217;145,218;145,219;
#2986:
>0:185,226;185,227;185,228;
#2987:
>0:209,227;208,228;208,229;188,229;188,230;187,231;186,231;185,231;184,232;163,232;162,233;142,233;142,234;122,234;122,235;122,236;
#2988:
>0:126,209;126,210;106,211;105,211;105,212;105,213;
#2989:
>0:106,204;107,204;107,205;107,206;127,207;128,207;128,208;148,208;148,209;168,209;168,210;188,210;188,211;187,211;187,212;186,212;185,212;184,213;183,213;163,213;162,214;182,214;181,214;181,215;201,215;180,216;
#2990:
>0:108,212;108,213;108,214;128,214;128,215;128,216;
#2991:
>0:145,215;145,216;145,217;165,217;165,218;165,219;
#2992:
>0:108,193;108,194;128,194;128,195;108,195;108,196;109,196;109,197;109,198;
#2993:
>0:148,201;148,202;128,203;128,204;127,204;127,205;146,205;126,206;126,207;
#2994:
>0:100,102;101,103;101,104;121,104;122,105;122,106;122,107;
#2995:
>0:131,107;111,108;112,108;112,109;132,109;131,110;151,110;151,111;151,112;152,112;152,113;152,114;
#2996:
>0:212,233;212,234;211,234;211,235;191,235;191,236;171,236;170,237;169,238;169,239;
#2997:
>0:128,175;128,176;108,176;108,177;107,178;106,179;105,179;125,179;125,180;125,181;
#2998:
>0:107,173;107,174;127,175;127,176;128,176;127,176;127,177;127,178;
#2999:
>0:107,228;107,229;108,229;108,230;107,230;127,231;127,232;128,232;127,233;128,233;148,233;148,234;
#3000:
>0:143,198;143,199;123,199;123,200;122,200;122,201;122,202;121,202;121,203;121,204;
#3001:
>0:212,182;211,182;191,182;191,183;171,184;171,185;172,185;152,185;151,185;151,186;132,186;132,187;132,188;131,188;111,189;131,190;131,191;
#3002:
>0:108,217;108,218;108,219;
#3003:
>0:125,209;124,209;124,210;124,211;
#3004:
>0:148,183;148,184;148,185;168,185;168,186;188,186;188,187;187,187;187,188;186,188;185,188;184,189;163,189;162,190;162,191;162,192;
#3005:
>0:150,221;150,222;150,223;171,223;171,224;171,225;170,225;190,225;189,225;189,226;188,226;187,226;186,227;185,227;184,227;183,228;163,228;162,228;142,228;142,229;122,229;123,229;103,229;103,230;104,231;84,231;85,231;85,232;85,233;
#3006:
>0:125,211;125,212;124,212;125,213;145,214;145,215;145,216;
#3007:
>0:162,232;162,233;162,234;163,234;163,235;163,236;184,236;185,237;186,237;186,238;206,238;207,239;208,239;
#3008:
>0:142,234;142,235;122,236;122,237;143,237;163,237;184,237;163,238;143,238;122,238;123,238;123,239;124,239;
#3009:
>0:131,238;131,239;
#3010:
>0:107,234;108,234;108,235;107,235;106,236;
#3011:
>0:87,222;87,223;87,224;107,224;88,224;108,225;109,225;89,226;90,226;111,227;112,227;112,228;112,229;111,229;111,230;131,231;131,232;
#3012:
>0:125,234;126,234;126,235;126,236;
#3013:
>0:107,226;107,227;108,227;108,228;107,228;107,229;127,229;127,230;128,230;128,231;127,231;128,231;148,231;148,232;148,233;
#3014:
>0:108,194;108,195;107,195;106,196;106,197;106,198;
#3015:
>0:172,238;172,239;
#3016:
>0:131,108;111,109;112,110;132,111;131,111;131,112;151,112;151,113;151,114;
#3017:
>0:124,230;124,231;124,232;125,232;125,233;125,234;
#3018:
>0:106,210;106,211;106,212;
#3019:
>0:131,225;131,226;111,226;111,227;112,227;112,228;112,229;132,229;151,229;152,230;172,230;171,230;170,231;190,231;189,231;188,231;188,232;187,232;186,232;185,233;184,233;163,233;162,234;142,234;122,234;122,235;123,235;124,235;124,236;124,237;
#3020:
>0:145,232;145,233;145,234;
#3021:
>0:209,217;209,218;209,219;
#3022:
>0:122,181;122,182;122,183;121,183;121,184;121,185;120,185;120,186;120,187;
#3023:
>0:107,230;107,231;107,232;108,232;108,233;108,234;107,234;106,234;106,235;
#3024:
>0:162,210;162,211;182,211;162,211;163,212;164,213;164,214;144,214;145,215;145,216;145,217;125,217;125,218;125,219;
#3025:
>0:232,187;232,188;212,189;211,189;211,190;191,191;191,192;170,192;170,193;169,194;169,195;169,196;
#3026:
>0:108,238;108,239;
#3027:
>0:107,211;106,211;106,212;107,212;106,212;107,212;107,213;107,214;
#3028:
>0:181,158;181,159;181,160;
#3029:
>0:108,205;108,206;107,206;107,207;127,207;127,208;128,208;128,209;148,209;148,210;168,210;168,211;188,211;188,212;188,213;
#3030:
>0:140,219;141,220;141,221;142,221;142,222;162,222;162,223;163,223;184,223;184,224;185,224;186,224;186,225;187,225;187,226;188,226;208,227;208,228;208,229;
#3031:
>0:209,236;209,237;209,238;
#3032:
>0:106,224;126,225;126,226;126,227;
#3033:
>0:185,226;185,227;185,228;165,228;165,229;165,230;
#3034:
>0:127,198;107,198;106,198;106,199;125,199;125,200;124,200;124,201;123,201;123,202;122,202;142,202;142,203;162,203;163,203;163,204;162,204;182,205;181,205;200,205;200,206;
#3035:
>0:209,212;209,213;209,214;
#3036:
>0:124,202;124,203;124,204;123,204;123,205;122,206;122,207;121,207;121,208;120,209;140,210;140,211;
#3037:
>0:131,217;131,218;131,219;111,219;111,220;112,220;112,221;132,221;151,222;152,222;172,222;171,222;171,223;170,223;190,223;189,223;188,224;187,224;186,224;186,225;185,225;184,225;163,225;163,226;162,226;142,226;122,227;123,227;124,228;124,229;125,229;125,230;145,230;
#3038:
>0:131,235;131,236;131,237;130,237;130,238;129,238;109,238;109,239;129,239;128,239;
#3039:
>0:128,223;128,224;128,225;127,225;127,226;107,227;107,228;107,229;
#3040:
>0:146,87;146,88;146,89;
#3041:
>0:107,234;107,235;108,235;108,236;108,237;109,238;109,239;110,239;
#3042:
>0:146,198;145,199;145,200;165,200;165,201;164,201;164,202;163,203;163,204;162,204;162,205;161,205;161,206;160,206;160,207;
#3043:
>0:143,180;143,181;143,182;
#3044:
>0:183,217;183,218;164,218;163,218;163,219;163,220;162,220;162,221;162,222;
#3045:
>0:131,239;
#3046:
>0:129,225;129,226;129,227;109,227;129,227;129,228;128,228;128,229;128,230;
#3047:
>0:106,225;106,226;106,227;107,227;87,228;107,228;88,228;108,229;109,229;89,229;90,229;90,230;111,230;112,231;112,232;132,232;133,233;153,233;154,233;155,234;136,234;136,235;117,235;98,236;98,237;98,238;117,238;137,239;136,239;135,239;
#3048:
>0:87,186;107,186;107,187;107,188;
#3049:
>0:190,189;190,190;190,191;
#3050:
>0:164,225;164,226;164,227;
#3051:
>0:131,221;131,222;111,222;111,223;112,223;112,224;132,224;151,225;152,225;172,225;171,225;171,226;190,226;189,226;188,227;187,227;186,227;185,228;186,228;166,228;166,229;167,229;148,229;167,229;166,229;165,229;165,230;165,231;
#3052:
>0:122,220;122,221;142,221;142,222;143,222;143,223;143,224;
#3053:
>0:111,175;131,175;131,176;131,177;111,177;111,178;112,179;112,180;132,180;151,181;152,181;172,181;171,182;170,182;190,182;189,183;188,183;187,183;187,184;186,184;206,185;225,185;245,186;265,186;285,187;
#3054:
>0:129,235;129,236;129,237;
#3055:
>0:125,198;125,199;125,200;
#3056:
>0:209,183;208,183;208,184;188,184;188,185;188,186;187,186;186,187;206,187;206,188;205,188;205,189;204,189;204,190;203,190;203,191;202,191;202,192;201,193;201,194;
#3057:
>0:145,228;145,229;145,230;
#3058:
>0:143,180;143,181;143,182;
#3059:
>0:188,218;188,219;188,220;
#3060:
>0:144,229;145,229;145,230;145,231;
#3061:
>0:148,189;148,190;148,191;147,191;148,191;147,191;147,192;148,192;148,193;148,194;
#3062:
>0:131,226;131,227;111,227;111,228;110,228;110,229;110,230;
#3063:
>0:191,203;211,203;211,204;211,205;
#3064:
>0:106,163;106,164;105,165;125,165;125,166;125,167;124,167;123,168;122,169;142,169;142,170;162,170;162,171;163,171;184,171;185,172;186,172;187,172;188,173;189,173;190,174;210,174;210,175;230,175;250,175;251,176;271,176;292,176;
#3065:
>0:107,221;107,222;108,222;107,223;106,223;106,224;105,224;125,224;125,225;125,226;124,226;124,227;123,228;123,229;122,229;122,230;
#3066:
>0:161,204;142,205;162,205;162,206;142,206;142,207;142,208;
#3067:
>0:108,233;108,234;108,235;
#3068:
>0:125,225;125,226;124,226;124,227;124,228;123,228;123,229;144,229;144,230;144,231;
#3069:
>0:128,225;128,226;127,226;127,227;127,228;107,228;107,229;108,229;108,230;108,231;109,231;109,232;
#3070:
>0:106,237;106,238;106,239;
#3071:
>0:167,212;166,212;165,213;164,213;163,213;164,213;165,213;166,213;167,213;167,214;168,214;168,215;168,216;169,217;169,218;169,219;
#3072:
>0:113,229;113,230;133,230;133,231;133,232;132,232;112,232;112,233;112,234;111,234;90,235;89,235;109,236;108,236;88,237;88,238;87,239;
#3073:
>0:106,234;106,235;106,236;
#3074:
>0:128,204;127,204;127,205;107,206;107,207;107,208;
#3075:
>0:170,187;169,187;169,188;169,189;149,190;148,190;148,191;148,192;
#3076:
>0:131,174;131,175;111,175;111,176;112,176;112,177;132,178;131,178;152,178;172,179;171,179;170,179;190,179;189,180;188,180;187,180;186,181;185,181;184,181;163,182;162,182;162,183;162,184;
#3077:
>0:187,219;187,220;187,221;
#3078:
>0:125,201;124,201;124,202;104,202;84,202;104,202;124,203;123,203;122,203;123,204;103,204;103,205;103,206;104,206;
#3079:
>0:124,230;124,231;123,232;122,232;142,233;162,233;163,234;184,234;185,234;185,235;186,235;187,235;188,235;188,236;189,236;190,236;170,236;171,237;191,237;191,238;191,239;
#3080:
>0:108,169;108,170;108,171;
#3081:
>0:131,233;131,234;111,234;111,235;112,235;112,236;113,236;113,237;114,237;114,238;115,238;114,238;114,239;
#3082:
>0:108,213;108,214;108,215;
#3083:
>0:146,173;146,174;146,175;147,175;147,176;148,176;148,177;148,178;
#3084:
>0:108,228;108,229;107,229;106,230;105,230;125,230;125,231;125,232;124,232;124,233;104,234;105,234;124,234;123,235;123,236;122,236;122,237;122,238;
#3085:
>0:145,216;145,217;145,218;
#3086:
>0:180,224;180,225;201,226;202,226;202,227;202,228;203,228;203,229;204,229;205,229;205,230;206,230;207,231;208,232;208,233;209,233;209,234;
#3087:
>0:109,136;109,137;110,137;109,138;109,139;129,139;128,140;128,141;108,142;107,143;106,143;106,144;105,144;125,144;125,145;124,146;124,147;124,148;123,148;123,149;144,149;144,150;143,150;143,151;143,152;142,152;142,153;142,154;141,154;140,154;160,155;
#3088:
>0:107,227;107,228;108,228;108,229;107,229;107,230;107,231;
#3089:
>0:108,213;108,214;108,215;
#3090:
>0:122,216;122,217;102,217;103,218;104,219;104,220;105,220;105,221;106,221;106,222;87,222;107,222;107,223;107,224;
#3091:
>0:190,233;170,233;170,234;169,234;169,235;169,236;
#3092:
>0:127,180;127,181;107,181;107,182;107,183;
#3093:
>0:128,91;128,92;128,93;148,93;148,94;168,94;168,95;188,96;188,97;187,97;187,98;186,98;186,99;206,99;225,100;245,100;265,101;285,101;
#3094:
>0:109,202;109,203;110,203;109,203;109,204;109,205;
#3095:
>0:188,218;188,219;188,220;187,220;187,221;186,221;185,221;185,222;184,222;163,222;163,223;162,223;162,224;162,225;142,225;141,225;141,226;142,226;143,226;144,226;145,226;146,226;147,226;148,226;149,226;150,227;149,227;148,227;147,227;146,227;145,227;144,227;143,227;142,227;141,227;141,228;141,229;
#3096:
>0:208,212;208,213;208,214;
#3097:
>0:208,233;208,234;209,235;209,236;229,236;229,237;229,238;
#3098:
>0:200,237;201,237;181,237;182,238;163,238;163,239;164,239;144,239;
#3099:
>0:127,235;107,236;107,237;107,238;108,238;108,239;
#3100:
>0:145,194;144,195;144,196;143,196;143,197;142,198;141,198;141,199;140,199;160,199;
#3101:
>0:128,232;128,233;128,234;108,234;108,235;107,235;107,236;107,237;
#3102:
>0:183,176;184,176;184,177;183,177;183,178;182,178;202,179;202,180;201,180;181,180;181,181;181,182;180,182;180,183;
#3103:
>0:146,237;146,238;
#3104:
>0:106,239;
#3105:
>0:131,239;
#3106:
>0:106,173;106,174;106,175;105,175;126,175;127,175;148,175;149,175;170,175;169,175;148,175;147,176;146,176;125,176;145,176;145,177;145,178;165,178;165,179;164,179;164,180;163,180;163,181;163,182;162,182;162,183;161,183;161,184;162,184;162,185;162,186;161,186;181,186;181,187;
#3107:
>0:188,147;187,147;187,148;186,148;206,149;225,149;225,150;206,150;187,150;168,150;149,150;168,150;188,150;207,150;226,150;245,150;265,150;265,151;285,151;
#3108:
>0:106,217;106,218;125,218;125,219;125,220;
#3109:
>0:165,232;164,233;184,233;184,234;204,235;205,235;205,236;
#3110:
>0:145,224;145,225;145,226;
#3111:
>0:111,239;131,239;
#3112:
>0:188,214;188,215;187,215;187,216;188,216;188,217;187,218;186,218;185,219;184,219;183,219;163,220;162,220;142,220;142,221;122,221;122,222;121,222;121,223;121,224;120,224;
#3113:
>0:128,209;128,210;127,210;127,211;127,212;
#3114:
>0:149,229;149,230;148,230;148,231;148,232;129,232;148,233;147,233;147,234;147,235;
#3115:
>0:111,227;131,227;131,228;130,228;130,229;130,230;
#3116:
>0:143,226;143,227;143,228;
#3117:
>0:131,218;111,218;111,219;112,219;112,220;112,221;92,221;91,222;71,222;70,222;69,222;69,223;48,223;47,223;46,223;45,224;25,224;5,225;6,226;7,227;7,228;8,228;8,229;
#3118:
>0:131,199;131,200;111,200;111,201;112,201;112,202;132,202;151,203;152,203;172,203;171,203;171,204;170,204;190,204;190,205;210,205;230,205;230,206;250,206;251,206;251,207;250,207;249,207;249,208;268,208;267,208;266,208;266,209;285,209;264,209;263,209;262,210;261,210;240,210;
#3119:
>0:171,213;170,213;170,214;169,214;169,215;169,216;148,216;148,217;148,218;
#3120:
>0:125,197;126,198;126,199;126,200;
#3121:
>0:145,208;145,209;145,210;
#3122:
>0:131,209;131,210;111,210;111,211;112,211;112,212;132,213;151,213;152,214;172,214;171,214;171,215;170,215;190,215;189,216;188,216;187,216;187,217;186,217;185,217;184,218;163,218;163,219;162,219;182,219;181,220;201,220;180,221;
#3123:
>0:160,233;160,234;161,234;161,235;162,235;162,236;163,236;163,237;164,237;144,237;144,238;165,238;165,239;
#3124:
>0:145,158;145,159;144,159;144,160;144,161;143,161;143,162;143,163;142,163;142,164;141,165;141,166;160,166;
#3125:
>0:163,222;163,223;163,224;
#3126:
>0:145,234;145,235;145,236;
#3127:
>0:87,234;87,235;86,235;106,235;106,236;105,236;105,237;104,237;104,238;103,238;102,239;122,239;
#3128:
>0:108,230;107,230;107,231;108,231;108,232;107,232;106,233;105,233;125,233;125,234;125,235;145,235;145,236;145,237;
#3129:
>0:207,30;207,31;207,32;187,32;187,33;167,33;167,34;167,35;147,35;148,36;148,37;147,37;147,38;127,38;128,38;127,39;107,39;107,40;107,41;
#3130:
>0:212,187;212,188;211,188;211,189;212,190;211,190;211,191;211,192;
#3131:
>0:113,228;113,229;113,230;
#3132:
>0:209,155;209,156;189,156;189,157;188,157;188,158;188,159;
#3133:
>0:110,230;110,231;110,232;
#3134:
>0:174,118;174,119;175,119;175,120;175,121;
#3135:
>0:148,160;148,161;148,162;
#3136:
>0:150,212;150,213;170,213;171,213;171,214;170,215;190,215;189,215;188,216;188,217;188,218;208,218;208,219;208,220;209,220;209,221;
#3137:
>0:210,221;210,222;210,223;
#3138:
>0:100,178;101,179;101,180;102,180;102,181;122,181;102,181;103,181;103,182;123,182;103,182;103,183;104,183;104,184;105,184;105,185;106,185;106,186;106,187;
#3139:
>0:185,211;185,212;205,212;205,213;205,214;204,214;203,215;202,215;202,216;202,217;201,217;201,218;200,219;
#3140:
>0:167,222;167,223;167,224;
#3141:
>0:180,196;180,197;181,197;161,198;160,198;
#3142:
>0:167,209;167,210;167,211;
#3143:
>0:167,207;167,208;168,208;168,209;168,210;
#3144:
>0:129,218;109,219;129,219;128,220;128,221;128,222;
#3145:
>0:162,202;162,203;162,204;163,204;163,205;162,205;161,206;162,206;163,206;184,206;184,207;185,207;186,207;187,208;188,208;188,209;188,210;189,210;189,211;209,211;209,212;209,213;
#3146:
>0:211,213;211,214;211,215;191,215;191,216;192,217;192,218;
#3147:
>0:165,194;165,195;164,195;164,196;
#3148:
>0:108,229;108,230;108,231;
#3149:
>0:187,214;167,214;168,215;168,216;168,217;148,217;148,218;148,219;147,219;148,219;147,219;147,220;127,220;128,220;128,221;127,221;127,222;
#3150:
>0:113,194;113,195;113,196;112,196;113,196;113,197;112,197;112,198;111,198;91,198;90,199;89,199;109,199;109,200;108,200;88,201;107,201;107,202;107,203;
#3151:
>0:122,175;122,176;122,177;
#3152:
>0:87,237;86,238;106,238;106,239;105,239;
#3153:
>0:100,112;101,113;102,114;122,114;102,115;103,115;123,116;103,116;104,116;104,117;104,118;125,118;125,119;125,120;
#3154:
>0:131,209;131,210;131,211;130,211;130,212;130,213;
#3155:
>0:128,27;129,27;129,28;129,29;128,29;128,30;127,30;127,31;146,32;146,33;145,33;145,34;145,35;125,35;124,35;124,36;123,36;122,36;123,37;103,37;103,38;104,39;84,39;84,40;
#3156:
>0:182,127;183,128;183,129;164,129;164,130;164,131;
#3157:
>0:108,0;108,1;108,2;
#3158:
>0:127,4;127,5;127,6;
#3159:
>0:147,0;147,1;167,1;167,2;166,2;166,3;146,3;146,4;145,4;145,5;145,6;
#3160:
>0:127,0;127,1;127,2;
#3161:
>0:209,3;209,4;209,5;189,5;189,6;188,6;188,7;188,8;
#3162:
>0:130,34;
#3163:
>0:185,11;184,12;205,12;185,12;185,13;186,14;185,14;184,15;163,15;162,15;162,16;142,16;122,16;123,17;103,17;103,18;104,18;104,19;105,19;105,20;86,20;86,21;87,21;87,22;
#3164:
>0:106,0;106,1;107,1;87,2;108,2;109,3;90,3;91,3;111,4;112,4;112,5;132,5;132,6;151,6;152,6;171,6;171,7;190,7;210,8;230,8;250,8;251,9;250,9;249,9;248,10;267,10;266,10;265,10;284,11;263,11;262,11;281,12;
#3165:
>0:127,66;128,67;128,68;108,68;109,68;109,69;109,70;129,71;130,71;131,72;131,73;131,74;
#3166:
>0:109,12;109,13;129,13;129,14;129,15;149,15;149,16;149,17;
#3167:
>0:124,0;
#3168:
>0:107,3;108,4;107,5;127,5;127,6;128,6;127,6;127,7;148,7;148,8;168,8;188,9;187,9;186,10;206,10;206,11;225,11;245,11;245,12;265,12;266,12;266,13;265,13;285,13;264,14;263,14;262,14;261,15;281,15;
#3169:
>0:10,1;10,2;9,2;29,3;28,3;28,4;29,4;29,5;49,5;49,6;69,7;89,8;89,9;90,9;91,9;92,9;93,9;94,9;95,9;116,9;117,9;116,9;115,9;114,10;113,10;112,10;111,10;110,10;89,10;109,10;108,11;108,12;108,13;
#3170:
>0:213,51;213,52;213,53;
#3171:
>0:211,36;212,36;212,37;213,37;233,37;233,38;233,39;213,39;212,39;212,40;211,41;211,42;211,43;210,43;210,44;210,45;
#3172:
>0:109,3;109,4;109,5;
#3173:
>0:141,57;
#3174:
>0:108,0;108,1;
#3175:
>0:127,41;127,42;127,43;146,43;146,44;145,44;145,45;165,46;164,46;164,47;163,48;162,48;182,48;182,49;181,49;201,49;201,50;200,50;
#3176:
>0:161,26;162,26;182,27;162,27;163,27;163,28;184,28;184,29;185,29;186,29;186,30;206,30;206,31;207,31;207,32;208,32;208,33;208,34;209,34;209,35;
#3177:
>0:107,14;108,14;108,15;128,15;128,16;129,17;129,18;149,19;149,20;149,21;
#3178:
>0:168,12;169,13;148,14;148,15;149,15;149,16;149,17;150,17;130,17;130,18;130,19;
#3179:
>0:240,0;261,0;261,1;262,1;261,1;
#3180:
>0:127,23;127,24;127,25;
#3181:
>0:180,5;201,5;181,5;181,6;182,6;163,6;163,7;164,7;144,8;145,8;145,9;145,10;125,10;145,11;
#3182:
>0:107,39;107,40;108,40;108,41;107,41;107,42;107,43;106,43;106,44;
#3183:
>0:148,22;147,22;147,23;167,24;166,24;165,25;164,26;163,26;163,27;163,28;183,28;163,28;162,28;162,29;161,29;181,29;181,30;160,30;160,31;180,31;
#3184:
>0:112,15;132,15;132,16;151,16;152,16;152,17;172,17;171,17;170,18;190,18;189,18;188,19;187,19;186,20;206,20;206,21;225,21;245,22;265,22;265,23;285,23;
#3185:
>0:188,23;188,24;189,24;189,25;209,25;209,26;209,27;229,27;229,28;229,29;
#3186:
>0:294,8;294,9;274,9;274,10;275,10;276,11;276,12;275,12;274,13;253,13;252,13;251,14;250,14;230,15;210,15;190,16;189,16;188,16;188,17;168,17;168,18;168,19;148,19;147,20;127,21;127,22;107,22;107,23;106,23;106,24;
#3187:
>0:128,0;128,1;128,2;
#3188:
>0:162,30;162,31;163,31;163,32;162,33;182,33;181,33;200,34;
#3189:
>0:127,34;107,34;107,35;107,36;
#3190:
>0:142,53;143,53;143,54;143,55;144,55;164,56;144,56;144,57;165,57;145,57;145,58;145,59;146,59;146,60;
#3191:
>0:125,53;125,54;125,55;
#3192:
>0:107,28;107,29;88,29;108,29;108,30;109,30;90,30;90,31;111,31;111,32;112,32;112,33;132,33;151,34;152,34;172,34;171,35;170,35;190,35;190,36;210,36;230,36;230,37;250,37;251,37;251,38;250,38;249,38;249,39;268,39;267,39;266,39;266,40;265,40;284,40;263,40;263,41;262,41;261,41;
#3193:
>0:161,28;141,28;141,29;141,30;142,30;142,31;122,31;123,31;103,32;103,33;104,33;84,33;85,33;85,34;65,34;65,35;46,35;46,36;46,37;66,37;66,38;66,39;
#3194:
>0:129,12;129,13;128,13;128,14;108,14;107,15;106,16;105,16;125,16;125,17;125,18;124,18;
#3195:
>0:151,16;152,16;151,17;171,17;171,18;170,18;170,19;150,19;150,20;
#3196:
>0:107,18;107,19;108,19;108,20;107,20;127,20;127,21;106,21;86,21;107,21;128,21;127,22;128,22;127,23;147,23;147,24;147,25;167,25;167,26;187,27;
#3197:
>0:144,34;144,35;143,35;143,36;142,36;141,36;141,37;140,37;
#3198:
>0:191,9;191,10;171,11;170,11;169,12;148,12;148,13;148,14;147,14;147,15;127,15;127,16;146,16;146,17;146,18;145,18;145,19;145,20;
#3199:
>0:129,2;129,3;128,3;128,4;108,4;107,5;106,6;125,6;125,7;
#3200:
>0:128,16;127,16;128,16;128,17;127,17;107,17;107,18;106,18;105,18;125,18;125,19;
#3201:
>0:182,33;182,34;183,34;183,35;163,35;164,36;163,36;163,37;163,38;162,38;142,39;122,40;121,40;121,41;120,41;120,42;
#3202:
>0:141,36;141,37;121,37;121,38;122,39;123,40;124,40;124,41;125,42;125,43;105,43;106,44;106,45;107,45;107,46;107,47;
#3203:
>0:226,70;226,71;227,71;228,72;228,73;229,73;229,74;229,75;209,75;209,76;209,77;208,77;208,78;208,79;188,79;187,80;188,80;188,81;188,82;
#3204:
>0:107,48;107,49;107,50;
#3205:
>0:148,24;148,25;168,25;168,26;188,26;189,26;189,27;190,27;210,27;210,28;230,28;250,28;251,29;252,29;253,29;253,30;274,30;275,30;276,30;276,31;277,31;278,32;279,32;
#3206:
>0:111,37;112,38;112,39;132,39;131,39;151,40;152,40;172,40;171,40;171,41;170,41;190,41;190,42;210,42;230,42;230,43;250,43;251,43;251,44;250,44;249,44;249,45;268,45;267,45;266,45;266,46;285,46;284,46;
#3207:
>0:148,31;148,32;147,32;147,33;167,33;167,34;187,34;187,35;166,35;145,35;166,35;187,35;187,36;186,36;206,36;206,37;225,37;245,38;265,38;285,39;
#3208:
>0:143,47;143,48;163,48;164,48;164,49;164,50;163,50;163,51;164,51;164,52;184,52;164,53;165,53;165,54;
#3209:
>0:127,9;127,10;128,10;127,10;128,10;128,11;148,11;168,12;188,12;188,13;187,14;186,14;206,15;225,15;225,16;245,16;265,16;285,17;
#3210:
>0:281,26;261,26;261,27;260,27;240,27;
#3211:
>0:87,69;107,69;107,70;107,71;
#3212:
>0:85,41;85,42;86,42;86,43;87,44;87,45;88,45;88,46;107,46;107,47;107,48;108,48;108,49;108,50;
#3213:
>0:185,5;185,6;205,6;205,7;206,7;206,8;207,8;207,9;208,9;208,10;209,10;
#3214:
>0:153,53;154,54;174,54;174,55;173,55;173,56;194,56;194,57;214,57;213,57;213,58;212,58;212,59;211,59;210,60;210,61;210,62;209,62;209,63;
#3215:
>0:162,41;162,42;141,42;142,43;143,44;143,45;123,45;123,46;
#3216:
>0:171,19;171,20;171,21;172,21;152,21;151,21;151,22;132,22;131,23;111,23;111,24;131,25;
#3217:
>0:107,39;107,40;127,40;128,41;127,41;128,41;148,41;148,42;168,42;168,43;188,43;189,43;189,44;190,44;210,44;230,44;230,45;250,45;251,45;251,46;250,46;249,46;249,47;268,47;267,47;266,47;266,48;265,48;285,48;284,48;263,49;262,49;261,49;281,50;
#3218:
>0:105,16;106,16;106,17;106,18;107,18;107,19;107,20;
#3219:
>0:162,67;162,68;162,69;
#3220:
>0:185,54;185,55;185,56;165,56;165,57;165,58;
#3221:
>0:201,90;180,91;
#3222:
>0:108,26;108,27;108,28;107,28;107,29;127,29;127,30;
#3223:
>0:107,36;107,37;108,37;108,38;107,38;107,39;106,39;105,40;125,40;125,41;124,41;123,42;144,42;144,43;143,43;143,44;142,44;142,45;141,45;141,46;140,46;160,46;
#3224:
>0:166,54;166,55;166,56;
#3225:
>0:107,52;108,53;107,53;107,54;107,55;
#3226:
>0:223,0;223,1;223,2;
#3227:
>0:133,62;133,63;134,63;133,63;134,63;134,64;153,64;153,65;172,65;172,66;171,67;170,67;190,68;189,68;188,68;188,69;189,69;189,70;209,71;209,72;209,73;
#3228:
>0:122,64;122,65;123,65;123,66;124,66;144,67;163,67;143,67;124,67;124,68;125,68;125,69;125,70;126,70;126,71;146,71;
#3229:
>0:131,40;131,41;130,41;130,42;130,43;129,43;129,44;109,44;129,44;128,45;128,46;128,47;
#3230:
>0:167,44;167,45;167,46;168,46;148,47;147,48;147,49;127,49;127,50;107,50;107,51;108,51;108,52;108,53;
#3231:
>0:295,66;295,67;295,68;
#3232:
>0:160,10;141,10;142,10;142,11;162,11;163,12;184,12;185,12;186,13;187,13;188,13;189,14;190,14;171,14;172,15;152,15;151,15;131,15;132,16;131,16;131,17;111,17;111,18;131,18;131,19;131,20;
#3233:
>0:106,54;105,54;125,55;125,56;124,56;124,57;123,58;143,58;143,59;143,60;
#3234:
>0:146,66;145,66;145,67;145,68;
#3235:
>0:148,33;148,34;148,35;
#3236:
>0:106,31;106,32;106,33;105,33;104,34;105,34;105,35;106,35;87,36;107,36;88,36;88,37;87,37;87,38;107,38;126,38;145,38;165,38;
#3237:
>0:143,69;144,70;144,71;145,72;145,73;145,74;
#3238:
>0:171,71;171,72;191,72;191,73;170,73;170,74;170,75;169,76;169,77;169,78;149,78;148,78;148,79;148,80;
#3239:
>0:131,20;130,21;130,22;130,23;
#3240:
>0:209,38;209,39;189,40;169,41;169,42;169,43;
#3241:
>0:147,85;147,86;127,86;127,87;127,88;
#3242:
>0:106,7;106,8;106,9;
#3243:
>0:209,11;209,12;189,12;189,13;188,13;188,14;187,15;186,15;185,15;184,16;183,16;163,16;163,17;164,17;144,18;144,19;
#3244:
>0:145,73;145,74;145,75;165,75;165,76;166,76;146,77;147,78;147,79;148,79;148,80;148,81;169,81;169,82;169,83;170,83;170,84;
#3245:
>0:162,80;162,81;162,82;163,83;164,84;144,85;165,85;165,86;146,87;147,87;147,88;
#3246:
>0:107,78;107,79;108,79;108,80;107,80;106,81;125,82;125,83;124,83;124,84;123,84;123,85;144,85;144,86;143,87;142,88;141,89;141,90;
#3247:
>0:171,80;151,81;171,81;171,82;170,82;170,83;150,83;150,84;150,85;130,86;129,86;129,87;109,88;108,88;108,89;108,90;107,90;106,91;105,91;105,92;
#3248:
>0:109,41;110,41;109,42;109,43;109,44;
#3249:
>0:209,27;209,28;209,29;189,29;189,30;189,31;
#3250:
>0:181,5;182,6;181,6;200,6;201,7;182,7;183,7;163,7;183,7;182,8;182,9;182,10;
#3251:
>0:106,45;106,46;106,47;
#3252:
>0:209,7;209,8;209,9;210,9;211,10;212,10;212,11;213,11;213,12;214,12;214,13;195,13;195,14;196,14;196,15;176,15;177,15;177,16;178,16;178,17;158,17;159,17;159,18;159,19;
#3253:
>0:108,36;108,37;108,38;
#3254:
>0:127,57;127,58;127,59;107,59;106,60;106,61;
#3255:
>0:166,84;166,85;147,85;148,85;148,86;128,86;128,87;128,88;
#3256:
>0:210,67;211,68;231,68;230,69;230,70;231,71;210,71;230,72;229,72;229,73;209,73;209,74;208,75;209,75;208,76;208,77;208,78;
#3257:
>0:167,89;167,90;166,90;166,91;146,91;146,92;147,92;147,93;147,94;127,94;127,95;127,96;
#3258:
>0:148,72;128,72;128,73;128,74;127,74;127,75;107,75;106,75;106,76;
#3259:
>0:209,86;209,87;209,88;
#3260:
>0:208,96;208,97;208,98;
#3261:
>0:108,78;108,79;108,80;107,80;127,80;127,81;128,81;127,81;128,82;148,83;148,84;168,84;168,85;188,85;188,86;188,87;189,87;189,88;189,89;209,89;209,90;
#3262:
>0:167,36;166,37;165,38;165,39;165,40;
#3263:
>0:146,63;146,64;147,64;147,65;148,65;148,66;149,66;149,67;150,67;130,67;130,68;130,69;
#3264:
>0:167,80;167,81;167,82;
#3265:
>0:149,75;149,76;129,76;128,76;128,77;128,78;127,78;127,79;127,80;
#3266:
>0:143,20;143,21;143,22;123,22;123,23;124,23;124,24;125,24;125,25;125,26;105,26;106,26;106,27;106,28;
#3267:
>0:145,32;145,33;145,34;144,34;144,35;143,35;143,36;142,36;142,37;141,37;141,38;160,38;
#3268:
>0:143,82;143,83;163,83;164,83;164,84;163,84;163,85;184,85;184,86;185,86;186,86;186,87;206,87;225,87;225,88;245,88;265,89;285,89;285,90;
#3269:
>0:145,92;145,93;125,93;146,94;126,94;126,95;126,96;
#3270:
>0:182,49;163,50;162,50;162,51;163,51;163,52;184,52;185,52;185,53;186,53;206,53;206,54;207,54;207,55;207,56;
#3271:
>0:108,57;108,58;108,59;
#3272:
>0:146,40;146,41;126,41;126,42;127,42;127,43;127,44;
#3273:
>0:145,49;145,50;145,51;
#3274:
>0:108,46;108,47;108,48;
#3275:
>0:185,64;205,65;205,66;204,66;204,67;203,67;203,68;202,68;202,69;201,70;
#3276:
>0:213,54;213,55;213,56;212,56;212,57;191,57;191,58;171,58;171,59;170,60;150,60;150,61;149,61;149,62;149,63;129,63;129,64;129,65;109,65;109,66;108,66;108,67;108,68;107,68;107,69;107,70;106,70;106,71;
#3277:
>0:162,91;162,92;163,93;163,94;163,95;
#3278:
>0:122,63;122,64;122,65;
#3279:
>0:181,63;181,64;181,65;
#3280:
>0:140,17;141,17;141,18;142,18;142,19;162,19;163,20;184,20;185,20;185,21;186,21;187,21;188,21;188,22;189,22;190,22;170,22;171,23;172,23;152,23;151,24;131,24;132,24;132,25;131,26;111,26;111,27;131,28;
#3281:
>0:131,48;131,49;130,50;130,51;129,51;109,51;129,52;109,52;109,53;108,53;108,54;108,55;107,55;106,55;106,56;
#3282:
>0:127,0;128,0;128,1;148,1;148,2;168,2;168,3;188,3;187,4;186,4;185,4;184,5;183,5;163,5;182,6;181,6;201,6;200,7;
#3283:
>0:122,94;122,95;141,96;141,97;141,98;
#3284:
>0:106,40;106,41;107,41;107,42;106,42;106,43;126,43;106,43;106,44;105,45;125,45;125,46;124,47;123,47;123,48;122,48;123,48;103,49;103,50;83,50;83,51;
#3285:
>0:200,97;200,98;181,98;180,98;180,99;181,99;181,100;181,101;
#3286:
>0:290,73;289,73;269,73;269,74;270,74;269,75;249,75;249,76;248,76;248,77;228,77;228,78;228,79;208,79;208,80;209,80;209,81;209,82;208,82;209,83;
#3287:
>0:185,57;185,58;185,59;205,59;205,60;204,61;203,61;203,62;202,63;202,64;201,64;201,65;
#3288:
>0:110,76;110,77;110,78;109,78;109,79;109,80;108,80;108,81;107,82;107,83;106,84;106,85;106,86;
#3289:
>0:108,24;108,25;108,26;
#3290:
>0:162,96;162,97;162,98;
#3291:
>0:188,84;188,85;188,86;189,86;189,87;189,88;209,88;209,89;209,90;229,90;229,91;229,92;
#3292:
>0:122,72;142,72;141,73;141,74;141,75;
#3293:
>0:171,53;171,54;171,55;
#3294:
>0:107,96;107,97;108,97;108,98;108,99;107,99;106,99;126,100;126,101;126,102;
#3295:
>0:107,90;107,91;108,91;107,91;107,92;106,92;125,93;125,94;145,94;145,95;145,96;
#3296:
>0:181,87;181,88;181,89;
#3297:
>0:107,96;107,97;108,97;108,98;108,99;107,99;106,99;106,100;106,101;
#3298:
>0:134,22;133,22;133,23;133,24;153,24;152,25;152,26;151,26;151,27;150,27;150,28;
#3299:
>0:112,51;111,52;111,53;131,54;130,54;130,55;130,56;129,56;129,57;129,58;149,59;
#3300:
>0:108,72;108,73;128,73;128,74;128,75;
#3301:
>0:188,61;188,62;188,63;168,63;167,64;167,65;167,66;
#3302:
>0:187,105;168,106;168,107;168,108;
#3303:
>0:171,78;171,79;171,80;
#3304:
>0:148,89;148,90;147,90;147,91;127,91;127,92;147,92;146,92;146,93;126,93;126,94;126,95;
#3305:
>0:129,103;129,104;129,105;109,105;129,105;109,106;108,107;108,108;
#3306:
>0:209,39;209,40;209,41;189,41;189,42;188,42;188,43;168,44;168,45;168,46;148,46;148,47;148,48;147,48;167,48;186,48;206,48;226,48;245,48;265,48;285,48;264,48;245,48;225,48;206,48;186,49;167,49;147,49;127,49;128,50;127,50;107,50;107,51;107,52;108,52;108,53;108,54;
#3307:
>0:208,60;208,61;188,62;188,63;187,63;186,64;185,64;184,65;163,65;162,66;142,66;142,67;141,67;141,68;141,69;140,69;
#3308:
>0:150,90;150,91;130,92;129,92;129,93;129,94;
#3309:
>0:148,20;148,21;149,22;149,23;129,23;129,24;109,24;108,25;108,26;109,27;89,27;89,28;88,28;88,29;89,29;89,30;89,31;
#3310:
>0:150,37;150,38;149,38;149,39;148,39;148,40;147,40;167,40;166,41;166,42;165,42;165,43;164,43;164,44;144,44;144,45;
#3311:
>0:145,52;145,53;145,54;144,54;144,55;144,56;143,56;143,57;142,57;142,58;141,58;140,58;160,59;
#3312:
>0:164,52;164,53;164,54;
#3313:
>0:180,72;181,72;201,73;202,73;202,74;203,74;204,75;205,75;205,76;206,76;206,77;207,77;207,78;207,79;208,79;208,80;208,81;
#3314:
>0:107,30;107,31;107,32;
#3315:
>0:150,86;150,87;130,87;130,88;130,89;129,89;129,90;109,91;109,92;108,92;108,93;108,94;
#3316:
>0:150,73;150,74;149,74;149,75;148,75;148,76;147,77;167,77;166,77;166,78;146,78;146,79;146,80;145,80;145,81;145,82;
#3317:
>0:260,26;261,26;262,27;261,27;
#3318:
>0:107,77;107,78;108,78;108,79;107,79;107,80;106,80;126,81;126,82;126,83;
#3319:
>0:146,112;146,113;146,114;
#3320:
>0:219,55;219,56;218,56;218,57;197,57;197,58;196,59;195,60;175,60;175,61;175,62;174,62;174,63;174,64;173,64;173,65;172,65;172,66;171,66;170,67;190,67;189,67;188,68;187,68;186,68;186,69;185,69;184,69;163,70;162,70;142,70;142,71;122,71;123,71;103,72;103,73;104,73;84,73;84,74;84,75;
#3321:
>0:107,111;
#3322:
>0:107,95;107,96;108,96;108,97;107,98;106,98;106,99;105,99;125,99;125,100;125,101;
#3323:
>0:147,97;147,98;127,99;127,100;146,100;146,101;145,101;145,102;145,103;
#3324:
>0:148,75;148,76;148,77;
#3325:
>0:146,96;146,97;146,98;
#3326:
>0:160,35;160,36;161,37;162,38;142,39;122,39;123,39;103,40;103,41;104,41;105,42;86,42;86,43;86,44;66,44;66,45;
#3327:
>0:108,55;108,56;108,57;
#3328:
>0:143,41;143,42;144,42;164,42;144,43;165,44;165,45;146,45;147,46;147,47;127,47;127,48;127,49;
#3329:
>0:165,57;165,58;165,59;
#3330:
>0:145,66;145,67;145,68;144,68;144,69;143,69;143,70;143,71;163,72;163,73;163,74;
#3331:
>0:186,55;186,56;185,56;184,56;163,57;162,57;142,58;122,58;123,58;103,59;83,59;84,59;64,59;64,60;44,60;24,60;25,61;5,61;
#3332:
>0:185,91;185,92;165,93;165,94;165,95;
#3333:
>0:205,88;205,89;185,89;185,90;165,91;165,92;165,93;
#3334:
>0:224,94;224,95;204,95;204,96;205,96;204,97;205,97;205,98;205,99;
#3335:
>0:107,96;108,96;108,97;107,97;107,98;106,98;105,99;125,99;125,100;125,101;
#3336:
>0:150,65;150,66;150,67;170,67;171,67;171,68;171,69;170,69;190,69;190,70;189,70;188,70;187,71;186,71;185,71;185,72;184,72;163,72;163,73;162,73;182,73;182,74;181,74;201,74;200,75;
#3337:
>0:180,45;160,46;181,46;161,47;161,48;
#3338:
>0:107,83;108,84;108,85;128,85;128,86;128,87;
#3339:
>0:144,55;143,55;143,56;144,56;164,57;144,57;144,58;165,58;165,59;166,60;146,60;147,61;147,62;148,62;148,63;149,63;149,64;149,65;150,65;150,66;150,67;
#3340:
>0:120,20;
#3341:
>0:101,74;101,75;121,75;101,76;102,76;102,77;103,77;103,78;104,78;104,79;105,79;105,80;106,80;106,81;106,82;107,83;108,84;108,85;128,85;128,86;128,87;
#3342:
>0:113,104;113,105;113,106;
#3343:
>0:131,49;131,50;130,51;130,52;130,53;129,53;129,54;129,55;149,55;
#3344:
>0:145,101;145,102;145,103;
#3345:
>0:112,63;113,63;113,64;113,65;133,65;153,65;173,65;172,66;152,66;133,66;113,66;112,67;111,67;111,68;91,68;90,68;89,69;109,69;108,69;88,70;87,70;87,71;87,72;
#3346:
>0:107,107;107,108;108,108;107,108;107,109;106,110;
#3347:
>0:124,93;124,94;123,94;122,95;123,95;103,95;103,96;104,96;104,97;84,97;85,97;85,98;65,98;65,99;66,100;67,101;67,102;
#3348:
>0:145,99;145,100;146,100;146,101;145,101;145,102;
#3349:
>0:106,124;126,124;126,125;126,126;
#3350:
>0:185,115;185,116;185,117;205,117;186,117;186,118;186,119;187,119;187,120;188,120;188,121;168,121;168,122;188,122;188,123;
#3351:
>0:171,67;151,67;171,67;171,68;170,68;150,68;150,69;149,69;149,70;148,70;148,71;
#3352:
>0:143,82;143,83;143,84;123,84;122,85;122,86;141,86;141,87;141,88;
#3353:
>0:107,95;107,96;108,96;108,97;107,97;107,98;106,98;106,99;105,99;125,99;125,100;125,101;
#3354:
>0:180,111;181,112;161,112;161,113;160,113;161,114;141,115;141,116;142,117;142,118;143,118;143,119;143,120;
#3355:
>0:108,126;108,127;108,128;
#3356:
>0:141,57;141,58;142,58;142,59;162,60;163,60;184,61;185,61;186,62;206,62;206,63;207,63;207,64;208,64;208,65;
#3357:
>0:154,93;153,93;153,94;173,94;172,95;172,96;172,97;
#3358:
>0:153,84;153,85;172,86;172,87;171,88;171,89;170,89;190,89;190,90;189,90;188,90;188,91;188,92;189,92;189,93;209,94;209,95;208,95;209,95;
#3359:
>0:128,82;128,83;127,84;128,84;148,85;168,85;168,86;188,86;189,87;190,87;210,88;230,88;250,88;251,89;250,89;250,90;249,90;268,90;267,90;266,91;265,91;284,91;263,91;263,92;262,92;261,92;281,92;
#3360:
>0:187,75;187,76;188,76;188,77;189,77;189,78;209,78;209,79;209,80;208,80;209,80;209,81;
#3361:
>0:108,115;108,116;108,117;
#3362:
>0:128,95;128,96;108,96;108,97;107,97;107,98;106,98;107,98;108,98;108,99;107,99;106,99;125,99;125,100;125,101;
#3363:
>0:107,104;107,105;108,105;108,106;107,106;127,107;128,107;128,108;127,109;128,109;127,109;128,109;148,110;148,111;148,112;
#3364:
>0:128,110;127,110;127,111;128,111;108,112;109,112;109,113;
#3365:
>0:153,28;153,29;172,29;172,30;171,31;151,31;171,32;170,33;150,33;150,34;149,34;149,35;148,35;148,36;147,36;147,37;147,38;
#3366:
>0:125,36;125,37;125,38;
#3367:
>0:169,100;169,101;169,102;
#3368:
>0:107,56;107,57;107,58;
#3369:
>0:185,93;205,94;205,95;204,95;203,96;202,97;202,98;201,98;201,99;
#3370:
>0:107,102;108,103;108,104;107,104;106,104;106,105;105,105;125,105;125,106;125,107;
#3371:
>0:168,131;168,132;169,133;169,134;189,134;189,135;189,136;209,136;209,137;208,137;209,138;
#3372:
>0:106,80;106,81;126,81;126,82;146,83;145,84;145,85;165,85;165,86;164,87;164,88;163,88;163,89;162,90;162,91;162,92;161,92;181,92;181,93;
#3373:
>0:209,54;209,55;209,56;208,56;208,57;207,57;207,58;206,58;206,59;205,59;205,60;205,61;206,61;205,61;
#3374:
>0:108,77;108,78;108,79;109,79;109,80;129,80;129,81;129,82;130,82;150,82;150,83;171,83;171,84;171,85;170,85;170,86;190,86;189,86;189,87;188,87;188,88;189,89;189,90;209,90;209,91;209,92;
#3375:
>0:191,56;191,57;191,58;
#3376:
>0:106,99;106,100;106,101;
#3377:
>0:131,96;131,97;111,97;111,98;111,99;112,99;112,100;132,100;132,101;131,102;151,102;151,103;152,103;152,104;172,104;172,105;171,105;171,106;170,106;170,107;190,107;210,108;230,108;250,108;251,109;250,109;250,110;249,110;268,110;267,110;267,111;266,111;265,111;284,111;264,112;263,112;262,112;261,113;281,113;
#3378:
>0:209,93;209,94;208,94;208,95;208,96;188,96;189,96;189,97;189,98;169,98;169,99;169,100;170,100;170,101;150,101;150,102;150,103;
#3379:
>0:107,96;107,97;108,97;108,98;108,99;107,99;106,99;126,100;126,101;146,101;146,102;145,102;145,103;
#3380:
>0:113,56;113,57;113,58;
#3381:
>0:180,95;
#3382:
>0:129,107;129,108;129,109;109,109;129,109;129,110;128,110;128,111;128,112;
#3383:
>0:106,74;107,74;107,75;127,76;127,77;127,78;147,78;147,79;147,80;167,80;167,81;187,81;187,82;187,83;186,83;186,84;185,84;184,84;184,85;163,85;163,86;183,86;162,86;162,87;162,88;
#3384:
>0:107,86;107,87;107,88;
#3385:
>0:148,78;148,79;148,80;
#3386:
>0:146,127;145,127;145,128;145,129;
#3387:
>0:170,3;170,4;170,5;150,5;150,6;150,7;
#3388:
>0:144,106;144,107;143,107;143,108;163,109;163,110;163,111;
#3389:
>0:162,111;163,112;163,113;163,114;
#3390:
>0:108,39;108,40;108,41;109,41;89,41;69,41;49,41;49,42;69,42;89,42;109,42;110,43;111,44;111,45;131,45;131,46;132,46;
#3391:
>0:180,111;201,111;181,112;182,112;182,113;162,113;163,113;163,114;163,115;
#3392:
>0:166,132;
#3393:
>0:125,121;125,122;125,123;145,123;145,124;145,125;
#3394:
>0:134,85;133,86;134,86;153,87;153,88;172,88;172,89;172,90;171,90;171,91;170,91;190,92;189,92;188,93;187,93;186,93;186,94;185,94;184,94;184,95;163,95;163,96;182,96;181,97;201,97;200,97;
#3395:
>0:172,116;172,117;171,118;171,119;170,119;150,120;150,121;
#3396:
>0:126,114;126,115;126,116;
#3397:
>0:131,51;130,52;130,53;130,54;
#3398:
>0:131,113;131,114;130,115;130,116;130,117;
#3399:
>0:191,59;191,60;211,60;191,61;170,62;169,62;169,63;169,64;
#3400:
>0:168,42;167,42;167,43;187,44;187,45;186,46;185,46;184,47;163,47;163,48;183,48;182,48;182,49;181,49;181,50;
#3401:
>0:205,111;204,111;204,112;205,112;205,113;205,114;204,115;203,115;203,116;202,116;202,117;202,118;201,118;201,119;201,120;180,121;
#3402:
>0:170,95;190,96;170,96;170,97;170,98;191,98;191,99;
#3403:
>0:87,80;87,81;87,82;
#3404:
>0:148,83;148,84;147,84;147,85;167,85;166,86;165,87;165,88;164,88;164,89;144,89;
#3405:
>0:153,136;173,136;172,136;172,137;172,138;
#3406:
>0:106,105;106,106;106,107;107,107;107,108;107,109;127,109;127,110;128,110;127,110;127,111;128,111;148,111;148,112;148,113;
#3407:
>0:148,121;148,122;128,122;128,123;127,123;127,124;127,125;
#3408:
>0:185,115;185,116;186,116;185,117;185,118;184,118;163,119;162,119;142,120;141,121;162,121;163,121;164,121;185,121;206,121;205,121;184,121;183,121;162,122;141,122;141,123;140,123;
#3409:
>0:122,73;122,74;141,74;141,75;141,76;
#3410:
>0:129,122;129,123;130,123;150,124;150,125;150,126;
#3411:
>0:170,92;170,93;170,94;169,94;169,95;169,96;
#3412:
>0:182,74;181,74;181,75;181,76;201,76;181,76;201,77;181,77;180,77;
#3413:
>0:113,105;113,106;113,107;
#3414:
>0:187,94;187,95;187,96;
#3415:
>0:160,37;160,38;181,38;181,39;180,39;180,40;201,40;201,41;200,41;
#3416:
>0:209,104;209,105;189,105;189,106;188,106;188,107;188,108;
#3417:
>0:202,111;182,111;202,112;202,113;201,113;201,114;181,114;181,115;181,116;
#3418:
>0:120,107;120,108;120,109;
#3419:
>0:120,68;121,69;122,69;122,70;123,70;123,71;124,71;124,72;125,72;125,73;125,74;106,74;106,75;106,76;
#3420:
>0:141,116;141,117;141,118;142,119;141,119;141,120;142,120;142,121;142,122;
#3421:
>0:152,99;151,99;152,100;171,100;172,100;172,101;171,101;171,102;171,103;170,103;190,103;189,104;188,104;188,105;187,105;187,106;186,106;186,107;206,107;205,108;205,109;204,109;204,110;224,111;224,112;
#3422:
>0:131,97;131,98;131,99;
#3423:
>0:172,101;172,102;192,102;193,103;213,103;213,104;213,105;
#3424:
>0:126,125;126,126;126,127;106,127;106,128;106,129;
#3425:
>0:145,124;125,125;125,126;125,127;
#3426:
>0:106,108;106,109;105,109;105,110;125,110;125,111;125,112;124,112;124,113;124,114;
#3427:
>0:108,58;108,59;108,60;
#3428:
>0:170,59;170,60;170,61;169,61;169,62;189,62;189,63;209,64;209,65;209,66;
#3429:
>0:185,39;185,40;185,41;205,41;186,41;186,42;206,42;207,42;207,43;207,44;
#3430:
>0:185,77;185,78;205,79;205,80;204,80;204,81;203,81;203,82;202,82;202,83;202,84;201,84;201,85;201,86;
#3431:
>0:166,89;166,90;165,90;165,91;165,92;
#3432:
>0:183,92;182,93;183,93;202,93;202,94;201,94;181,94;181,95;181,96;
#3433:
>0:146,120;146,121;146,122;126,122;126,123;127,124;
#3434:
>0:127,126;127,127;107,127;127,128;127,129;127,130;
#3435:
>0:127,120;107,120;127,120;107,121;107,122;107,123;127,123;127,124;128,124;128,125;
#3436:
>0:108,69;108,70;108,71;
#3437:
>0:209,105;209,106;209,107;
#3438:
>0:185,89;185,90;186,90;185,91;184,91;184,92;163,92;162,92;162,93;142,93;142,94;122,95;
#3439:
>0:125,125;125,126;126,126;126,127;126,128;
#3440:
>0:145,89;165,90;165,91;165,92;
#3441:
>0:186,113;166,114;166,115;166,116;165,116;165,117;165,118;
#3442:
>0:107,117;107,118;108,118;108,119;107,120;106,120;106,121;105,121;125,121;125,122;145,122;145,123;145,124;
#3443:
>0:50,14;51,15;50,15;50,16;51,17;50,17;50,18;50,19;70,19;71,19;91,20;92,20;112,21;132,21;151,22;152,22;172,22;171,22;171,23;170,23;190,23;190,24;210,24;230,24;250,25;251,25;250,26;249,26;248,26;268,27;267,27;266,27;265,27;285,28;284,28;263,28;262,28;262,29;261,29;281,29;
#3444:
>0:160,94;180,94;
#3445:
>0:180,135;181,135;181,136;181,137;182,137;162,137;163,138;184,139;185,139;185,140;186,140;166,140;166,141;166,142;
#3446:
>0:171,146;170,146;170,147;169,147;169,148;149,148;149,149;149,150;
#3447:
>0:206,104;206,105;206,106;
#3448:
>0:152,130;152,131;151,131;132,131;131,131;132,132;112,132;92,133;91,133;71,133;70,134;69,134;48,135;48,136;
#3449:
>0:129,82;129,83;129,84;109,84;109,85;110,85;110,86;111,86;111,87;112,87;112,88;132,89;133,89;153,89;153,90;152,90;131,90;130,90;129,90;128,90;129,90;130,90;131,90;132,90;153,90;154,90;155,91;135,91;136,91;137,92;117,92;117,93;98,93;98,94;98,95;
#3450:
>0:122,86;122,87;122,88;123,88;123,89;144,89;144,90;144,91;
#3451:
>0:87,71;87,72;107,72;107,73;107,74;
#3452:
>0:106,113;106,114;107,114;107,115;127,116;127,117;128,117;128,118;128,119;127,119;147,120;147,121;
#3453:
>0:150,140;150,141;131,142;150,142;150,143;130,143;131,144;151,144;152,144;152,145;152,146;153,146;153,147;173,147;173,148;
#3454:
>0:146,132;146,133;147,133;147,134;147,135;148,135;148,136;149,137;149,138;130,138;130,139;
#3455:
>0:129,109;129,110;109,110;129,110;129,111;128,111;128,112;128,113;
#3456:
>0:173,117;174,117;174,118;173,118;173,119;173,120;
#3457:
>0:148,99;148,100;148,101;
#3458:
>0:129,156;129,157;130,158;
#3459:
>0:107,117;107,118;108,118;108,119;107,119;106,119;106,120;105,121;125,121;125,122;145,123;145,124;
#3460:
>0:107,72;108,73;107,73;127,73;127,74;128,74;127,75;128,75;148,75;148,76;168,77;
#3461:
>0:165,122;164,123;163,124;163,125;163,126;
#3462:
>0:132,140;132,141;132,142;
#3463:
>0:220,132;220,133;221,134;221,135;201,135;201,136;201,137;202,137;202,138;202,139;
#3464:
>0:107,89;107,90;107,91;87,91;88,92;108,92;109,92;89,93;90,93;111,94;112,94;112,95;132,96;133,96;133,97;153,97;154,97;154,98;154,99;174,99;173,99;173,100;194,100;194,101;214,102;213,102;214,103;214,104;234,105;234,106;
#3465:
>0:108,129;108,130;108,131;
#3466:
>0:162,73;181,73;181,74;181,75;201,76;181,76;201,76;201,77;200,77;
#3467:
>0:213,68;214,68;214,69;215,69;215,70;235,71;236,71;236,72;236,73;235,74;215,75;214,75;214,76;213,76;213,77;214,77;194,77;194,78;194,79;173,79;172,79;172,80;151,80;151,81;151,82;150,82;130,83;130,84;110,84;110,85;110,86;111,86;111,87;112,87;112,88;111,89;91,89;90,89;90,90;89,90;109,90;108,90;108,91;88,91;88,92;87,92;87,93;86,93;66,94;66,95;
#3468:
>0:147,88;147,89;147,90;148,90;148,91;168,92;168,93;188,93;188,94;189,94;189,95;189,96;209,96;209,97;208,97;209,98;
#3469:
>0:87,136;87,137;107,137;107,138;106,138;106,139;107,139;107,140;107,141;
#3470:
>0:134,144;134,145;153,145;153,146;153,147;172,147;173,147;173,148;
#3471:
>0:107,125;107,126;108,126;108,127;107,127;106,127;106,128;105,128;125,128;125,129;125,130;145,130;145,131;145,132;
#3472:
>0:144,143;145,144;145,145;145,146;
#3473:
>0:162,111;162,112;162,113;163,113;163,114;163,115;
#3474:
>0:140,153;140,154;
#3475:
>0:131,113;131,114;111,114;111,115;112,115;112,116;132,116;132,117;132,118;131,118;151,118;152,119;172,120;172,121;171,121;171,122;170,123;190,123;189,123;189,124;188,124;187,125;187,126;186,126;185,127;184,127;184,128;163,128;163,129;163,130;
#3476:
>0:107,107;107,108;108,108;107,109;107,110;106,110;105,111;125,111;125,112;125,113;
#3477:
>0:209,89;209,90;210,90;210,91;230,92;250,92;251,92;251,93;250,93;249,93;268,94;267,94;266,94;265,94;285,95;264,95;263,95;262,95;261,96;281,96;
#3478:
>0:169,106;169,107;169,108;189,108;189,109;189,110;
#3479:
>0:128,91;128,92;127,92;128,93;127,93;128,93;148,93;148,94;168,94;168,95;168,96;188,96;188,97;187,98;186,98;186,99;206,99;206,100;225,100;245,101;265,101;285,102;
#3480:
>0:106,100;106,101;106,102;
#3481:
>0:127,71;127,72;147,72;147,73;148,73;148,74;168,74;168,75;188,75;188,76;188,77;187,77;186,77;186,78;206,78;206,79;205,79;205,80;205,81;
#3482:
>0:108,154;108,155;107,155;106,155;106,156;106,157;
#3483:
>0:209,163;209,164;
#3484:
>0:165,131;165,132;164,132;164,133;163,133;163,134;163,135;
#3485:
>0:131,126;131,127;111,127;111,128;112,128;112,129;132,129;132,130;131,130;151,130;152,130;152,131;172,132;171,132;171,133;170,133;190,133;189,134;188,134;188,135;187,135;187,136;186,136;186,137;185,137;184,138;163,138;163,139;162,139;142,140;142,141;141,142;141,143;140,143;141,143;141,144;141,145;
#3486:
>0:141,83;141,84;141,85;142,86;142,87;162,87;163,88;184,88;185,89;186,89;186,90;206,90;225,90;225,91;245,91;265,92;285,92;
#3487:
>0:113,104;113,105;113,106;
#3488:
>0:140,124;141,124;141,125;141,126;
#3489:
>0:149,125;149,126;149,127;
#3490:
>0:145,141;145,142;165,142;165,143;165,144;164,144;164,145;163,145;163,146;163,147;183,148;182,148;182,149;
#3491:
>0:106,127;106,128;106,129;127,129;128,129;149,129;150,129;171,129;172,129;193,129;194,129;214,130;193,130;192,130;171,130;170,130;149,130;148,130;127,130;126,130;126,131;126,132;
#3492:
>0:108,129;108,130;107,130;107,131;106,131;105,132;125,132;125,133;145,134;145,135;144,136;144,137;143,137;143,138;143,139;142,139;142,140;142,141;
#3493:
>0:207,107;207,108;227,108;227,109;247,109;247,110;247,111;
#3494:
>0:150,124;150,125;150,126;130,126;129,127;129,128;128,128;128,129;128,130;
#3495:
>0:181,115;181,116;182,116;162,117;163,117;163,118;184,118;185,119;186,119;187,120;187,121;187,122;188,122;187,122;187,123;187,124;
#3496:
>0:150,127;150,128;130,128;130,129;129,130;129,131;109,131;129,131;128,132;128,133;128,134;
#3497:
>0:146,144;146,145;145,145;145,146;145,147;
#3498:
>0:171,89;171,90;171,91;
#3499:
>0:262,17;262,18;263,18;263,19;263,20;
#3500:
>0:148,118;148,119;148,120;
#3501:
>0:131,72;131,73;111,74;112,75;132,76;133,76;153,76;154,77;155,77;135,77;136,77;136,78;117,78;98,78;98,79;99,80;
#3502:
>0:124,148;124,149;124,150;
#3503:
>0:181,112;181,113;161,113;161,114;162,114;162,115;182,115;162,115;162,116;163,117;162,117;142,117;142,118;122,118;123,119;123,120;123,121;124,121;124,122;124,123;
#3504:
>0:140,89;141,90;141,91;142,91;142,92;142,93;162,93;163,93;163,94;184,94;185,94;186,95;187,95;188,95;189,96;190,96;170,96;171,96;171,97;172,97;152,97;151,97;132,98;131,98;131,99;111,99;111,100;111,101;131,101;131,102;
#3505:
>0:126,133;126,134;126,135;
#3506:
>0:191,106;191,107;191,108;
#3507:
>0:185,135;205,135;205,136;205,137;204,137;204,138;204,139;
#3508:
>0:150,137;150,138;150,139;
#3509:
>0:113,148;113,149;112,149;113,150;113,151;112,151;112,152;111,152;111,153;131,153;131,154;130,154;130,155;109,156;129,156;109,156;109,157;109,158;108,158;108,159;
#3510:
>0:107,78;108,79;107,80;127,80;127,81;128,81;127,81;128,82;148,82;168,83;168,84;188,84;188,85;187,85;186,85;186,86;185,86;184,86;184,87;163,87;182,88;181,88;201,89;200,89;
#3511:
>0:209,138;209,139;209,140;208,140;208,141;188,141;189,141;189,142;189,143;169,143;170,144;170,145;171,145;191,145;191,146;191,147;
#3512:
>0:131,114;131,115;130,115;130,116;130,117;129,118;
#3513:
>0:162,128;162,129;163,130;163,131;163,132;
#3514:
>0:152,124;151,125;151,126;150,126;150,127;150,128;130,128;130,129;130,130;129,130;129,131;129,132;
#3515:
>0:123,13;123,14;124,14;124,15;125,15;125,16;106,16;106,17;106,18;107,18;107,19;108,19;108,20;128,20;108,21;109,21;109,22;109,23;129,24;130,24;130,25;131,25;131,26;
#3516:
>0:131,117;131,118;130,118;130,119;130,120;
#3517:
>0:148,121;148,122;148,123;
#3518:
>0:167,135;147,136;167,136;166,136;166,137;165,137;165,138;165,139;
#3519:
>0:162,110;162,111;142,111;142,112;142,113;143,113;143,114;143,115;
#3520:
>0:100,88;101,88;121,88;101,89;121,89;122,90;122,91;142,92;142,93;142,94;
#3521:
>0:145,108;145,109;145,110;
#3522:
>0:130,130;130,131;150,132;130,132;130,133;130,134;
#3523:
>0:187,96;187,97;187,98;186,98;186,99;166,99;166,100;165,100;165,101;164,102;144,102;144,103;144,104;143,104;143,105;142,105;142,106;142,107;
#3524:
>0:131,138;131,139;111,140;111,141;112,141;112,142;132,142;132,143;151,143;152,143;172,144;171,144;170,144;190,144;189,145;188,145;187,146;186,146;186,147;185,147;184,148;163,148;163,149;182,149;182,150;182,151;181,152;181,153;181,154;
#3525:
>0:131,118;131,119;130,119;130,120;129,121;129,122;109,122;109,123;109,124;108,124;108,125;108,126;
#3526:
>0:141,112;141,113;141,114;
#3527:
>0:167,45;166,45;166,46;146,46;146,47;146,48;145,48;145,49;145,50;
#3528:
>0:120,149;
#3529:
>0:124,101;124,102;124,103;
#3530:
>0:152,118;152,119;171,120;172,120;172,121;171,121;171,122;170,122;170,123;190,123;189,123;189,124;188,124;188,125;188,126;208,126;208,127;208,128;
#3531:
>0:131,131;131,132;131,133;
#3532:
>0:163,113;163,114;163,115;162,115;162,116;142,117;141,117;141,118;142,118;142,119;141,119;141,120;121,120;121,121;121,122;
#3533:
>0:107,118;107,119;108,119;108,120;107,120;106,121;105,121;125,121;125,122;145,122;145,123;145,124;
#3534:
>0:106,115;106,116;106,117;
#3535:
>0:167,94;167,95;167,96;166,96;165,96;165,97;165,98;166,98;167,98;167,99;
#3536:
>0:164,76;163,77;162,77;182,77;182,78;181,78;201,78;200,78;
#3537:
>0:171,136;170,137;
#3538:
>0:125,124;125,125;124,125;125,125;125,126;125,127;145,127;145,128;145,129;
#3539:
>0:122,155;122,156;142,156;142,157;122,157;123,158;103,158;83,158;84,159;64,159;64,160;63,160;63,161;63,162;44,162;44,163;
#3540:
>0:127,47;127,48;107,48;107,49;108,50;108,51;109,51;109,52;110,53;111,54;111,55;131,55;131,56;
#3541:
>0:167,132;167,133;166,134;166,135;165,135;165,136;165,137;
#3542:
>0:125,126;124,126;124,127;125,127;125,128;125,129;
#3543:
>0:211,142;212,143;212,144;213,144;214,145;214,146;214,147;
#3544:
>0:108,111;108,112;108,113;
#3545:
>0:212,34;212,35;211,35;191,35;191,36;171,36;171,37;170,37;190,38;189,38;188,38;187,39;186,39;185,39;184,40;163,40;162,40;142,41;123,41;103,42;103,43;104,43;84,43;84,44;
#3546:
>0:131,101;131,102;111,103;111,104;112,104;112,105;132,105;132,106;131,107;151,107;151,108;152,109;152,110;172,110;172,111;172,112;171,112;171,113;170,113;190,114;189,114;188,115;188,116;189,116;189,117;189,118;209,118;209,119;209,120;
#3547:
>0:209,164;209,165;
#3548:
>0:171,88;171,89;171,90;
#3549:
>0:108,66;108,67;108,68;109,68;109,69;109,70;
#3550:
>0:145,138;145,139;145,140;146,141;146,142;126,142;126,143;127,143;127,144;
#3551:
>0:108,75;108,76;108,77;128,77;128,78;128,79;
#3552:
>0:106,93;126,94;126,95;126,96;
#3553:
>0:122,116;122,117;122,118;142,118;142,119;142,120;162,120;163,120;163,121;184,121;185,121;186,122;187,122;188,122;188,123;189,123;190,123;190,124;210,124;230,124;230,125;250,125;251,125;251,126;252,126;253,126;274,126;274,127;275,127;276,127;276,128;277,128;277,129;297,129;
#3554:
>0:107,122;107,123;107,124;
#3555:
>0:122,130;122,131;122,132;
#3556:
>0:149,142;149,143;149,144;129,144;129,145;128,145;128,146;128,147;
#3557:
>0:131,135;131,136;111,136;110,136;89,137;68,137;88,137;89,137;110,137;111,137;112,138;112,139;113,139;114,140;115,141;
#3558:
>0:212,154;211,155;191,155;191,156;211,156;191,156;190,157;189,157;189,158;209,158;209,159;208,159;209,160;209,161;
#3559:
>0:180,159;201,159;201,160;200,160;
#3560:
>0:131,115;131,116;131,117;111,118;111,119;112,119;112,120;132,120;131,121;151,121;151,122;152,122;152,123;152,124;172,124;172,125;171,126;171,127;170,127;190,128;210,128;230,129;250,129;251,129;251,130;250,130;249,130;268,131;267,131;266,131;285,132;284,132;263,132;262,132;262,133;261,133;
#3561:
>0:149,99;149,100;149,101;148,101;148,102;168,103;168,104;188,104;188,105;188,106;187,106;187,107;186,107;185,108;184,108;163,109;162,109;142,110;122,110;123,110;103,111;103,112;103,113;
#3562:
>0:192,148;192,149;191,149;192,150;192,151;172,151;172,152;172,153;153,153;153,154;134,155;133,155;134,156;
#3563:
>0:187,100;187,101;167,101;168,101;168,102;167,102;167,103;167,104;
#3564:
>0:124,128;124,129;124,130;
#3565:
>0:129,123;129,124;129,125;130,126;130,127;150,127;150,128;170,128;171,128;171,129;191,130;191,131;191,132;
#3566:
>0:143,119;143,120;143,121;
#3567:
>0:148,131;148,132;148,133;
#3568:
>0:140,119;141,120;141,121;142,121;142,122;142,123;
#3569:
>0:122,149;122,150;122,151;123,151;123,152;124,152;124,153;124,154;125,155;125,156;125,157;
#3570:
>0:145,146;145,147;125,147;126,148;146,148;126,148;126,149;127,149;127,150;127,151;
#3571:
>0:131,113;131,114;111,114;111,115;112,115;112,116;132,117;132,118;131,118;151,118;152,119;152,120;172,121;172,122;171,122;171,123;170,123;190,124;189,124;188,125;188,126;187,126;186,126;186,127;185,127;185,128;184,128;163,129;162,130;182,130;181,130;201,131;200,131;
#3572:
>0:143,150;143,151;142,152;142,153;141,153;141,154;141,155;
#3573:
>0:128,119;148,120;168,120;168,121;168,122;188,122;188,123;187,123;187,124;187,125;186,125;206,126;225,126;225,127;245,127;265,127;265,128;285,128;285,129;
#3574:
>0:181,113;181,114;182,114;162,115;163,115;163,116;163,117;
#3575:
>0:131,116;131,117;111,118;111,119;112,119;112,120;132,120;132,121;131,121;151,121;151,122;152,122;152,123;172,123;172,124;171,124;171,125;171,126;170,126;190,126;189,127;188,127;188,128;188,129;
#3576:
>0:143,172;143,173;143,174;
#3577:
>0:140,124;141,124;141,125;141,126;
#3578:
>0:126,86;126,87;126,88;
#3579:
>0:287,91;287,92;267,92;267,93;247,93;248,94;249,95;250,95;230,96;210,97;210,98;211,98;191,99;190,99;189,100;209,101;209,102;208,103;209,103;
#3580:
>0:149,100;149,101;149,102;130,102;150,103;150,104;171,105;171,106;172,106;172,107;192,107;192,108;193,108;213,108;213,109;214,109;214,110;215,111;195,111;195,112;195,113;215,113;215,114;216,114;216,115;215,115;
#3581:
>0:123,129;122,129;122,130;142,131;123,132;103,132;103,133;104,134;84,134;85,134;85,135;65,135;65,136;45,137;46,137;46,138;66,138;66,139;66,140;
#3582:
>0:107,131;107,132;108,132;107,133;107,134;107,135;106,135;106,136;
#3583:
>0:145,137;145,138;145,139;
#3584:
>0:106,126;106,127;107,127;107,128;107,129;108,129;108,130;108,131;
#3585:
>0:165,130;166,131;166,132;186,132;187,133;187,134;188,134;188,135;208,135;188,135;189,136;189,137;209,137;209,138;208,138;209,139;209,140;
#3586:
>0:211,88;210,89;210,90;210,91;
#3587:
>0:295,135;
#3588:
>0:211,124;211,125;191,125;191,126;170,127;170,128;169,129;169,130;169,131;
#3589:
>0:108,142;109,142;109,143;108,143;108,144;
#3590:
>0:150,114;150,115;150,116;
#3591:
>0:155,64;155,65;154,66;153,66;153,67;173,67;172,67;172,68;172,69;171,69;170,69;190,70;189,70;188,70;188,71;187,71;186,71;185,72;184,72;163,72;163,73;162,73;162,74;142,74;142,75;142,76;141,76;141,77;141,78;140,78;
#3592:
>0:204,154;204,155;205,155;205,156;205,157;
#3593:
>0:106,138;106,139;126,139;126,140;126,141;
#3594:
>0:108,143;108,144;108,145;107,145;107,146;107,147;
#3595:
>0:107,131;87,131;87,132;107,132;107,133;107,134;
#3596:
>0:107,98;107,99;127,99;108,99;108,100;108,101;107,102;108,102;108,103;107,103;108,104;108,105;107,105;108,105;108,106;107,107;108,107;108,108;107,108;107,109;106,109;106,110;105,110;125,111;125,112;124,112;124,113;124,114;123,114;123,115;144,115;143,116;143,117;142,118;142,119;141,119;141,120;140,120;160,120;
#3597:
>0:183,147;184,147;184,148;183,148;183,149;182,149;183,150;202,150;202,151;201,151;181,152;181,153;180,154;180,155;
#3598:
>0:109,168;109,169;109,170;
#3599:
>0:107,136;108,136;108,137;107,137;106,138;
#3600:
>0:108,98;108,99;108,100;
#3601:
>0:191,108;191,109;171,110;170,110;170,111;169,111;169,112;
#3602:
>0:171,117;170,118;169,119;169,120;169,121;
#3603:
>0:162,99;162,100;162,101;
#3604:
>0:191,98;191,99;171,100;170,100;169,101;169,102;148,102;148,103;148,104;
#3605:
>0:124,168;124,169;124,170;
#3606:
>0:209,147;209,148;208,148;208,149;188,149;188,150;189,150;209,151;209,152;210,152;211,153;212,154;213,154;213,155;214,155;214,156;195,156;215,157;195,157;195,158;196,158;176,159;177,159;177,160;177,161;
#3607:
>0:164,142;164,143;144,143;144,144;144,145;
#3608:
>0:109,96;109,97;109,98;108,98;108,99;108,100;
#3609:
>0:100,156;101,156;101,157;102,158;103,158;103,159;123,159;103,159;104,160;104,161;105,161;105,162;106,163;106,164;106,165;
#3610:
>0:125,125;125,126;125,127;
#3611:
>0:209,116;209,117;209,118;
#3612:
>0:107,155;107,156;106,156;126,157;106,157;
#3613:
>0:108,26;108,27;108,28;
#3614:
>0:141,121;141,122;141,123;142,123;142,124;142,125;
#3615:
>0:162,138;162,139;142,140;142,141;141,142;121,142;121,143;121,144;122,144;
#3616:
>0:131,124;111,125;110,125;110,126;110,127;
#3617:
>0:127,126;127,127;107,127;107,128;106,128;
#3618:
>0:126,103;126,104;126,105;
#3619:
>0:122,102;122,103;122,104;
#3620:
>0:160,181;
#3621:
>0:181,147;181,148;181,149;161,149;162,150;162,151;162,152;
#3622:
>0:212,184;212,185;213,185;213,186;214,186;214,187;195,187;194,187;194,188;194,189;
#3623:
>0:165,150;164,151;164,152;163,152;163,153;163,154;
#3624:
>0:181,152;181,153;161,154;160,154;160,155;
#3625:
>0:106,170;106,171;105,172;104,172;104,173;104,174;103,174;103,175;102,175;122,176;122,177;122,178;
#3626:
>0:145,71;145,72;145,73;144,73;144,74;143,74;143,75;143,76;142,76;142,77;162,77;142,77;142,78;162,78;162,79;
#3627:
>0:145,148;145,149;145,150;
#3628:
>0:166,148;166,149;166,150;
#3629:
>0:148,128;147,129;148,129;148,130;128,130;128,131;127,131;127,132;128,132;128,133;128,134;108,134;108,135;108,136;
#3630:
>0:163,138;163,139;163,140;
#3631:
>0:108,164;
#3632:
>0:128,147;128,148;127,149;107,150;107,151;107,152;106,152;
#3633:
>0:126,152;146,153;146,154;146,155;
#3634:
>0:128,155;128,156;108,157;107,157;107,158;107,159;
#3635:
>0:142,172;142,173;141,174;141,175;142,175;142,176;122,176;123,176;103,177;83,177;84,177;84,178;64,178;44,179;24,179;25,180;46,181;47,181;48,181;48,182;69,182;48,182;48,183;
#3636:
>0:121,116;121,117;121,118;122,118;122,119;122,120;123,120;123,121;124,121;124,122;125,122;125,123;125,124;
#3637:
>0:106,131;126,132;126,133;126,134;
#3638:
>0:171,170;171,171;171,172;
#3639:
>0:213,140;193,140;192,141;191,141;192,141;213,141;212,142;192,142;191,142;191,143;191,144;170,144;170,145;169,145;169,146;169,147;
#3640:
>0:207,144;207,145;207,146;
#3641:
>0:212,159;212,160;211,160;191,160;191,161;191,162;171,162;171,163;170,163;190,164;189,164;188,164;188,165;187,165;186,166;185,166;185,167;184,167;183,167;163,168;162,168;162,169;142,169;142,170;141,170;141,171;141,172;140,172;
#3642:
>0:169,177;169,178;170,179;170,180;169,180;169,181;189,181;189,182;209,182;209,183;209,184;
#3643:
>0:131,171;131,172;131,173;130,173;130,174;129,174;129,175;128,175;128,176;128,177;
#3644:
>0:180,152;180,153;181,153;181,154;
#3645:
>0:167,97;167,98;166,98;166,99;146,99;146,100;145,100;145,101;145,102;125,102;124,103;124,104;125,105;125,106;125,107;
#3646:
>0:148,158;148,159;148,160;
#3647:
>0:182,198;182,199;162,199;
#3648:
>0:182,199;162,199;162,200;
#3649:
>0:129,190;129,191;129,192;
#3650:
>0:182,199;162,199;162,200;
#3651:
>0:131,171;131,172;131,173;130,173;130,174;130,175;
#3652:
>0:171,150;170,150;170,151;169,151;169,152;169,153;148,153;128,153;127,154;148,154;148,155;147,155;167,156;166,156;166,157;165,157;165,158;164,159;144,159;144,160;
#3653:
>0:182,199;162,200;
#3654:
>0:185,107;185,108;185,109;165,109;165,110;165,111;
#3655:
>0:182,199;182,200;162,200;
#3656:
>0:189,166;189,167;189,168;
#3657:
>0:160,148;160,149;161,150;181,150;181,151;181,152;201,153;202,153;201,153;202,154;202,155;201,156;201,157;
#3658:
>0:182,199;182,200;162,200;
#3659:
>0:122,154;102,155;122,155;122,156;122,157;123,157;123,158;144,159;144,160;144,161;
#3660:
>0:141,147;141,148;141,149;
#3661:
>0:182,200;162,201;
#3662:
>0:120,156;121,156;121,157;122,157;122,158;142,158;142,159;142,160;162,160;163,161;184,161;185,162;186,162;187,163;188,163;189,164;190,164;170,164;171,165;172,165;172,166;171,166;151,166;
#3663:
>0:182,200;162,201;
#3664:
>0:122,189;122,190;122,191;123,191;124,192;124,193;125,193;125,194;125,195;126,195;126,196;126,197;
#3665:
>0:143,119;143,120;
#3666:
>0:182,200;182,201;162,201;
#3667:
>0:141,150;141,151;141,152;
#3668:
>0:171,189;170,189;170,190;170,191;169,191;169,192;169,193;149,193;148,193;148,194;148,195;147,195;167,196;147,196;
#3669:
>0:182,201;162,201;162,202;
#3670:
>0:148,148;148,149;148,150;
#3671:
>0:129,146;129,147;128,147;128,148;128,149;127,149;127,150;146,150;146,151;146,152;145,152;145,153;145,154;
#3672:
>0:163,165;163,166;164,166;164,167;164,168;165,168;165,169;165,170;
#3673:
>0:182,201;162,201;162,202;
#3674:
>0:150,104;150,105;170,105;170,106;171,106;171,107;191,107;191,108;191,109;
#3675:
>0:148,157;148,158;148,159;
#3676:
>0:182,201;182,202;162,202;
#3677:
>0:146,109;145,109;145,110;145,111;
#3678:
>0:170,80;170,81;169,81;169,82;170,82;170,83;170,84;169,84;189,84;189,85;189,86;209,86;209,87;208,87;208,88;209,88;208,88;
#3679:
>0:182,201;182,202;162,202;
#3680:
>0:106,111;106,112;107,112;107,113;107,114;127,114;127,115;127,116;
#3681:
>0:182,202;162,202;162,203;
#3682:
>0:182,202;162,202;162,203;
#3683:
>0:106,190;106,191;126,191;126,192;126,193;146,193;146,194;145,194;145,195;165,195;165,196;165,197;
#3684:
>0:120,134;121,134;121,135;121,136;122,136;122,137;123,137;123,138;144,139;144,140;145,140;145,141;
#3685:
>0:107,151;108,152;108,153;107,153;127,153;127,154;128,155;148,156;148,157;
#3686:
>0:209,112;209,113;209,114;229,114;229,115;229,116;228,116;228,117;248,117;248,118;
#3687:
>0:144,159;144,160;144,161;
#3688:
>0:148,174;148,175;128,175;128,176;127,176;127,177;127,178;107,178;107,179;106,179;105,179;125,179;125,180;125,181;126,182;
#3689:
>0:182,202;162,202;162,203;
#3690:
>0:205,171;205,172;186,172;187,172;186,173;205,173;205,174;185,175;185,176;205,176;205,177;205,178;206,178;206,179;225,179;225,180;245,180;265,180;265,181;266,181;266,182;265,182;285,182;284,182;263,183;262,183;281,184;
#3691:
>0:171,171;171,172;170,172;170,173;169,173;169,174;169,175;149,175;148,176;148,177;148,178;
#3692:
>0:143,122;143,123;143,124;142,124;142,125;122,125;143,126;144,126;165,126;164,126;143,126;122,126;122,127;121,127;121,128;120,128;
#3693:
>0:205,117;204,118;205,119;205,120;205,121;
#3694:
>0:87,147;87,148;106,148;106,149;105,149;105,150;104,150;104,151;124,151;125,151;125,152;125,153;
#3695:
>0:146,150;146,151;146,152;145,152;146,152;145,153;145,154;165,154;165,155;165,156;
#3696:
>0:209,183;209,184;208,184;209,184;209,185;209,186;
#3697:
>0:131,22;111,22;111,23;112,24;132,25;151,25;152,25;172,25;171,26;190,26;210,27;230,27;250,27;271,28;292,28;
#3698:
>0:120,81;120,82;
#3699:
>0:162,163;162,164;142,165;122,166;122,167;122,168;
#3700:
>0:107,121;108,122;107,122;107,123;127,123;128,124;128,125;148,125;168,126;168,127;188,127;189,128;190,128;210,129;230,129;250,130;251,130;250,131;249,131;268,131;267,132;266,132;265,132;284,132;263,133;262,133;261,133;281,134;
#3701:
>0:106,183;106,184;106,185;
#3702:
>0:125,169;125,170;126,171;126,172;126,173;
#3703:
>0:206,105;206,106;225,106;245,106;245,107;265,107;285,108;
#3704:
>0:143,192;143,193;143,194;144,194;144,195;145,195;145,196;145,197;
#3705:
>0:106,106;106,107;106,108;
#3706:
>0:106,145;106,146;126,146;126,147;126,148;146,149;125,149;146,150;145,150;145,151;145,152;
#3707:
>0:186,144;186,145;187,146;187,147;188,147;189,148;190,148;170,148;170,149;171,149;172,149;152,150;151,150;131,150;132,150;132,151;112,151;92,151;92,152;72,152;73,152;53,152;33,153;14,153;14,154;
#3708:
>0:145,150;144,151;145,151;145,152;145,153;
#3709:
>0:148,126;147,126;147,127;147,128;167,128;166,129;166,130;165,130;165,131;164,132;164,133;163,133;163,134;182,134;181,135;181,136;201,136;201,137;180,138;
#3710:
>0:124,94;124,95;123,95;123,96;122,97;142,97;142,98;162,98;162,99;163,100;163,101;162,101;182,101;181,101;181,102;201,102;200,102;
#3711:
>0:162,132;
#3712:
>0:167,125;166,126;186,126;187,127;187,128;186,128;185,128;185,129;184,129;183,130;163,130;162,130;142,131;122,131;123,132;103,132;103,133;104,134;
#3713:
>0:107,105;107,106;107,107;
#3714:
>0:131,176;131,177;131,178;130,178;130,179;130,180;
#3715:
>0:130,166;130,167;130,168;
#3716:
>0:108,142;108,143;108,144;
#3717:
>0:113,156;113,157;113,158;
#3718:
>0:131,141;131,142;130,143;130,144;129,145;129,146;109,146;129,146;129,147;128,147;128,148;128,149;108,149;107,149;128,149;129,150;150,150;129,150;128,150;127,150;106,150;
#3719:
>0:163,144;163,145;163,146;
#3720:
>0:120,147;
#3721:
>0:107,154;107,155;108,155;108,156;108,157;107,157;107,158;106,158;105,159;125,159;125,160;125,161;145,161;145,162;145,163;
#3722:
>0:145,151;145,152;146,153;146,154;147,154;147,155;147,156;148,156;148,157;
#3723:
>0:146,142;146,143;145,143;145,144;145,145;
#3724:
>0:107,200;108,201;108,202;108,203;
#3725:
>0:210,127;230,127;230,128;210,128;210,129;210,130;
#3726:
>0:152,175;151,176;150,176;150,177;130,177;130,178;130,179;129,180;109,180;129,181;109,181;109,182;109,183;
#3727:
>0:150,102;150,103;150,104;
#3728:
>0:169,117;169,118;169,119;
#3729:
>0:168,175;188,176;189,176;190,176;170,176;171,177;172,177;171,178;171,179;171,180;
#3730:
>0:107,84;107,85;108,85;107,86;107,87;106,87;106,88;105,88;125,88;125,89;125,90;124,90;124,91;124,92;
#3731:
>0:145,124;145,125;165,126;165,127;165,128;164,128;164,129;164,130;163,130;163,131;163,132;
#3732:
>0:150,165;150,166;149,167;149,168;148,168;148,169;148,170;
#3733:
>0:107,136;108,137;107,137;107,138;106,138;105,139;125,139;125,140;124,140;124,141;123,141;123,142;144,142;144,143;143,143;143,144;143,145;
#3734:
>0:140,170;140,171;141,171;141,172;142,172;142,173;122,173;122,174;123,174;124,174;124,175;124,176;
#3735:
>0:129,146;129,147;129,148;149,148;149,149;129,149;129,150;129,151;109,151;109,152;109,153;108,153;108,154;108,155;
#3736:
>0:106,182;106,183;126,183;126,184;126,185;
#3737:
>0:107,153;107,154;108,154;108,155;107,155;106,155;106,156;105,156;125,157;125,158;124,158;124,159;123,160;123,161;122,161;122,162;122,163;
#3738:
>0:113,178;113,179;112,179;113,180;112,181;111,181;111,182;90,182;90,183;109,183;108,183;108,184;88,184;107,184;107,185;107,186;106,186;106,187;107,187;107,188;106,188;107,188;
#3739:
>0:208,173;208,174;208,175;
#3740:
>0:181,119;181,120;201,120;202,120;202,121;202,122;
#3741:
>0:182,178;202,178;181,178;201,179;180,179;180,180;
#3742:
>0:180,116;201,116;181,116;181,117;182,117;182,118;162,118;163,118;163,119;163,120;184,120;185,120;185,121;186,121;187,121;187,122;188,122;189,122;189,123;190,123;210,124;230,124;230,125;250,125;251,125;251,126;252,126;253,126;253,127;274,127;275,127;275,128;276,128;276,129;277,129;297,129;297,130;
#3743:
>0:205,165;205,166;205,167;186,167;186,168;187,168;187,169;187,170;
#3744:
>0:126,134;126,135;126,136;
#3745:
>0:211,170;211,171;211,172;
#3746:
>0:128,178;128,179;127,179;128,180;128,181;148,182;148,183;149,183;149,184;149,185;
#3747:
>0:128,182;128,183;128,184;
#3748:
>0:108,95;108,96;108,97;
#3749:
>0:107,149;107,150;108,150;108,151;128,151;128,152;128,153;
#3750:
>0:183,187;163,187;164,187;164,188;164,189;
#3751:
>0:121,160;120,160;
#3752:
>0:181,166;181,167;181,168;
#3753:
>0:209,153;209,154;209,155;
#3754:
>0:150,158;150,159;171,159;172,160;171,160;171,161;190,161;189,161;188,162;187,162;186,163;185,164;184,164;184,165;163,165;163,166;183,166;183,167;163,167;162,167;162,168;162,169;
#3755:
>0:108,132;108,133;108,134;107,134;108,134;108,135;107,135;107,136;107,137;
#3756:
>0:144,154;144,155;144,156;
#3757:
>0:163,174;163,175;182,175;163,175;164,175;145,175;126,175;127,175;108,175;108,176;108,177;
#3758:
>0:124,132;124,133;124,134;123,134;123,135;122,135;142,135;142,136;162,136;163,136;163,137;184,137;185,137;185,138;186,138;206,138;186,139;167,139;147,139;167,139;187,139;206,139;207,139;207,140;207,141;208,141;208,142;208,143;
#3759:
>0:148,156;148,157;148,158;
#3760:
>0:173,162;174,163;173,163;173,164;173,165;172,165;172,166;171,166;170,167;190,167;189,167;188,167;188,168;187,168;186,168;186,169;185,169;184,169;184,170;183,170;163,170;163,171;163,172;164,172;144,173;144,174;144,175;145,175;145,176;
#3761:
>0:145,159;145,160;145,161;165,161;166,162;146,162;147,163;148,164;148,165;
#3762:
>0:128,199;128,200;128,201;127,201;127,202;127,203;107,203;107,204;106,204;106,205;106,206;
#3763:
>0:140,175;140,176;141,176;141,177;142,177;142,178;143,179;143,180;163,180;163,181;143,182;143,183;143,184;
#3764:
>0:171,164;191,164;191,165;170,166;169,167;169,168;169,169;148,169;148,170;148,171;
#3765:
>0:188,89;188,90;188,91;
#3766:
>0:122,93;122,94;122,95;
#3767:
>0:164,206;144,206;144,207;165,207;165,208;146,209;147,210;147,211;148,211;148,212;147,212;127,213;127,214;107,214;107,215;
#3768:
>0:148,189;148,190;148,191;
#3769:
>0:185,164;185,165;165,165;165,166;165,167;164,167;164,168;145,168;145,169;
#3770:
>0:145,199;145,200;145,201;125,201;146,202;126,202;127,203;127,204;127,205;
#3771:
>0:104,163;103,163;123,163;103,163;102,164;101,164;121,165;121,166;121,167;
#3772:
>0:209,135;208,136;188,137;188,138;188,139;
#3773:
>0:100,150;100,151;120,151;100,152;101,153;102,153;102,154;103,154;103,155;104,155;104,156;104,157;105,157;105,158;106,158;106,159;106,160;
#3774:
>0:146,183;146,184;146,185;
#3775:
>0:145,136;145,137;125,137;124,137;124,138;125,138;125,139;124,139;104,139;104,140;104,141;105,141;105,142;106,142;106,143;86,143;87,144;107,144;107,145;107,146;
#3776:
>0:171,143;171,144;172,144;152,145;151,145;131,145;132,145;151,145;150,146;169,146;188,146;187,146;186,146;187,146;168,146;149,147;150,147;131,147;132,147;112,147;92,147;92,148;91,148;71,148;70,148;70,149;69,149;48,149;48,150;48,151;
#3777:
>0:181,149;181,150;181,151;182,151;162,151;162,152;163,152;163,153;184,153;185,153;185,154;186,154;187,155;186,155;186,156;186,157;
#3778:
>0:113,161;113,162;112,163;113,163;113,164;112,164;112,165;111,165;111,166;111,167;131,167;131,168;
#3779:
>0:146,191;145,192;146,192;145,192;145,193;
#3780:
>0:131,159;131,160;111,160;111,161;110,161;110,162;109,163;129,163;150,163;170,163;171,163;150,163;129,164;109,164;109,165;109,166;
#3781:
>0:142,184;141,184;141,185;142,185;143,186;143,187;144,187;144,188;144,189;145,189;145,190;125,191;125,192;125,193;
#3782:
>0:108,144;108,145;108,146;
#3783:
>0:162,147;162,148;162,149;
#3784:
>0:135,158;134,158;134,159;133,160;133,161;132,161;112,162;112,163;111,163;111,164;90,164;89,165;109,165;108,165;108,166;88,166;87,166;87,167;107,167;
#3785:
>0:106,181;106,182;106,183;
#3786:
>0:106,171;106,172;126,172;126,173;146,174;145,174;145,175;165,176;165,177;165,178;
#3787:
>0:181,155;180,155;180,156;180,157;181,157;181,158;161,158;162,158;162,159;182,159;162,159;162,160;163,160;163,161;163,162;
#3788:
>0:108,174;108,175;108,176;107,176;107,177;106,177;105,177;
#3789:
>0:143,188;143,189;143,190;123,190;123,191;122,191;122,192;122,193;
#3790:
>0:125,198;125,199;126,200;106,201;106,202;106,203;107,203;107,204;107,205;108,205;108,206;128,206;128,207;128,208;
#3791:
>0:173,189;174,189;174,190;154,190;153,190;153,191;133,192;132,192;112,193;111,193;111,194;131,195;111,195;131,195;131,196;
#3792:
>0:108,173;108,174;108,175;
#3793:
>0:108,172;108,173;108,174;
#3794:
>0:131,130;131,131;111,131;111,132;111,133;112,133;112,134;112,135;132,135;151,135;152,136;172,136;172,137;171,137;171,138;170,138;190,138;190,139;210,139;230,140;210,140;190,140;170,140;150,140;130,140;150,140;170,140;190,140;210,140;230,140;250,141;251,141;250,142;249,142;268,142;267,143;266,143;265,143;284,144;264,144;263,144;262,144;262,145;261,145;
#3795:
>0:150,170;150,171;170,171;171,172;172,172;152,172;151,172;131,172;132,173;132,174;131,174;131,175;111,175;111,176;131,176;
#3796:
>0:120,185;121,186;121,187;122,187;122,188;123,188;123,189;124,189;124,190;124,191;125,191;125,192;125,193;126,193;126,194;127,195;128,195;128,196;128,197;
#3797:
>0:132,168;132,169;151,169;152,169;151,170;152,170;171,170;171,171;
#3798:
>0:123,163;123,164;124,164;124,165;123,165;122,166;123,166;103,166;103,167;83,167;84,167;84,168;64,168;44,169;24,169;25,169;25,170;46,171;47,171;48,171;48,172;68,172;48,173;49,174;49,175;49,176;
#3799:
>0:127,122;127,123;107,123;107,124;106,124;106,125;105,125;125,125;125,126;125,127;
#3800:
>0:162,193;162,194;162,195;142,195;122,196;122,197;122,198;
#3801:
>0:160,162;160,163;160,164;161,164;161,165;161,166;162,166;163,166;163,167;163,168;164,168;144,168;144,169;145,170;145,171;145,172;
#3802:
>0:281,73;261,73;261,74;240,74;
#3803:
>0:209,184;208,185;208,186;188,186;189,187;189,188;169,189;169,190;169,191;
#3804:
>0:107,170;108,170;108,171;128,171;128,172;128,173;
#3805:
>0:145,164;145,165;145,166;
#3806:
>0:107,152;107,153;107,154;
#3807:
>0:106,147;106,148;106,149;126,149;126,150;106,150;106,151;106,152;
#3808:
>0:172,81;172,82;172,83;
#3809:
>0:108,182;107,183;107,184;106,185;126,186;106,186;106,187;106,188;
#3810:
>0:147,177;148,177;148,178;149,178;149,179;149,180;
#3811:
>0:180,149;180,150;181,150;181,151;161,152;162,152;162,153;163,154;162,154;142,154;142,155;122,155;123,155;103,156;83,156;84,156;64,156;64,157;44,157;24,157;25,158;46,158;46,159;47,159;48,159;69,159;69,160;70,160;50,160;49,160;49,161;69,161;69,162;89,162;89,163;89,164;
#3812:
>0:209,119;209,120;229,120;229,121;229,122;228,122;228,123;248,123;248,124;249,124;269,125;270,125;269,126;289,126;290,127;
#3813:
>0:180,209;180,210;181,210;160,210;160,211;
#3814:
>0:108,186;108,187;108,188;
#3815:
>0:107,171;107,172;108,172;108,173;108,174;
#3816:
>0:160,151;141,152;142,152;142,153;142,154;
#3817:
>0:127,132;127,133;147,133;146,134;146,135;146,136;145,136;145,137;145,138;165,138;165,139;165,140;
#3818:
>0:150,145;150,146;149,146;149,147;149,148;
#3819:
>0:107,150;107,151;127,152;128,152;128,153;127,154;147,154;147,155;147,156;167,156;167,157;168,157;188,157;187,158;
#3820:
>0:106,164;106,165;106,166;107,166;87,167;88,167;108,168;109,168;89,168;90,169;111,169;111,170;112,170;112,171;112,172;113,172;113,173;133,173;134,174;134,175;135,175;135,176;155,176;156,177;157,177;157,178;177,178;178,179;158,179;159,180;159,181;
#3821:
>0:191,146;191,147;191,148;170,148;170,149;170,150;150,150;150,151;150,152;
#3822:
>0:108,161;108,162;108,163;
#3823:
>0:131,170;131,171;130,171;130,172;130,173;129,173;129,174;129,175;
#3824:
>0:148,166;148,167;148,168;
#3825:
>0:108,163;108,164;108,165;
#3826:
>0:143,217;143,218;143,219;163,219;164,219;164,220;164,221;163,222;184,222;184,223;185,223;186,223;187,224;188,224;189,224;189,225;190,225;170,225;171,225;171,226;172,226;152,226;151,226;131,227;132,227;131,227;131,228;111,228;111,229;131,230;
#3827:
>0:209,206;208,206;208,207;188,207;188,208;188,209;189,209;190,210;170,210;171,210;171,211;172,211;172,212;153,213;153,214;152,214;152,215;
#3828:
>0:129,166;129,167;129,168;130,168;130,169;130,170;
#3829:
>0:125,169;125,170;125,171;
#3830:
>0:151,179;151,180;151,181;
#3831:
>0:111,172;131,172;131,173;130,173;130,174;130,175;
#3832:
>0:188,190;189,191;189,192;209,192;209,193;209,194;229,194;229,195;229,196;
#3833:
>0:209,182;209,183;209,184;
#3834:
>0:128,182;128,183;127,184;107,184;107,185;107,186;
#3835:
>0:152,146;152,147;152,148;151,148;132,148;132,149;151,149;152,149;152,150;172,150;171,150;171,151;170,151;190,151;189,151;189,152;188,152;187,152;187,153;186,153;186,154;185,154;185,155;184,155;163,155;163,156;162,156;162,157;142,157;
#3836:
>0:140,190;141,190;141,191;141,192;142,192;142,193;143,193;143,194;143,195;
#3837:
>0:107,214;107,215;108,215;107,216;107,217;107,218;
#3838:
>0:111,201;111,202;111,203;
#3839:
>0:145,167;145,168;145,169;
#3840:
>0:150,135;150,136;149,137;149,138;149,139;
#3841:
>0:145,173;145,174;165,174;165,175;165,176;164,176;164,177;163,177;163,178;162,178;182,178;181,179;201,179;200,179;200,180;
#3842:
>0:212,148;212,149;211,149;191,150;171,151;170,151;170,152;169,152;169,153;148,153;148,154;148,155;
#3843:
>0:50,159;50,160;49,160;69,161;69,162;89,162;89,163;109,163;109,164;109,165;
#3844:
>0:142,200;142,201;141,201;142,201;141,202;142,202;142,203;143,203;143,204;143,205;144,205;144,206;145,206;145,207;125,208;
#3845:
>0:127,68;127,69;147,69;147,70;148,70;168,71;168,72;188,72;188,73;188,74;208,74;208,75;208,76;
#3846:
>0:143,192;143,193;163,194;164,194;164,195;163,196;163,197;184,197;185,197;185,198;186,198;187,198;187,199;188,199;188,200;189,200;189,201;209,201;209,202;209,203;
#3847:
>0:180,215;180,216;180,217;
#3848:
>0:209,139;209,140;209,141;189,141;190,141;190,142;191,142;191,143;
#3849:
>0:126,215;126,216;126,217;127,217;127,218;127,219;147,219;148,219;148,220;148,221;149,221;149,222;149,223;
#3850:
>0:133,162;134,162;133,163;133,164;153,165;152,165;152,166;152,167;
#3851:
>0:131,169;131,170;130,170;130,171;130,172;
#3852:
>0:209,189;209,190;210,190;210,191;211,191;211,192;
#3853:
>0:166,206;165,206;165,207;165,208;
#3854:
>0:88,166;88,167;88,168;
#3855:
>0:145,109;145,110;145,111;
#3856:
>0:126,176;126,177;126,178;106,178;106,179;106,180;
#3857:
>0:150,184;150,185;149,185;149,186;148,186;148,187;148,188;147,188;148,189;147,189;127,189;128,190;
#3858:
>0:122,177;122,178;122,179;
#3859:
>0:145,208;145,209;125,209;126,210;146,210;126,210;126,211;127,211;127,212;127,213;
#3860:
>0:173,184;153,184;153,185;152,185;152,186;151,186;151,187;150,188;130,188;130,189;130,190;129,191;109,191;129,191;129,192;128,192;128,193;
#3861:
>0:171,203;171,204;170,204;170,205;169,205;169,206;169,207;149,207;148,207;148,208;148,209;147,210;127,211;127,212;128,212;
#3862:
>0:107,183;108,183;108,184;108,185;107,185;106,186;105,186;125,187;125,188;124,188;123,189;123,190;122,190;122,191;121,192;120,193;
#3863:
>0:125,176;125,177;125,178;
#3864:
>0:188,188;188,189;188,190;
#3865:
>0:145,175;125,176;124,176;124,177;125,177;125,178;125,179;124,179;145,179;166,179;186,179;187,180;166,180;145,180;124,180;123,180;122,181;123,181;103,181;103,182;103,183;
#3866:
>0:129,134;129,135;130,135;130,136;130,137;129,137;129,138;129,139;
#3867:
>0:142,139;142,140;122,140;122,141;122,142;
#3868:
>0:140,215;141,216;141,217;142,217;142,218;162,219;163,219;184,220;185,220;186,221;166,221;165,221;165,222;165,223;
#3869:
>0:212,197;212,198;212,199;232,199;232,200;233,200;233,201;
#3870:
>0:209,135;209,136;209,137;
#3871:
>0:108,190;108,191;108,192;
#3872:
>0:107,162;107,163;108,163;108,164;107,165;106,165;106,166;105,166;125,167;125,168;125,169;145,169;145,170;145,171;
#3873:
>0:106,156;107,157;107,158;127,158;127,159;127,160;147,160;147,161;147,162;167,162;166,163;166,164;166,165;
#3874:
>0:148,204;148,205;148,206;
#3875:
>0:131,172;131,173;131,174;
#3876:
>0:108,125;108,126;108,127;
#3877:
>0:254,177;253,177;253,178;252,179;252,180;252,181;232,181;232,182;212,183;212,184;211,185;191,185;191,186;171,186;171,187;170,187;190,187;189,188;188,188;187,189;186,189;185,189;184,190;163,190;163,191;162,191;142,192;142,193;141,193;141,194;140,194;140,195;
#3878:
>0:131,169;131,170;130,171;130,172;130,173;
#3879:
>0:145,200;145,201;165,201;165,202;165,203;164,203;
#3880:
>0:205,224;205,225;185,226;205,227;205,228;205,229;206,229;206,230;225,230;225,231;245,231;265,231;265,232;285,232;
#3881:
>0:153,205;153,206;133,206;134,206;134,207;135,207;155,207;155,208;135,208;136,208;117,209;98,209;98,210;98,211;99,211;
#3882:
>0:131,172;131,173;130,173;130,174;130,175;
#3883:
>0:151,146;171,146;171,147;171,148;
#3884:
>0:140,165;140,166;141,166;141,167;142,168;142,169;143,169;143,170;143,171;
#3885:
>0:131,171;131,172;111,172;111,173;110,173;110,174;109,174;109,175;109,176;108,176;108,177;108,178;
#3886:
>0:152,24;171,25;151,25;152,26;151,26;152,26;151,26;132,27;131,27;132,27;132,28;131,28;131,29;111,29;111,30;131,30;131,31;
#3887:
>0:107,209;107,210;108,210;108,211;107,211;107,212;106,212;126,212;126,213;126,214;
#3888:
>0:129,152;129,153;129,154;
#3889:
>0:149,233;148,233;149,234;129,235;128,236;128,237;127,237;127,238;146,238;146,239;126,239;
#3890:
>0:111,178;111,179;112,179;112,180;132,180;151,181;152,181;172,181;171,181;171,182;171,183;
#3891:
>0:167,207;167,208;167,209;166,209;166,210;166,211;146,211;146,212;145,212;145,213;145,214;
#3892:
>0:209,152;209,153;209,154;208,154;188,155;208,155;
#3893:
>0:185,217;185,218;205,218;205,219;205,220;204,220;204,221;203,221;202,222;202,223;201,223;201,224;180,225;
#3894:
>0:111,168;131,169;111,169;111,170;112,170;112,171;132,171;132,172;151,172;152,172;172,173;171,173;170,173;190,173;189,174;188,174;187,174;186,175;185,175;184,175;184,176;183,176;163,176;163,177;163,178;164,178;144,178;144,179;144,180;145,181;
#3895:
>0:122,201;122,202;122,203;
#3896:
>0:162,193;162,194;162,195;
#3897:
>0:143,200;143,201;143,202;163,203;164,203;163,203;163,204;163,205;184,205;185,205;186,206;187,206;188,206;188,207;189,207;190,207;171,208;172,208;152,208;152,209;151,209;132,209;132,210;112,210;111,211;111,212;131,212;131,213;131,214;
#3898:
>0:121,188;121,189;121,190;
#3899:
>0:131,180;131,181;130,181;130,182;130,183;150,183;150,184;170,184;171,184;171,185;172,186;171,187;171,188;151,188;151,189;
#3900:
>0:111,177;131,177;131,178;130,178;130,179;130,180;131,180;151,180;152,181;152,182;152,183;
#3901:
>0:131,181;111,182;110,182;110,183;109,184;109,185;109,186;108,186;108,187;108,188;107,188;
#3902:
>0:131,170;131,171;111,171;111,172;112,172;112,173;132,173;131,174;151,174;152,174;171,174;171,175;170,175;190,175;189,175;189,176;188,176;187,176;186,177;185,177;184,177;163,178;162,178;142,178;142,179;142,180;
#3903:
>0:202,154;202,155;201,155;202,155;202,156;203,156;203,157;204,157;204,158;205,158;205,159;205,160;206,160;186,160;186,161;187,162;188,162;189,162;189,163;190,163;170,163;171,163;171,164;172,164;152,164;151,164;131,165;132,165;131,165;131,166;111,166;111,167;111,168;
#3904:
>0:182,203;162,203;162,204;163,204;163,205;184,205;185,205;186,206;187,206;188,206;188,207;189,207;190,207;170,208;171,208;172,209;172,210;152,210;152,211;152,212;
#3905:
>0:232,172;212,172;211,172;211,173;211,174;
#3906:
>0:147,202;147,203;127,203;128,204;148,204;148,205;148,206;
#3907:
>0:131,174;131,175;130,175;130,176;130,177;129,178;129,179;128,179;128,180;128,181;108,181;107,182;107,183;106,184;106,185;107,185;107,186;107,187;
#3908:
>0:131,171;131,172;111,172;111,173;112,173;112,174;132,174;132,175;131,175;152,175;172,175;171,176;170,176;190,176;189,177;188,177;187,177;186,178;185,178;184,178;184,179;163,179;162,179;162,180;142,180;142,181;142,182;143,182;143,183;143,184;
#3909:
>0:128,156;128,157;128,158;148,158;148,159;168,159;168,160;188,160;188,161;187,161;186,162;186,163;185,163;184,164;183,164;163,164;163,165;162,165;182,165;182,166;181,166;201,167;200,168;
#3910:
>0:131,173;131,174;130,174;130,175;130,176;129,176;109,176;129,177;128,177;128,178;128,179;
#3911:
>0:131,170;131,171;111,172;111,173;112,173;112,174;132,174;132,175;151,175;152,175;172,176;171,176;170,176;190,177;189,177;188,177;187,177;187,178;186,178;185,178;184,179;183,179;163,180;163,181;162,181;182,181;181,182;201,182;200,182;
#3912:
>0:110,165;110,166;110,167;
#3913:
>0:131,177;131,178;111,178;111,179;111,180;112,180;112,181;132,181;131,181;152,182;172,182;171,182;170,183;190,183;189,183;188,183;188,184;187,184;186,184;185,185;184,185;163,185;163,186;163,187;164,187;164,188;144,188;143,188;143,189;143,190;144,190;144,191;
#3914:
>0:128,144;128,145;127,145;127,146;127,147;107,147;107,148;106,148;106,149;
#3915:
>0:187,140;187,141;187,142;
#3916:
>0:108,206;108,207;108,208;
#3917:
>0:154,193;154,194;154,195;
#3918:
>0:130,159;130,160;130,161;
#3919:
>0:120,106;121,106;121,107;122,107;122,108;122,109;123,109;123,110;124,110;124,111;124,112;
#3920:
>0:171,89;171,90;171,91;
#3921:
>0:107,208;108,209;107,209;107,210;106,210;106,211;105,211;125,211;125,212;105,212;105,213;105,214;125,214;
#3922:
>0:162,158;162,159;162,160;142,160;142,161;122,161;123,161;103,162;103,163;104,163;104,164;84,164;84,165;
#3923:
>0:87,137;86,137;106,138;105,139;104,140;104,141;103,141;103,142;122,142;102,142;101,143;121,143;121,144;120,145;
#3924:
>0:122,154;141,154;141,155;141,156;
#3925:
>0:107,209;107,210;108,210;108,211;128,211;128,212;128,213;
#3926:
>0:128,136;128,137;128,138;
#3927:
>0:106,195;126,196;126,197;146,197;146,198;145,198;146,198;146,199;146,200;147,200;167,200;167,201;166,202;166,203;146,203;146,204;145,204;145,205;
#3928:
>0:148,187;148,188;148,189;147,189;148,189;148,190;148,191;168,191;168,192;188,192;189,193;190,193;190,194;210,194;230,194;230,195;250,195;251,195;251,196;252,196;253,196;274,196;274,197;275,197;276,197;276,198;277,198;277,199;276,199;275,200;295,200;
#3929:
>0:87,220;107,220;107,221;107,222;
#3930:
>0:211,236;212,237;232,238;232,239;212,239;211,239;
#3931:
>0:268,233;248,233;248,234;228,235;229,236;229,237;228,238;248,239;
#3932:
>0:125,192;125,193;125,194;
#3933:
>0:162,166;162,167;182,167;181,167;181,168;181,169;180,169;180,170;
#3934:
>0:163,238;163,239;
#3935:
>0:130,239;
#3936:
>0:142,204;142,205;122,206;121,207;120,208;
#3937:
>0:129,172;129,173;129,174;
#3938:
>0:182,151;162,152;163,152;183,153;182,153;183,154;183,155;184,155;184,156;
#3939:
>0:147,141;147,142;148,142;148,143;148,144;
#3940:
>0:144,206;144,207;165,207;164,207;164,208;144,208;164,209;144,209;144,210;165,210;165,211;166,211;146,211;146,212;147,212;147,213;147,214;148,214;148,215;147,215;147,216;127,216;127,217;127,218;107,218;106,219;106,220;
#3941:
>0:109,216;109,217;108,217;108,218;108,219;
#3942:
>0:113,232;113,233;113,234;
#3943:
>0:107,190;107,191;106,191;105,191;105,192;
#3944:
>0:106,196;106,197;106,198;
#3945:
>0:145,195;145,196;145,197;144,197;144,198;144,199;143,199;143,200;142,200;142,201;142,202;
#3946:
>0:212,147;212,148;211,148;191,148;191,149;191,150;171,150;171,151;172,151;152,151;151,152;131,152;132,152;112,153;112,154;111,154;90,155;89,155;109,155;109,156;108,156;88,156;88,157;
#3947:
>0:108,111;108,112;107,113;127,114;127,115;128,115;127,115;127,116;128,116;148,116;148,117;168,118;168,119;188,119;188,120;188,121;187,121;187,122;187,123;
#3948:
>0:106,185;106,186;106,187;
#3949:
>0:133,204;153,204;153,205;152,205;152,206;
#3950:
>0:131,171;131,172;131,173;111,173;111,174;112,174;112,175;132,175;131,176;152,176;172,176;171,176;171,177;170,177;190,177;189,177;188,178;187,178;186,178;186,179;185,179;184,179;163,180;162,180;142,180;142,181;142,182;
#3951:
>0:131,184;131,185;131,186;111,186;111,187;111,188;131,188;131,189;131,190;132,190;131,191;132,191;151,191;152,192;172,192;171,193;170,193;190,194;189,194;188,195;187,195;186,196;185,196;184,196;184,197;163,197;162,198;162,199;141,199;141,200;140,200;160,200;
#3952:
>0:181,213;181,214;182,214;162,214;163,215;184,216;185,216;186,216;186,217;187,217;188,217;188,218;188,219;189,219;189,220;189,221;209,221;209,222;
#3953:
>0:126,166;126,167;126,168;
#3954:
>0:106,222;126,223;126,224;146,224;146,225;145,225;145,226;
#3955:
>0:148,204;148,205;149,205;149,206;129,206;129,207;128,208;
#3956:
>0:134,45;134,46;135,46;155,46;155,47;156,47;156,48;176,48;156,49;176,49;176,50;177,50;177,51;197,51;197,52;
#3957:
>0:107,205;107,206;108,206;108,207;108,208;128,208;128,209;128,210;
#3958:
>0:129,198;129,199;129,200;130,200;150,200;150,201;149,201;149,202;149,203;
#3959:
>0:165,207;164,208;164,209;164,210;144,210;143,210;
#3960:
>0:107,219;107,220;108,220;108,221;107,221;107,222;106,222;106,223;105,223;105,224;125,224;125,225;
#3961:
>0:107,112;107,113;108,113;108,114;107,114;107,115;127,115;128,116;127,116;128,116;148,117;168,118;168,119;188,119;189,119;189,120;190,120;
#3962:
>0:185,204;185,205;186,206;185,206;184,207;183,207;163,207;162,208;182,208;181,208;201,209;200,209;
#3963:
>0:143,204;143,205;142,205;142,206;141,206;141,207;141,208;
#3964:
>0:131,199;131,200;111,200;111,201;112,201;112,202;111,203;90,203;90,204;89,204;109,204;108,205;88,205;107,205;107,206;106,207;107,207;106,207;107,208;
#3965:
>0:145,211;145,212;145,213;
#3966:
>0:209,178;209,179;208,179;208,180;188,180;188,181;167,181;166,182;145,182;144,182;
#3967:
>0:180,164;181,164;201,164;181,165;182,165;162,165;163,166;184,167;185,167;186,167;187,168;188,168;189,168;189,169;170,169;171,169;171,170;170,170;150,170;150,171;149,171;149,172;148,172;148,173;148,174;
#3968:
>0:167,110;166,111;166,112;186,112;186,113;206,113;225,114;245,114;245,115;265,115;266,115;266,116;266,117;267,117;267,118;267,119;287,119;287,120;288,120;288,121;
#3969:
>0:121,169;101,170;102,170;102,171;103,171;103,172;104,172;104,173;105,173;105,174;106,175;106,176;107,177;107,178;127,178;126,178;145,178;145,179;126,179;127,179;128,180;127,180;128,180;128,181;127,181;126,181;145,181;145,182;126,182;127,182;128,182;128,183;
#3970:
>0:128,213;128,214;128,215;
#3971:
>0:128,154;128,155;108,155;108,156;107,156;106,157;105,157;125,158;125,159;145,159;145,160;145,161;
#3972:
>0:108,215;108,216;108,217;
#3973:
>0:127,189;127,190;147,190;147,191;127,191;127,192;127,193;
#3974:
>0:128,153;108,153;108,154;107,154;107,155;107,156;
#3975:
>0:145,194;145,195;145,196;
#3976:
>0:188,190;188,191;187,191;207,191;206,192;186,192;205,193;185,193;185,194;185,195;
#3977:
>0:128,190;128,191;127,191;127,192;127,193;146,193;146,194;145,194;145,195;145,196;
#3978:
>0:163,164;163,165;163,166;
#3979:
>0:209,181;208,181;208,182;208,183;188,183;188,184;188,185;189,185;190,186;210,186;230,187;250,187;251,187;251,188;252,188;253,188;274,188;275,189;276,189;277,189;277,190;278,190;279,190;
#3980:
>0:106,212;106,213;106,214;
#3981:
>0:108,196;108,197;108,198;109,198;109,199;109,200;129,200;129,201;130,201;130,202;150,202;150,203;170,204;171,204;172,204;171,205;170,205;190,206;210,206;230,207;250,207;251,207;251,208;250,208;249,209;268,209;267,209;266,209;265,210;285,210;284,210;263,210;262,211;261,211;281,211;
#3982:
>0:164,215;144,216;165,216;165,217;165,218;146,218;146,219;166,219;166,220;166,221;
#3983:
>0:146,178;146,179;145,179;145,180;145,181;144,181;144,182;144,183;143,183;143,184;143,185;142,185;142,186;141,186;141,187;141,188;140,188;
#3984:
>0:127,224;127,225;127,226;
#3985:
>0:145,197;145,198;145,199;
#3986:
>0:86,196;106,197;105,197;105,198;125,198;146,198;125,198;105,198;105,199;104,199;104,200;103,200;123,201;103,201;102,201;122,201;102,202;122,202;122,203;
#3987:
>0:108,220;108,221;108,222;
#3988:
>0:125,235;125,236;125,237;
#3989:
>0:126,204;127,204;127,205;126,205;126,206;126,207;
#3990:
>0:113,203;113,204;112,204;113,204;113,205;112,205;112,206;111,206;90,207;89,207;109,207;108,208;88,208;87,209;107,209;107,210;107,211;
#3991:
>0:150,200;149,200;149,201;148,201;147,202;167,202;166,203;166,204;165,204;165,205;165,206;164,206;164,207;163,208;163,209;162,209;162,210;
#3992:
>0:170,210;170,211;169,211;169,212;149,212;149,213;149,214;
#3993:
>0:180,215;180,216;180,217;
#3994:
>0:211,179;212,179;211,180;211,181;212,182;232,182;212,182;212,183;212,184;191,184;191,185;171,186;170,186;170,187;169,187;169,188;149,188;148,189;148,190;148,191;
#3995:
>0:100,217;120,217;120,218;121,218;121,219;122,219;142,220;143,220;143,221;143,222;
#3996:
>0:185,234;185,235;165,235;165,236;165,237;
#3997:
>0:141,119;141,120;142,120;142,121;141,121;141,122;142,122;142,123;142,124;
#3998:
>0:127,200;127,201;127,202;147,202;147,203;148,204;148,205;149,206;149,207;150,207;150,208;150,209;170,209;170,210;171,210;191,211;191,212;211,212;212,212;212,213;213,213;213,214;214,215;214,216;234,216;234,217;234,218;
#3999:
>0:126,232;126,233;126,234;
#4000:
>0:131,232;111,233;111,234;112,234;112,235;132,235;131,235;152,236;171,236;170,237;190,237;189,237;188,237;188,238;187,238;186,238;185,239;184,239;163,239;
#4001:
>0:103,196;104,197;84,197;84,198;84,199;
#4002:
>0:146,172;146,173;146,174;
#4003:
>0:140,214;141,214;141,215;142,216;142,217;162,217;163,217;163,218;184,218;185,218;186,219;187,219;188,220;189,220;190,220;170,221;171,221;172,221;172,222;171,222;171,223;
#4004:
>0:108,228;108,229;108,230;
#4005:
>0:107,207;87,207;88,208;108,209;109,209;90,209;90,210;111,210;112,211;112,212;111,212;111,213;131,214;130,215;130,216;130,217;
#4006:
>0:113,236;113,237;113,238;
#4007:
>0:165,141;165,142;164,142;164,143;164,144;163,144;163,145;182,145;182,146;181,146;201,146;200,146;200,147;
#4008:
>0:128,224;128,225;128,226;
#4009:
>0:145,201;145,202;145,203;
#4010:
>0:148,201;148,202;148,203;
#4011:
>0:145,166;145,167;145,168;
#4012:
>0:111,177;131,178;131,179;111,179;111,180;131,181;132,181;131,182;132,182;131,182;151,182;152,183;172,183;171,183;171,184;170,184;190,184;189,184;189,185;188,185;188,186;188,187;187,187;187,188;187,189;
#4013:
>0:170,199;170,200;190,201;170,201;170,202;169,203;169,204;148,205;148,206;148,207;
#4014:
>0:126,234;126,235;126,236;
#4015:
>0:150,200;150,201;170,201;171,202;171,203;170,203;190,203;189,204;188,204;188,205;189,206;189,207;209,207;209,208;209,209;
#4016:
>0:202,213;182,213;183,214;164,214;164,215;144,215;144,216;165,216;165,217;146,217;147,218;147,219;127,220;127,221;127,222;
#4017:
>0:108,223;108,224;108,225;
#4018:
>0:104,227;104,228;124,228;125,229;125,230;145,230;145,231;145,232;146,233;146,234;147,234;147,235;147,236;148,236;148,237;149,237;149,238;149,239;150,239;
#4019:
>0:121,223;121,224;121,225;122,225;122,226;142,226;142,227;162,227;162,228;163,228;163,229;162,229;182,229;181,230;201,231;181,232;181,233;
#4020:
>0:111,224;111,225;112,225;112,226;132,226;151,227;152,227;172,227;171,227;171,228;170,228;190,228;189,228;188,229;187,229;186,229;186,230;185,230;184,230;163,231;162,231;142,231;142,232;122,232;122,233;122,234;
#4021:
>0:106,216;106,217;106,218;
#4022:
>0:202,177;182,177;182,178;202,178;202,179;202,180;201,180;181,180;181,181;181,182;
#4023:
>0:107,209;107,210;106,210;106,211;106,212;
#4024:
>0:120,170;121,170;121,171;122,171;122,172;123,172;123,173;124,173;124,174;124,175;
#4025:
>0:107,161;107,162;88,162;108,163;89,163;90,163;90,164;91,164;111,164;111,165;112,165;112,166;132,167;151,167;152,167;172,168;171,168;170,168;170,169;190,169;210,169;210,170;230,170;250,170;250,171;251,171;250,171;250,172;249,172;248,172;268,172;267,173;266,173;265,173;284,173;263,174;262,174;261,174;281,175;
#4026:
>0:202,161;182,161;182,162;202,162;202,163;201,163;181,164;181,165;182,165;182,166;
#4027:
>0:148,189;148,190;128,190;127,190;128,191;127,191;128,191;127,192;127,193;107,193;106,193;106,194;106,195;
#4028:
>0:166,220;166,221;166,222;
#4029:
>0:160,237;160,238;160,239;
#4030:
>0:148,232;148,233;148,234;168,234;168,235;188,236;187,237;186,237;185,237;185,238;184,238;163,238;163,239;162,239;
#4031:
>0:128,227;108,228;
#4032:
>0:162,220;162,221;163,221;163,222;184,222;184,223;185,223;186,223;186,224;187,224;188,224;189,225;190,225;170,226;171,226;171,227;171,228;
#4033:
>0:108,192;108,193;108,194;
#4034:
>0:145,222;145,223;145,224;146,225;147,226;147,227;148,227;148,228;148,229;
#4035:
>0:122,162;122,163;122,164;142,164;142,165;142,166;
#4036:
>0:108,213;108,214;108,215;
#4037:
>0:106,203;106,204;106,205;
#4038:
>0:187,216;187,217;168,217;168,218;168,219;
#4039:
>0:165,230;165,231;165,232;
#4040:
>0:131,222;131,223;130,224;130,225;129,226;129,227;128,227;128,228;128,229;
#4041:
>0:124,191;124,192;123,193;143,193;144,193;144,194;144,195;143,195;143,196;142,197;142,198;162,198;162,199;
#4042:
>0:148,198;148,199;148,200;147,200;167,201;166,201;166,202;165,203;165,204;145,204;145,205;145,206;
#4043:
>0:143,196;143,197;142,197;162,198;142,198;142,199;122,199;123,199;103,199;103,200;83,200;84,200;64,201;44,201;24,202;25,202;5,203;
#4044:
>0:168,184;168,185;169,185;169,186;169,187;
#4045:
>0:187,202;
#4046:
>0:106,227;106,228;125,228;125,229;125,230;124,231;123,231;123,232;144,232;144,233;144,234;143,234;143,235;143,236;
#4047:
>0:145,202;145,203;145,204;125,204;146,204;146,205;126,205;126,206;127,206;127,207;
#4048:
>0:108,237;108,238;108,239;
#4049:
>0:165,235;165,236;185,236;185,237;185,238;165,238;164,238;165,239;164,239;
#4050:
>0:143,222;143,223;143,224;163,224;164,224;164,225;164,226;
#4051:
>0:129,230;129,231;129,232;
#4052:
>0:106,208;106,209;107,209;107,210;107,211;
#4053:
>0:162,233;162,234;163,234;163,235;164,235;164,236;144,236;144,237;145,237;145,238;145,239;
#4054:
>0:212,239;211,239;
#4055:
>0:127,201;127,202;127,203;
#4056:
>0:108,225;108,226;108,227;
#4057:
>0:120,173;120,174;
#4058:
>0:126,208;126,209;146,210;145,211;145,212;
#4059:
>0:108,205;108,206;108,207;
#4060:
>0:106,184;106,185;105,186;125,186;125,187;125,188;
#4061:
>0:87,194;87,195;88,196;108,196;109,196;109,197;90,197;111,197;111,198;112,198;112,199;132,199;131,200;152,200;172,200;171,200;170,201;190,201;210,202;230,202;250,203;251,203;271,203;250,203;249,203;268,204;267,204;266,204;265,205;285,205;284,205;263,205;263,206;262,206;281,206;
#4062:
>0:171,165;151,166;171,166;171,167;171,168;
#4063:
>0:127,209;127,210;128,210;128,211;148,211;148,212;149,213;
#4064:
>0:129,212;109,212;109,213;129,213;129,214;128,214;128,215;128,216;
#4065:
>0:148,237;148,238;148,239;
#4066:
>0:180,204;181,205;161,205;161,206;162,206;182,206;162,206;162,207;163,207;163,208;164,208;164,209;144,209;144,210;165,210;165,211;166,212;146,212;146,213;147,214;148,215;148,216;
#4067:
>0:145,199;145,200;145,201;
#4068:
>0:127,173;127,174;128,174;128,175;127,175;128,175;148,176;168,177;168,178;189,178;189,179;190,179;210,180;230,180;250,180;250,181;251,181;250,181;250,182;249,182;268,182;267,183;266,183;265,183;285,183;284,184;263,184;262,184;261,185;281,185;
#4069:
>0:107,192;107,193;108,193;108,194;107,194;107,195;106,195;105,196;125,196;125,197;124,197;124,198;123,199;123,200;122,200;122,201;121,201;121,202;120,202;
#4070:
>0:240,230;261,230;262,230;262,231;281,231;
#4071:
>0:108,229;108,230;
#4072:
>0:141,170;141,171;141,172;
#4073:
>0:87,230;87,231;86,232;106,232;106,233;105,233;105,234;104,234;124,235;125,235;125,236;125,237;
#4074:
>0:131,232;131,233;130,233;130,234;129,235;109,235;129,236;109,236;109,237;
#4075:
>0:106,230;107,231;107,232;107,233;
#4076:
>0:108,173;108,174;108,175;
#4077:
>0:126,234;126,235;126,236;
#4078:
>0:145,238;145,239;
#4079:
>0:107,208;87,209;107,209;87,209;107,209;87,210;107,210;107,211;107,212;
#4080:
>0:100,234;100,235;101,235;101,236;102,236;122,237;102,237;103,237;103,238;123,238;103,238;104,238;104,239;
#4081:
>0:170,215;170,216;170,217;169,217;189,218;189,219;189,220;209,220;
#4082:
>0:134,219;134,220;133,220;134,220;134,221;153,221;153,222;173,222;172,222;172,223;172,224;
#4083:
>0:209,174;209,175;209,176;189,176;189,177;188,178;188,179;188,180;
#4084:
>0:143,237;143,238;144,238;143,238;143,239;
#4085:
>0:191,207;191,208;191,209;
#4086:
>0:131,225;111,226;112,227;132,228;151,228;152,228;171,229;170,229;190,229;190,230;189,230;188,230;187,231;186,231;185,231;184,232;163,232;163,233;
#4087:
>0:165,211;165,212;165,213;
#4088:
>0:150,214;150,215;150,216;
#4089:
>0:107,214;107,215;108,215;108,216;108,217;107,217;106,218;126,218;126,219;126,220;146,220;146,221;
#4090:
>0:108,170;108,171;108,172;107,172;106,172;106,173;105,173;125,173;125,174;125,175;124,175;123,176;103,177;103,178;104,178;84,179;
#4091:
>0:107,213;108,214;108,215;107,215;107,216;106,216;105,217;125,217;125,218;125,219;124,219;124,220;123,220;123,221;122,221;122,222;121,222;121,223;121,224;
#4092:
>0:167,238;167,239;147,239;
#4093:
>0:151,213;151,214;151,215;
#4094:
>0:108,217;108,218;108,219;
#4095:
>0:122,197;122,198;123,199;124,200;124,201;125,202;125,203;125,204;
#4096:
>0:125,238;124,239;
#4097:
>0:187,214;187,215;167,215;167,216;167,217;
#4098:
>0:131,210;131,211;131,212;
#4099:
>0:180,218;180,219;181,219;181,220;181,221;182,221;162,221;163,222;184,223;185,223;186,224;206,224;206,225;207,225;207,226;208,226;209,227;
#4100:
>0:108,232;108,233;108,234;
#4101:
>0:128,219;128,220;128,221;
#4102:
>0:146,222;146,223;147,223;147,224;148,224;148,225;149,225;149,226;149,227;150,227;130,227;150,228;130,228;130,229;130,230;131,230;131,231;131,232;
#4103:
>0:152,212;152,213;151,213;132,213;131,213;132,214;112,214;112,215;92,215;91,215;71,216;70,216;69,216;48,217;47,217;46,217;46,218;45,218;45,219;
#4104:
>0:164,227;164,228;164,229;
#4105:
>0:124,225;124,226;123,227;122,228;122,229;
#4106:
>0:165,238;165,239;
#4107:
>0:131,225;130,226;130,227;130,228;
#4108:
>0:107,221;87,221;107,222;87,222;88,222;88,223;87,223;87,224;107,225;128,225;148,225;168,225;188,225;187,225;167,226;147,226;127,226;107,226;87,226;87,227;87,228;67,228;67,229;68,229;68,230;68,231;48,231;48,232;48,233;
#4109:
>0:232,235;232,236;232,237;
#4110:
>0:162,237;163,238;163,239;164,239;
#4111:
>0:148,235;149,235;149,236;129,236;129,237;128,237;128,238;127,239;
#4112:
>0:145,223;145,224;145,225;146,225;145,225;164,225;163,225;162,225;161,225;162,226;163,226;164,226;145,226;146,226;166,226;166,227;166,228;
#4113:
>0:128,237;128,238;128,239;
#4114:
>0:126,203;126,204;106,204;106,205;105,205;125,206;125,207;125,208;124,208;124,209;123,209;123,210;122,210;122,211;142,212;141,212;141,213;141,214;
#4115:
>0:125,188;125,189;125,190;
#4116:
>0:122,225;122,226;122,227;123,227;123,228;124,228;124,229;125,229;125,230;125,231;
#4117:
>0:167,230;167,231;167,232;187,232;187,233;187,234;188,234;189,235;190,235;170,235;171,236;172,236;172,237;172,238;153,238;153,239;
#4118:
>0:108,208;108,209;107,209;127,209;127,210;128,210;127,210;128,211;148,211;148,212;168,212;168,213;188,213;188,214;189,214;189,215;209,215;209,216;209,217;
#4119:
>0:173,230;173,231;153,231;152,231;152,232;151,233;151,234;152,234;
#4120:
>0:107,117;107,118;108,118;108,119;107,119;106,119;106,120;105,120;125,120;125,121;125,122;
#4121:
>0:209,228;209,229;189,229;189,230;188,230;188,231;188,232;187,232;187,233;186,233;186,234;166,234;165,234;165,235;165,236;
#4122:
>0:149,211;149,212;149,213;
#4123:
>0:122,201;122,202;123,202;123,203;124,203;124,204;124,205;125,205;125,206;126,207;126,208;126,209;
#4124:
>0:209,238;209,239;
#4125:
>0:168,220;169,221;168,221;168,222;148,222;148,223;148,224;
#4126:
>0:107,227;87,228;107,228;87,228;87,229;87,230;
#4127:
>0:127,186;127,187;128,187;128,188;108,189;109,190;109,191;129,191;130,191;130,192;110,193;110,194;111,194;111,195;112,195;112,196;132,196;133,197;153,197;154,197;155,198;135,198;136,198;137,198;117,199;97,199;98,199;98,200;99,200;99,201;
#4128:
>0:126,236;126,237;126,238;
#4129:
>0:143,234;143,235;163,235;164,236;163,236;163,237;182,237;181,238;201,238;200,238;
#4130:
>0:209,231;208,232;208,233;188,233;188,234;187,234;187,235;167,236;168,236;
#4131:
>0:131,235;131,236;111,236;111,237;112,237;112,238;132,239;131,239;152,239;
#4132:
>0:168,237;168,238;168,239;
#4133:
>0:107,227;107,228;107,229;
#4134:
>0:172,145;172,146;171,147;171,148;172,148;172,149;172,150;153,151;153,152;134,152;135,153;155,153;135,154;136,154;137,154;117,155;98,155;98,156;78,157;77,157;78,158;
#4135:
>0:211,197;212,198;211,198;191,198;191,199;191,200;171,200;171,201;170,201;150,202;150,203;130,203;130,204;130,205;129,205;129,206;129,207;
#4136:
>0:122,218;122,219;142,220;142,221;142,222;162,222;163,223;163,224;162,224;182,224;181,224;201,225;200,225;
#4137:
>0:134,237;134,238;134,239;153,239;
#4138:
>0:126,213;126,214;126,215;106,215;106,216;105,216;125,217;125,218;145,218;145,219;145,220;
#4139:
>0:140,192;141,192;141,193;141,194;142,194;143,195;143,196;143,197;144,197;145,197;126,197;127,197;
#4140:
>0:189,206;189,207;189,208;188,209;187,210;186,210;185,210;185,211;184,211;183,211;163,211;163,212;162,212;182,212;181,213;201,213;200,213;
#4141:
>0:150,225;150,226;150,227;171,227;171,228;170,229;190,229;189,229;188,230;188,231;188,232;
#4142:
>0:131,239;
#4143:
>0:148,173;148,174;148,175;
#4144:
>0:107,181;107,182;107,183;
#4145:
>0:209,202;209,203;209,204;189,205;189,206;188,206;188,207;188,208;187,208;186,209;185,209;184,209;184,210;163,210;162,210;162,211;142,211;142,212;142,213;141,213;141,214;141,215;140,216;
#4146:
>0:143,227;143,228;143,229;
#4147:
>0:107,237;107,238;108,238;128,239;
#4148:
>0:150,170;150,171;170,171;171,171;171,172;171,173;170,173;190,173;189,174;188,174;187,174;187,175;186,175;185,175;185,176;184,176;184,177;163,177;163,178;162,178;182,178;182,179;181,179;201,180;180,180;180,181;
#4149:
>0:131,227;131,228;111,228;111,229;112,229;112,230;132,230;131,230;152,230;172,231;171,231;170,231;190,231;190,232;210,232;230,232;230,233;250,233;251,233;250,234;249,234;268,234;267,235;266,235;265,235;284,236;263,236;262,236;281,237;
#4150:
>0:208,213;208,214;208,215;
#4151:
>0:131,228;131,229;130,230;130,231;129,231;109,232;129,232;129,233;149,234;149,235;
#4152:
>0:126,199;126,200;126,201;
#4153:
>0:291,211;271,211;251,211;250,211;230,212;210,212;210,213;211,213;191,214;190,214;189,214;209,215;209,216;208,216;208,217;208,218;
#4154:
>0:171,217;171,218;170,219;190,219;189,219;189,220;188,220;187,220;186,221;206,221;206,222;225,222;225,223;226,223;226,224;225,224;225,225;244,225;244,226;244,227;
#4155:
>0:108,108;108,109;108,110;
#4156:
>0:208,233;208,234;188,234;208,234;208,235;208,236;207,236;207,237;206,238;206,239;225,239;245,239;
#4157:
>0:209,236;209,237;209,238;
#4158:
>0:128,210;128,211;127,211;127,212;107,212;107,213;106,213;106,214;
#4159:
>0:112,234;112,235;112,236;132,237;133,237;133,238;153,238;154,238;154,239;
#4160:
>0:106,196;107,197;107,198;107,199;
#4161:
>0:153,218;153,219;133,220;132,221;112,221;112,222;111,222;111,223;131,223;131,224;111,224;111,225;112,225;112,226;111,227;90,227;90,228;89,228;109,228;109,229;108,229;88,229;87,230;107,230;87,230;86,231;106,231;106,232;105,232;105,233;104,233;104,234;103,234;103,235;102,235;102,236;122,236;122,237;
#4162:
>0:207,200;208,201;188,201;188,202;208,202;188,202;188,203;189,203;189,204;209,204;209,205;190,205;190,206;191,206;191,207;191,208;
#4163:
>0:111,186;131,186;131,187;130,188;130,189;130,190;
#4164:
>0:188,168;188,169;188,170;187,170;186,170;186,171;206,171;206,172;225,172;245,172;245,173;265,173;285,173;
#4165:
>0:107,120;107,121;127,122;127,123;127,124;
#4166:
>0:141,228;141,229;142,229;142,230;122,230;123,231;103,231;103,232;104,233;105,234;86,235;86,236;87,236;87,237;87,238;
#4167:
>0:165,139;165,140;164,140;164,141;164,142;163,142;184,142;183,143;183,144;182,144;183,144;202,144;202,145;202,146;
#4168:
>0:127,195;127,196;107,196;127,196;127,197;127,198;
#4169:
>0:131,233;131,234;111,234;111,235;112,235;112,236;132,236;132,237;151,237;152,237;171,237;171,238;170,238;189,238;188,239;187,239;186,239;
#4170:
>0:122,202;122,203;122,204;
#4171:
>0:206,238;206,239;
#4172:
>0:126,205;106,205;106,206;106,207;
#4173:
>0:108,229;108,230;108,231;
#4174:
>0:100,186;101,187;102,188;103,188;103,189;123,189;103,189;104,190;104,191;105,191;105,192;106,192;106,193;106,194;
#4175:
>0:180,236;180,237;181,237;180,238;
#4176:
>0:107,208;107,209;107,210;108,210;108,211;107,211;107,212;127,212;127,213;128,213;128,214;148,214;148,215;168,215;168,216;188,217;188,218;187,218;186,218;186,219;185,219;184,219;163,220;182,220;182,221;181,221;201,221;181,222;180,222;
#4177:
>0:128,204;128,205;128,206;148,206;148,207;168,208;168,209;169,209;169,210;169,211;
#4178:
>0:188,160;189,160;190,161;170,161;171,161;172,162;152,162;151,162;131,162;132,163;112,163;112,164;131,164;130,164;129,164;128,164;147,164;146,164;147,164;128,164;129,164;130,164;131,164;112,164;113,165;113,166;113,167;
#4179:
>0:128,202;128,203;128,204;108,204;108,205;109,205;109,206;109,207;
#4180:
>0:209,162;208,162;209,163;209,164;209,165;
#4181:
>0:106,213;106,214;106,215;
#4182:
>0:145,161;145,162;165,162;165,163;164,163;164,164;163,164;162,165;182,165;181,165;201,166;200,166;
#4183:
>0:131,236;131,237;130,237;129,238;109,238;129,239;128,239;
#4184:
>0:263,203;263,204;262,204;262,205;261,205;261,206;241,206;240,206;240,207;240,208;220,208;220,209;221,209;221,210;221,211;
#4185:
>0:143,178;143,179;163,179;164,180;164,181;163,181;162,182;182,182;181,182;201,183;200,183;
#4186:
>0:127,235;127,236;127,237;
#4187:
>0:150,233;150,234;150,235;
#4188:
>0:131,220;131,221;131,222;111,222;111,223;112,223;112,224;132,224;132,225;151,225;152,225;172,225;171,226;170,226;190,226;190,227;210,227;230,227;230,228;250,228;251,228;251,229;252,229;253,229;274,229;274,230;275,230;276,230;276,231;277,231;278,231;278,232;279,232;
#4189:
>0:106,227;106,228;125,228;125,229;125,230;124,230;124,231;124,232;123,232;123,233;122,233;122,234;121,235;121,236;121,237;
#4190:
>0:127,159;127,160;127,161;
#4191:
>0:120,204;121,205;121,206;122,206;122,207;
#4192:
>0:143,217;143,218;143,219;144,219;164,219;164,220;144,220;165,221;166,222;146,222;146,223;146,224;
#4193:
>0:191,221;211,221;211,222;211,223;
#4194:
>0:145,234;145,235;145,236;
#4195:
>0:150,225;149,226;150,226;150,227;150,228;170,228;171,229;151,229;152,230;171,230;171,231;
#4196:
>0:129,183;129,184;130,185;150,185;150,186;150,187;171,188;172,188;171,188;171,189;170,189;190,189;189,189;189,190;188,190;187,190;186,191;185,191;184,191;163,192;162,192;162,193;142,193;142,194;141,194;141,195;161,195;161,196;
#4197:
>0:145,227;145,228;146,229;146,230;166,231;166,232;166,233;
#4198:
>0:108,217;108,218;108,219;
#4199:
>0:149,202;149,203;149,204;
#4200:
>0:106,210;126,210;126,211;126,212;
#4201:
>0:140,199;141,199;141,200;141,201;142,201;143,202;143,203;143,204;144,204;144,205;144,206;145,206;145,207;145,208;125,208;146,208;146,209;126,209;126,210;
#4202:
>0:145,219;145,220;145,221;
#4203:
>0:145,232;145,233;145,234;
#4204:
>0:128,217;128,218;128,219;
#4205:
>0:106,218;106,219;107,219;107,220;107,221;
#4206:
>0:146,239;
#4207:
>0:87,210;87,211;107,211;107,212;107,213;
#4208:
>0:124,172;124,173;123,174;122,174;142,175;142,176;123,176;124,176;125,176;106,176;107,176;88,176;89,176;88,176;107,176;106,176;125,176;144,176;143,176;142,176;162,177;163,177;163,178;163,179;183,179;182,180;182,181;182,182;
#4209:
>0:126,211;126,212;126,213;
#4210:
>0:146,214;146,215;146,216;
#4211:
>0:130,35;130,36;150,37;150,38;150,39;
#4212:
>0:150,207;150,208;150,209;
#4213:
>0:192,220;192,221;172,221;171,221;171,222;191,222;191,223;
#4214:
>0:108,173;108,174;108,175;
#4215:
>0:166,172;166,173;166,174;167,174;167,175;167,176;
#4216:
>0:148,204;147,204;147,205;148,205;148,206;149,207;149,208;150,208;150,209;150,210;170,210;171,210;151,211;152,211;151,212;171,212;171,213;171,214;
#4217:
>0:129,204;129,205;129,206;
#4218:
>0:110,0;109,0;109,1;109,2;108,2;108,3;128,3;128,4;128,5;
#4219:
>0:167,47;167,48;167,49;
#4220:
>0:124,0;123,0;122,1;121,1;121,2;120,2;
#4221:
>0:88,0;88,1;88,2;
#4222:
>0:128,107;128,108;127,108;128,109;148,109;148,110;168,110;168,111;188,111;189,111;189,112;190,112;210,113;230,113;250,114;251,114;250,114;250,115;249,115;248,115;268,115;267,116;266,116;265,116;284,116;263,117;262,117;261,117;281,118;
#4223:
>0:202,3;201,3;201,4;200,4;
#4224:
>0:211,0;210,0;211,0;211,1;211,2;
#4225:
>0:127,45;127,46;127,47;147,47;148,47;148,48;148,49;168,49;168,50;188,50;189,50;190,51;210,51;230,52;250,52;251,52;251,53;250,53;249,54;268,54;267,54;266,55;265,55;285,55;264,55;263,56;262,56;261,56;
#4226:
>0:104,0;105,0;105,1;106,1;86,1;87,2;107,2;88,2;108,2;109,3;89,3;90,3;111,4;111,5;
#4227:
>0:108,14;108,15;108,16;107,16;108,16;108,17;107,17;107,18;107,19;
#4228:
>0:107,18;108,19;108,20;128,20;128,21;128,22;
#4229:
>0:103,0;123,0;142,1;162,1;163,2;162,3;182,3;181,3;201,3;200,4;
#4230:
>0:131,17;131,18;130,18;130,19;130,20;150,21;150,22;171,22;171,23;170,23;190,23;189,24;188,24;187,24;187,25;186,25;185,25;184,26;163,26;163,27;182,27;181,27;201,28;200,28;
#4231:
>0:143,21;143,22;143,23;164,23;164,24;163,24;163,25;184,25;185,25;186,26;187,26;188,26;188,27;188,28;
#4232:
>0:167,5;166,6;165,7;165,8;165,9;
#4233:
>0:107,41;107,42;108,42;108,43;128,43;128,44;128,45;
#4234:
>0:128,0;128,1;128,2;
#4235:
>0:128,26;127,26;147,26;147,27;147,28;167,28;166,29;
#4236:
>0:184,27;184,28;164,28;165,29;185,30;
#4237:
>0:113,59;
#4238:
>0:125,0;124,1;123,1;122,2;121,2;121,3;120,3;
#4239:
>0:165,36;165,37;165,38;166,38;186,38;186,39;206,39;225,39;225,40;245,40;265,40;265,41;285,41;
#4240:
>0:120,51;121,51;121,52;122,52;122,53;123,53;123,54;124,54;124,55;124,56;123,56;122,57;123,57;103,57;103,58;103,59;83,59;83,60;103,61;
#4241:
>0:207,16;207,17;208,17;188,17;208,18;188,18;189,18;189,19;209,19;209,20;208,20;209,21;
#4242:
>0:106,0;125,0;125,1;124,1;124,2;123,2;123,3;122,3;122,4;142,4;142,5;142,6;
#4243:
>0:109,4;108,5;88,5;107,5;107,6;107,7;108,7;108,8;108,9;
#4244:
>0:122,0;122,1;142,2;162,3;163,3;184,3;185,4;186,4;187,4;188,5;188,6;189,6;189,7;209,7;209,8;229,8;229,9;229,10;
#4245:
>0:187,31;187,32;187,33;
#4246:
>0:148,37;148,38;148,39;128,39;128,40;128,41;
#4247:
>0:108,0;108,1;108,2;
#4248:
>0:164,4;164,5;144,5;144,6;165,6;166,7;146,7;146,8;
#4249:
>0:200,1;201,1;181,2;182,2;162,2;163,3;184,3;184,4;185,4;186,4;187,5;188,5;189,5;189,6;190,6;170,6;171,6;171,7;152,7;151,7;131,8;132,8;132,9;131,9;131,10;111,10;111,11;131,11;131,12;131,13;
#4250:
>0:108,0;109,1;129,2;130,2;130,3;131,3;131,4;131,5;
#4251:
>0:182,37;202,37;202,38;202,39;203,39;204,40;205,40;205,41;205,42;206,42;206,43;206,44;225,44;245,45;265,45;265,46;285,46;285,47;
#4252:
>0:149,27;150,27;150,28;150,29;
#4253:
>0:185,45;185,46;205,46;186,47;186,48;166,49;166,50;166,51;
#4254:
>0:107,32;107,33;107,34;
#4255:
>0:107,28;108,29;107,30;106,30;106,31;106,32;
#4256:
>0:131,42;111,43;111,44;112,44;112,45;132,45;132,46;131,46;151,46;152,46;172,47;171,47;170,48;190,48;210,49;230,49;250,50;251,50;250,51;249,51;268,52;267,52;266,52;265,53;284,53;264,53;263,53;262,54;281,54;
#4257:
>0:100,57;101,57;101,58;121,58;121,59;122,59;122,60;122,61;142,61;142,62;142,63;162,63;163,63;163,64;184,64;185,64;186,65;187,65;187,66;188,66;208,67;208,68;208,69;
#4258:
>0:180,44;201,44;181,45;182,45;162,45;163,46;162,46;142,47;122,47;122,48;122,49;
#4259:
>0:208,21;208,22;208,23;
#4260:
>0:133,0;134,0;153,0;153,1;173,2;172,2;172,3;171,3;170,4;190,4;189,4;188,5;189,5;189,6;209,6;209,7;209,8;208,8;209,8;209,9;
#4261:
>0:107,33;107,34;108,34;129,34;130,34;130,35;129,35;108,35;108,36;107,36;106,36;
#4262:
>0:107,11;107,12;87,12;107,12;88,12;108,13;109,13;89,14;90,14;111,14;111,15;112,15;112,16;132,16;132,17;133,17;
#4263:
>0:183,59;163,59;164,59;164,60;164,61;
#4264:
>0:247,5;247,6;247,7;
#4265:
>0:106,36;106,37;106,38;
#4266:
>0:172,66;172,67;171,67;171,68;170,68;190,68;189,68;188,69;187,69;186,70;185,70;184,70;184,71;163,71;162,71;162,72;142,72;122,73;
#4267:
>0:203,0;202,0;201,0;201,1;201,2;
#4268:
>0:188,6;188,7;188,8;189,8;190,9;170,9;171,9;172,10;152,10;151,10;131,10;132,11;131,12;111,13;111,14;111,15;
#4269:
>0:107,0;107,1;107,2;
#4270:
>0:141,43;141,44;121,44;121,45;121,46;
#4271:
>0:127,51;127,52;128,52;128,53;127,53;147,53;147,54;147,55;167,55;167,56;167,57;166,57;166,58;
#4272:
>0:107,83;107,84;107,85;108,85;108,86;107,87;127,87;128,88;127,88;128,88;148,89;
#4273:
>0:240,18;261,18;262,18;262,19;281,19;
#4274:
>0:185,8;185,9;205,9;205,10;206,10;206,11;207,11;207,12;208,12;208,13;209,13;209,14;
#4275:
>0:186,0;187,0;187,1;188,1;189,1;189,2;190,2;210,2;210,3;230,3;250,3;251,4;250,4;250,5;249,5;268,5;267,5;266,6;285,6;284,6;263,7;262,7;281,7;
#4276:
>0:185,54;185,55;185,56;
#4277:
>0:4,36;4,37;5,37;
#4278:
>0:130,50;130,51;130,52;
#4279:
>0:113,9;113,10;113,11;
#4280:
>0:148,4;148,5;149,5;149,6;129,6;129,7;109,7;109,8;108,9;108,10;108,11;
#4281:
>0:109,34;109,35;109,36;
#4282:
>0:281,32;261,32;261,33;240,33;
#4283:
>0:143,31;143,32;143,33;144,33;164,33;164,34;144,34;165,35;145,35;145,36;145,37;146,37;146,38;
#4284:
>0:146,53;146,54;147,54;147,55;148,55;148,56;147,56;128,56;128,57;127,57;
#4285:
>0:265,4;245,5;
#4286:
>0:145,73;145,74;165,74;165,75;165,76;164,76;164,77;163,77;162,77;182,78;181,78;201,79;180,79;
#4287:
>0:129,42;129,43;130,44;130,45;150,45;150,46;171,46;172,46;152,46;151,47;131,47;132,47;112,47;112,48;92,48;72,49;73,49;53,49;53,50;33,50;14,50;14,51;
#4288:
>0:108,8;108,9;108,10;107,10;127,10;127,11;128,11;128,12;148,12;129,12;130,12;149,12;168,13;168,14;188,14;188,15;189,16;189,17;209,17;209,18;209,19;208,19;209,19;209,20;209,21;
#4289:
>0:187,28;168,29;168,30;168,31;
#4290:
>0:108,0;107,0;107,1;106,1;125,1;125,2;125,3;124,3;124,4;123,4;123,5;122,5;121,6;120,6;120,7;
#4291:
>0:129,37;129,38;109,38;109,39;110,39;110,40;111,41;111,42;112,42;112,43;113,44;133,44;133,45;134,45;134,46;
#4292:
>0:152,34;152,35;132,35;131,36;151,36;152,36;172,36;171,37;170,37;190,37;189,38;188,38;189,39;189,40;189,41;
#4293:
>0:108,9;108,10;107,11;107,12;107,13;
#4294:
>0:127,7;127,8;127,9;
#4295:
>0:108,86;108,87;108,88;109,88;109,89;129,89;129,90;128,90;128,91;108,91;108,92;108,93;109,93;109,94;109,95;129,95;130,95;130,96;131,97;131,98;
#4296:
>0:128,17;128,18;148,18;148,19;168,19;188,20;187,20;186,21;206,21;206,22;225,22;245,23;265,23;266,24;265,24;285,25;284,25;263,25;262,25;262,26;261,26;281,26;
#4297:
>0:162,79;162,80;161,80;181,81;181,82;180,82;180,83;180,84;181,84;
#4298:
>0:108,51;108,52;108,53;
#4299:
>0:211,41;212,41;211,42;191,42;191,43;171,44;172,44;152,45;151,45;131,45;132,46;132,47;131,47;111,48;111,49;131,49;131,50;131,51;
#4300:
>0:276,81;275,82;295,82;295,83;295,84;275,84;275,85;276,85;276,86;276,87;277,87;277,88;276,88;276,89;276,90;275,90;274,91;273,91;253,91;252,91;251,92;250,92;230,93;210,93;210,94;190,94;189,95;188,95;188,96;168,96;168,97;168,98;
#4301:
>0:160,76;161,76;161,77;161,78;162,78;163,79;163,80;164,81;164,82;164,83;
#4302:
>0:148,44;148,45;148,46;128,46;128,47;127,47;148,47;169,47;190,47;211,47;211,48;190,48;169,48;148,48;127,48;147,48;146,48;146,49;126,49;126,50;126,51;
#4303:
>0:107,76;108,76;108,77;107,77;106,78;126,78;126,79;146,80;145,80;145,81;145,82;
#4304:
>0:127,68;127,69;128,69;128,70;128,71;
#4305:
>0:185,82;185,83;185,84;165,84;165,85;165,86;
#4306:
>0:180,0;
#4307:
>0:140,89;141,89;141,90;142,90;162,90;162,91;162,92;
#4308:
>0:107,92;108,93;108,94;128,94;128,95;129,95;129,96;129,97;
#4309:
>0:100,48;101,48;121,49;122,49;122,50;122,51;142,51;142,52;162,53;163,53;184,53;184,54;185,54;186,54;186,55;206,55;207,56;207,57;207,58;
#4310:
>0:244,8;224,8;224,9;225,9;225,10;226,10;226,11;246,11;247,11;228,11;229,11;230,11;230,12;229,12;228,12;247,12;247,13;248,13;248,14;249,14;249,15;269,15;269,16;270,17;270,18;271,18;292,19;
#4311:
>0:108,22;108,23;108,24;
#4312:
>0:208,86;188,86;188,87;189,87;189,88;209,88;209,89;209,90;229,90;229,91;229,92;209,93;209,94;208,95;208,96;208,97;188,97;187,98;188,98;188,99;188,100;
#4313:
>0:188,66;188,67;168,68;168,69;167,69;167,70;147,70;147,71;
#4314:
>0:107,73;107,74;107,75;
#4315:
>0:127,2;127,3;107,3;107,4;106,4;125,5;125,6;145,6;145,7;165,8;165,9;164,9;164,10;163,10;163,11;182,11;181,11;201,12;200,13;
#4316:
>0:162,7;162,8;163,8;163,9;163,10;162,10;182,10;181,10;201,11;200,11;
#4317:
>0:205,78;
#4318:
>0:148,37;148,38;148,39;149,39;149,40;150,40;130,41;130,42;130,43;
#4319:
>0:264,0;263,0;262,0;281,1;
#4320:
>0:111,27;111,28;112,28;112,29;112,30;92,30;91,31;71,31;70,31;69,32;48,32;47,32;46,32;46,33;25,33;25,34;5,34;
#4321:
>0:146,58;146,59;146,60;147,60;147,61;147,62;148,62;148,63;149,63;149,64;129,64;129,65;129,66;
#4322:
>0:168,40;169,40;168,41;168,42;188,42;189,43;190,43;170,43;171,44;152,44;131,45;132,45;112,45;92,46;91,46;71,46;70,47;49,47;49,48;49,49;48,49;48,50;
#4323:
>0:127,85;127,86;127,87;107,88;106,88;
#4324:
>0:153,43;153,44;173,45;172,45;172,46;171,46;171,47;171,48;170,48;150,49;149,49;149,50;148,51;147,52;147,53;147,54;127,54;147,54;146,54;146,55;145,56;145,57;145,58;
#4325:
>0:161,40;161,41;181,41;181,42;180,42;180,43;181,43;201,43;201,44;200,44;
#4326:
>0:166,61;166,62;186,62;186,63;187,63;188,64;189,64;190,64;190,65;210,65;230,65;230,66;250,66;251,66;271,66;292,67;
#4327:
>0:122,62;122,63;122,64;123,64;123,65;124,65;124,66;125,67;125,68;126,69;126,70;146,70;
#4328:
>0:167,43;167,44;167,45;
#4329:
>0:145,70;145,71;165,71;165,72;165,73;164,73;164,74;164,75;163,75;162,76;
#4330:
>0:184,90;184,91;185,91;205,91;205,92;205,93;206,93;206,94;206,95;225,95;245,95;245,96;265,96;266,96;266,97;265,97;285,98;284,98;263,98;262,99;261,99;281,99;
#4331:
>0:109,30;109,31;109,32;129,32;129,33;149,33;149,34;148,34;148,35;169,35;169,36;169,37;170,37;170,38;169,39;189,39;189,40;
#4332:
>0:131,33;131,34;111,34;111,35;112,35;112,36;132,36;131,37;152,37;171,37;171,38;170,38;190,38;189,38;189,39;188,39;187,39;186,40;185,40;184,40;163,41;162,41;142,41;142,42;122,42;123,42;103,43;103,44;104,44;84,44;84,45;
#4333:
>0:126,39;126,40;126,41;106,41;106,42;106,43;107,43;107,44;107,45;
#4334:
>0:146,24;146,25;145,25;145,26;165,26;165,27;166,27;166,28;186,28;206,29;207,29;207,30;207,31;208,31;208,32;209,32;209,33;
#4335:
>0:188,109;188,110;188,111;
#4336:
>0:109,7;109,8;109,9;
#4337:
>0:107,80;108,81;107,82;106,83;126,83;126,84;126,85;
#4338:
>0:213,51;213,52;213,53;
#4339:
>0:106,104;106,105;125,106;125,107;126,107;127,107;107,108;126,108;145,108;145,109;145,110;
#4340:
>0:129,58;109,59;129,59;129,60;129,61;149,61;149,62;169,63;169,64;168,65;188,65;188,66;168,66;188,66;
#4341:
>0:87,48;87,49;107,49;107,50;107,51;
#4342:
>0:171,82;171,83;171,84;172,85;172,86;172,87;
#4343:
>0:131,79;131,80;130,80;130,81;129,81;129,82;109,82;129,82;129,83;128,83;128,84;128,85;108,85;108,86;107,87;106,87;106,88;105,88;125,89;125,90;124,90;124,91;124,92;123,92;123,93;122,93;122,94;121,94;121,95;120,96;
#4344:
>0:145,107;145,108;
#4345:
>0:110,41;109,41;109,42;109,43;
#4346:
>0:122,84;122,85;122,86;
#4347:
>0:148,61;147,61;146,61;147,62;148,62;147,62;147,63;167,63;167,64;166,64;166,65;165,65;165,66;165,67;
#4348:
>0:140,27;141,28;141,29;142,29;142,30;122,30;123,30;103,30;103,31;104,32;84,32;85,32;85,33;65,33;65,34;46,34;46,35;66,35;66,36;66,37;
#4349:
>0:107,90;107,91;108,91;108,92;107,92;107,93;106,93;106,94;106,95;
#4350:
>0:168,44;168,45;167,46;167,47;187,47;187,48;186,48;185,49;184,49;183,49;163,50;183,50;183,51;182,51;182,52;181,52;
#4351:
>0:108,79;108,80;108,81;
#4352:
>0:113,94;113,95;112,96;111,97;90,97;90,98;109,98;108,99;88,99;88,100;87,100;107,100;107,101;107,102;
#4353:
>0:172,95;192,95;192,96;193,96;213,96;213,97;213,98;
#4354:
>0:152,42;151,43;152,43;151,43;171,44;171,45;170,45;150,46;149,46;149,47;149,48;148,48;148,49;148,50;
#4355:
>0:107,93;107,94;108,94;108,95;107,95;107,96;106,96;106,97;106,98;
#4356:
>0:109,89;109,90;129,90;130,91;130,92;131,92;131,93;131,94;
#4357:
>0:122,39;122,40;122,41;142,41;142,42;142,43;162,43;163,43;163,44;184,44;185,45;186,45;187,45;187,46;188,46;188,47;188,48;
#4358:
>0:189,24;189,25;189,26;169,26;169,27;170,27;169,27;170,27;170,28;170,29;
#4359:
>0:121,84;121,85;121,86;
#4360:
>0:191,63;190,63;190,64;209,65;209,66;208,66;208,67;188,67;188,68;189,68;189,69;169,70;169,71;170,72;170,73;150,73;150,74;
#4361:
>0:181,74;181,75;161,75;162,76;182,76;162,76;162,77;163,77;163,78;164,78;164,79;144,79;144,80;145,80;145,81;145,82;
#4362:
>0:107,92;107,93;108,93;108,94;108,95;107,95;107,96;107,97;
#4363:
>0:167,68;167,69;166,70;165,70;165,71;164,72;144,73;143,73;143,74;143,75;
#4364:
>0:129,77;129,78;130,78;150,79;150,80;150,81;
#4365:
>0:122,86;122,87;122,88;123,89;123,90;124,90;124,91;125,92;125,93;125,94;
#4366:
>0:108,30;108,31;108,32;107,32;107,33;127,33;128,34;127,34;128,34;148,34;148,35;168,35;168,36;188,36;189,36;190,37;210,37;230,38;250,38;251,38;251,39;250,39;249,40;268,40;267,40;266,41;265,41;284,41;263,41;263,42;262,42;261,42;281,42;
#4367:
>0:143,70;143,71;143,72;144,72;164,72;144,73;165,73;165,74;165,75;166,75;146,75;146,76;147,77;148,78;148,79;147,79;127,80;127,81;128,82;108,82;
#4368:
>0:134,48;134,49;133,49;134,49;134,50;153,50;153,51;172,51;172,52;172,53;171,53;171,54;170,54;170,55;170,56;
#4369:
>0:164,74;164,75;163,75;163,76;182,76;181,76;181,77;201,77;201,78;200,78;200,79;
#4370:
>0:113,59;113,60;133,60;133,61;133,62;
#4371:
>0:108,85;108,86;107,87;106,88;105,89;125,89;125,90;145,90;145,91;145,92;165,93;164,93;164,94;163,94;163,95;163,96;183,96;163,96;162,97;161,98;181,98;
#4372:
>0:150,34;150,35;170,35;171,35;172,35;152,35;152,36;151,36;132,36;112,37;92,37;72,38;73,38;53,38;33,39;14,39;
#4373:
>0:108,16;108,17;108,18;
#4374:
>0:166,86;165,87;165,88;165,89;
#4375:
>0:145,42;145,43;165,43;165,44;165,45;
#4376:
>0:106,61;106,62;126,62;126,63;126,64;
#4377:
>0:108,98;108,99;109,99;109,100;109,101;
#4378:
>0:212,43;213,44;214,44;194,45;193,46;173,46;
#4379:
>0:150,40;149,40;149,41;169,41;169,42;169,43;
#4380:
>0:185,63;185,64;185,65;186,65;185,65;185,66;205,66;186,66;186,67;186,68;
#4381:
>0:191,33;191,34;211,35;190,35;190,36;189,36;209,36;209,37;209,38;
#4382:
>0:110,103;109,103;109,104;109,105;
#4383:
>0:181,87;181,88;161,89;160,89;
#4384:
>0:152,86;152,87;132,88;112,89;113,90;93,90;93,91;73,91;73,92;74,92;74,93;
#4385:
>0:160,81;160,82;161,82;181,82;181,83;181,84;182,84;182,85;
#4386:
>0:107,99;107,100;108,100;108,101;107,101;107,102;106,102;106,103;
#4387:
>0:230,54;230,55;230,56;
#4388:
>0:108,53;108,54;107,54;107,55;107,56;106,56;106,57;126,57;106,58;106,59;
#4389:
>0:168,81;168,82;168,83;169,83;169,84;
#4390:
>0:140,91;141,91;141,92;141,93;161,93;161,94;162,94;162,95;
#4391:
>0:108,48;108,49;108,50;
#4392:
>0:149,62;149,63;149,64;169,64;169,65;169,66;
#4393:
>0:128,64;128,65;128,66;127,66;147,66;147,67;127,67;146,68;146,69;146,70;
#4394:
>0:143,84;143,85;143,86;
#4395:
>0:106,52;107,53;107,54;108,54;108,55;128,55;108,55;108,56;109,56;109,57;129,58;130,58;130,59;131,59;151,60;152,60;152,61;
#4396:
>0:185,96;185,97;186,97;186,98;185,98;184,99;163,99;163,100;162,100;142,100;142,101;142,102;
#4397:
>0:143,85;143,86;142,87;142,88;142,89;
#4398:
>0:240,75;261,75;242,75;223,75;224,75;205,75;206,75;187,75;188,75;169,75;150,75;150,76;149,76;149,77;148,77;148,78;147,78;147,79;167,79;166,79;166,80;146,80;146,81;145,82;
#4399:
>0:167,82;167,83;166,83;166,84;165,84;165,85;164,86;184,86;184,87;183,87;183,88;183,89;
#4400:
>0:150,93;150,94;150,95;
#4401:
>0:106,62;106,63;106,64;107,65;107,66;108,66;108,67;108,68;
#4402:
>0:121,73;121,74;121,75;
#4403:
>0:187,113;187,114;187,115;
#4404:
>0:106,61;106,62;106,63;
#4405:
>0:120,97;121,97;121,98;121,99;122,99;122,100;123,100;123,101;
#4406:
>0:124,116;124,117;125,117;125,118;125,119;126,119;126,120;126,121;
#4407:
>0:127,111;107,112;127,112;147,113;167,113;188,113;167,113;147,113;127,113;107,113;107,114;107,115;
#4408:
>0:188,83;188,84;188,85;
#4409:
>0:160,95;160,96;161,96;161,97;181,97;181,98;181,99;201,99;202,99;201,100;202,100;202,101;201,101;201,102;
#4410:
>0:191,105;191,106;191,107;171,107;170,108;190,108;190,109;170,109;169,109;169,110;169,111;168,111;168,112;188,112;188,113;168,113;187,114;187,115;186,116;166,116;166,117;165,117;165,118;165,119;
#4411:
>0:167,119;167,120;167,121;187,121;187,122;168,122;149,122;168,122;187,122;187,123;188,123;188,124;189,125;
#4412:
>0:146,27;146,28;145,28;145,29;145,30;124,31;125,31;125,32;124,32;124,33;
#4413:
>0:143,99;143,100;123,100;123,101;124,101;124,102;124,103;125,103;125,104;125,105;106,105;106,106;106,107;
#4414:
>0:145,88;145,89;145,90;
#4415:
>0:120,95;120,96;120,97;
#4416:
>0:146,121;146,122;145,122;165,123;165,124;165,125;
#4417:
>0:107,79;107,80;107,81;
#4418:
>0:160,56;160,57;161,57;181,58;180,58;180,59;180,60;201,60;201,61;200,61;
#4419:
>0:173,118;174,118;174,119;154,119;153,120;153,121;172,121;172,122;172,123;171,123;171,124;170,125;170,126;
#4420:
>0:145,130;145,131;125,131;146,132;126,132;126,133;127,133;127,134;127,135;147,135;147,136;128,136;127,136;128,137;128,138;128,139;
#4421:
>0:107,33;107,34;108,34;108,35;107,35;106,36;106,37;
#4422:
>0:103,61;103,62;103,63;123,63;124,63;124,64;124,65;
#4423:
>0:209,33;229,33;229,34;229,35;228,35;228,36;248,36;248,37;247,37;248,37;248,38;268,38;267,38;267,39;266,40;286,40;285,40;285,41;
#4424:
>0:160,82;160,83;161,83;161,84;162,84;162,85;163,86;163,87;164,87;164,88;144,88;145,89;145,90;145,91;
#4425:
>0:201,82;201,83;200,83;
#4426:
>0:145,80;145,81;145,82;
#4427:
>0:171,86;171,87;191,87;191,88;191,89;
#4428:
>0:107,107;107,108;108,108;108,109;107,110;106,110;106,111;105,111;125,111;125,112;125,113;
#4429:
>0:171,83;151,83;171,83;171,84;170,85;150,85;150,86;149,87;149,88;149,89;148,89;148,90;
#4430:
>0:143,78;143,79;123,79;144,79;144,80;144,81;145,81;145,82;145,83;
#4431:
>0:194,105;194,106;194,107;
#4432:
>0:148,83;148,84;128,84;128,85;128,86;127,86;128,86;127,86;127,87;107,87;107,88;107,89;108,89;108,90;109,91;109,92;
#4433:
>0:123,81;144,81;144,82;145,83;145,84;145,85;125,85;146,85;146,86;126,86;127,86;127,87;128,88;128,89;129,89;129,90;129,91;
#4434:
>0:128,94;127,94;127,95;127,96;147,97;146,97;146,98;145,98;145,99;145,100;
#4435:
>0:124,77;124,78;125,79;125,80;125,81;
#4436:
>0:107,105;107,106;107,107;
#4437:
>0:108,114;108,115;108,116;
#4438:
>0:121,107;121,108;121,109;
#4439:
>0:140,84;141,85;141,86;142,86;142,87;122,87;123,87;103,87;103,88;103,89;104,89;84,89;104,89;123,90;142,90;161,90;142,90;123,90;104,90;85,90;85,91;65,91;65,92;65,93;45,93;46,93;46,94;46,95;66,95;66,96;66,97;
#4440:
>0:203,96;183,97;202,97;182,97;183,98;183,99;184,99;184,100;184,101;164,101;165,102;165,103;165,104;
#4441:
>0:152,87;152,88;151,88;152,88;152,89;171,89;171,90;170,91;150,91;150,92;149,92;149,93;148,94;148,95;147,96;167,96;167,97;166,97;166,98;165,99;165,100;165,101;
#4442:
>0:130,99;130,100;130,101;129,101;129,102;129,103;
#4443:
>0:127,145;127,146;
#4444:
>0:108,80;108,81;108,82;
#4445:
>0:165,68;165,69;165,70;
#4446:
>0:143,84;143,85;143,86;163,86;164,87;164,88;164,89;
#4447:
>0:107,80;107,81;108,81;108,82;107,82;106,83;106,84;105,84;125,84;125,85;125,86;
#4448:
>0:171,51;191,52;191,53;190,54;189,54;209,55;209,56;209,57;
#4449:
>0:211,102;211,103;210,104;230,105;210,105;210,106;211,106;211,107;211,108;
#4450:
>0:181,104;181,105;181,106;201,106;181,106;181,107;201,107;201,108;200,109;
#4451:
>0:87,118;86,118;106,118;106,119;105,119;105,120;104,120;104,121;124,121;125,121;125,122;125,123;
#4452:
>0:120,129;
#4453:
>0:161,81;161,82;181,82;161,82;160,82;160,83;160,84;
#4454:
>0:208,111;188,111;189,111;189,112;189,113;
#4455:
>0:107,80;107,81;108,81;108,82;107,82;106,83;106,84;105,84;125,84;125,85;125,86;124,86;124,87;123,87;122,88;123,88;103,88;103,89;84,89;64,89;44,90;24,90;25,90;25,91;26,91;27,91;8,91;8,92;28,92;28,93;29,94;9,94;9,95;10,95;10,96;
#4456:
>0:108,111;108,112;108,113;
#4457:
>0:145,108;145,109;145,110;
#4458:
>0:171,116;170,116;170,117;169,118;169,119;169,120;
#4459:
>0:106,136;106,137;126,137;126,138;146,139;145,140;146,140;146,141;
#4460:
>0:171,70;151,70;171,70;171,71;170,71;170,72;150,72;150,73;150,74;130,74;129,74;129,75;130,75;151,75;152,75;173,75;174,75;195,75;195,76;174,76;173,76;152,76;151,76;130,76;129,76;129,77;109,77;109,78;108,78;108,79;108,80;107,80;107,81;107,82;127,82;128,83;
#4461:
>0:131,126;131,127;130,127;130,128;130,129;
#4462:
>0:124,59;124,60;123,60;123,61;142,61;142,62;142,63;162,63;162,64;163,64;163,65;164,65;164,66;
#4463:
>0:129,94;129,95;129,96;
#4464:
>0:122,98;122,99;122,100;142,100;142,101;142,102;
#4465:
>0:122,141;122,142;123,142;123,143;124,144;124,145;125,145;125,146;125,147;
#4466:
>0:127,105;128,105;128,106;128,107;129,107;129,108;149,108;149,109;149,110;
#4467:
>0:149,101;149,102;149,103;148,103;169,103;170,103;171,103;172,103;173,103;174,103;195,103;196,104;197,104;196,104;195,104;174,104;173,104;172,104;171,104;170,104;169,104;148,104;148,105;148,106;168,106;168,107;188,107;188,108;188,109;187,109;187,110;186,111;185,112;184,112;184,113;163,113;162,113;142,114;122,114;123,114;123,115;103,115;103,116;103,117;
#4468:
>0:152,85;152,86;151,86;151,87;151,88;150,88;150,89;150,90;
#4469:
>0:129,120;129,121;129,122;
#4470:
>0:129,76;129,77;129,78;
#4471:
>0:129,97;129,98;128,98;107,98;128,98;129,98;129,99;130,99;150,100;150,101;150,102;149,102;149,103;148,103;148,104;148,105;
#4472:
>0:212,107;212,108;213,109;214,110;214,111;215,111;195,111;195,112;196,113;176,113;176,114;177,114;177,115;178,115;178,116;158,117;138,117;138,118;139,119;119,119;119,120;
#4473:
>0:140,96;141,96;141,97;142,98;143,98;143,99;143,100;
#4474:
>0:200,37;201,37;201,38;201,39;202,39;202,40;203,40;204,41;204,42;205,42;205,43;206,43;207,44;207,45;207,46;208,46;208,47;209,47;
#4475:
>0:146,126;146,127;146,128;166,128;166,129;166,130;
#4476:
>0:108,129;108,130;107,131;106,132;105,132;125,133;125,134;145,134;145,135;145,136;
#4477:
>0:107,112;107,113;107,114;
#4478:
>0:209,94;209,95;209,96;
#4479:
>0:149,102;169,102;169,103;169,104;
#4480:
>0:162,114;161,115;181,115;181,116;160,116;
#4481:
>0:143,107;143,108;163,108;163,109;163,110;
#4482:
>0:141,112;141,113;141,114;
#4483:
>0:121,122;121,123;121,124;
#4484:
>0:107,121;107,122;108,122;107,123;106,123;105,124;125,124;125,125;125,126;
#4485:
>0:148,83;148,84;148,85;128,85;127,85;127,86;127,87;107,87;107,88;
#4486:
>0:145,107;165,107;165,108;146,109;146,110;147,110;147,111;147,112;
#4487:
>0:125,123;125,124;125,125;
#4488:
>0:126,111;126,112;126,113;
#4489:
>0:106,95;106,96;106,97;107,98;107,99;107,100;
#4490:
>0:120,128;121,129;121,130;101,130;101,131;102,131;122,131;102,132;103,132;123,133;104,133;104,134;105,134;105,135;106,135;106,136;106,137;
#4491:
>0:182,100;162,101;162,102;162,103;141,103;142,104;142,105;143,106;143,107;143,108;
#4492:
>0:149,101;149,102;129,102;128,103;128,104;128,105;
#4493:
>0:167,84;167,85;167,86;166,86;166,87;165,88;165,89;165,90;164,90;164,91;144,91;144,92;143,92;143,93;143,94;142,94;142,95;141,95;141,96;141,97;140,97;140,98;
#4494:
>0:145,55;145,56;145,57;
#4495:
>0:143,121;143,122;143,123;123,123;123,124;124,124;124,125;124,126;125,126;125,127;125,128;126,128;126,129;126,130;
#4496:
>0:87,124;107,124;107,125;107,126;
#4497:
>0:181,53;181,54;182,54;162,55;163,55;163,56;184,56;185,57;186,57;187,58;187,59;186,59;
#4498:
>0:146,151;146,152;126,152;126,153;126,154;
#4499:
>0:145,127;125,127;125,128;125,129;
#4500:
>0:209,144;209,145;209,146;
#4501:
>0:165,132;165,133;165,134;
#4502:
>0:166,151;166,152;166,153;146,153;147,154;148,155;148,156;149,157;149,158;150,158;150,159;
#4503:
>0:127,69;127,70;147,71;148,71;148,72;168,72;168,73;188,73;188,74;187,74;187,75;186,75;206,76;205,77;205,78;
#4504:
>0:162,108;162,109;161,109;161,110;160,110;160,111;161,111;181,112;180,112;180,113;180,114;
#4505:
>0:125,29;125,30;125,31;
#4506:
>0:171,103;170,103;170,104;169,104;169,105;169,106;149,107;149,108;149,109;
#4507:
>0:171,108;151,109;151,110;151,111;
#4508:
>0:191,87;190,88;190,89;190,90;
#4509:
>0:202,79;201,79;201,80;181,80;182,81;162,81;163,81;162,82;142,82;142,83;122,83;122,84;122,85;
#4510:
>0:160,141;160,142;180,143;
#4511:
>0:121,125;121,126;141,127;141,128;161,129;161,130;162,130;162,131;163,131;182,132;182,133;
#4512:
>0:129,88;129,89;130,89;130,90;130,91;131,91;151,91;151,92;152,92;132,93;132,94;133,94;133,95;153,95;154,95;154,96;155,96;135,96;136,96;136,97;137,97;117,97;117,98;98,98;79,99;
#4513:
>0:209,118;209,119;209,120;189,120;189,121;189,122;188,122;188,123;188,124;
#4514:
>0:171,118;151,118;171,118;171,119;170,119;170,120;150,120;150,121;149,121;149,122;149,123;148,123;148,124;148,125;
#4515:
>0:209,54;209,55;209,56;229,56;228,56;228,57;228,58;
#4516:
>0:145,120;145,121;145,122;
#4517:
>0:164,128;164,129;163,129;163,130;163,131;164,131;164,132;144,133;165,133;165,134;165,135;
#4518:
>0:149,164;149,165;150,165;151,165;152,165;
#4519:
>0:126,106;126,107;126,108;
#4520:
>0:127,79;127,80;127,81;128,82;128,83;108,83;108,84;109,84;109,85;109,86;
#4521:
>0:148,75;148,76;147,76;147,77;127,77;128,77;127,78;107,79;106,80;106,81;
#4522:
>0:209,131;209,132;209,133;189,133;189,134;188,134;188,135;188,136;
#4523:
>0:160,121;160,122;160,123;
#4524:
>0:180,132;201,132;201,133;181,133;181,134;182,134;162,135;163,135;162,136;142,136;142,137;142,138;
#4525:
>0:127,91;127,92;107,92;106,93;105,93;125,94;125,95;124,96;124,97;124,98;
#4526:
>0:107,107;107,108;108,108;108,109;107,110;127,110;127,111;128,111;128,112;127,112;128,112;148,113;148,114;168,114;168,115;188,115;188,116;188,117;187,117;187,118;
#4527:
>0:145,99;145,100;145,101;
#4528:
>0:187,164;187,165;207,165;207,166;
#4529:
>0:145,125;145,126;144,126;144,127;144,128;143,128;143,129;143,130;142,130;142,131;141,132;141,133;160,133;
#4530:
>0:185,93;185,94;186,94;186,95;185,95;185,96;184,96;184,97;163,97;162,97;162,98;142,98;142,99;141,99;141,100;141,101;140,101;
#4531:
>0:131,108;131,109;131,110;130,110;130,111;130,112;129,112;129,113;129,114;109,114;129,114;129,115;128,115;128,116;128,117;
#4532:
>0:143,121;143,122;142,122;142,123;142,124;141,124;141,125;140,125;160,126;
#4533:
>0:263,116;263,117;263,118;
#4534:
>0:107,100;108,100;108,101;107,102;106,102;106,103;105,103;125,104;125,105;125,106;124,106;124,107;123,107;123,108;122,108;122,109;121,109;121,110;121,111;120,111;
#4535:
>0:122,112;122,113;122,114;
#4536:
>0:129,105;129,106;129,107;128,107;128,108;128,109;108,110;108,111;107,111;106,112;106,113;
#4537:
>0:132,58;152,59;152,60;151,60;150,61;130,61;130,62;130,63;129,63;109,64;129,64;109,64;109,65;108,65;108,66;108,67;
#4538:
>0:100,77;101,77;101,78;102,79;103,79;103,80;104,80;104,81;104,82;105,82;105,83;106,83;106,84;
#4539:
>0:143,132;143,133;143,134;
#4540:
>0:146,116;146,117;145,117;145,118;145,119;
#4541:
>0:128,146;128,147;128,148;
#4542:
>0:182,94;182,95;162,95;162,96;163,96;163,97;163,98;
#4543:
>0:108,102;108,103;108,104;128,104;128,105;128,106;
#4544:
>0:131,90;111,90;111,91;112,91;112,92;112,93;132,93;131,93;151,94;152,94;152,95;172,95;172,96;171,96;171,97;170,98;190,98;189,99;189,100;188,100;188,101;188,102;
#4545:
>0:108,123;108,124;108,125;
#4546:
>0:107,122;107,123;108,123;108,124;107,125;106,126;125,127;125,128;145,128;145,129;145,130;
#4547:
>0:108,168;108,169;
#4548:
>0:108,131;108,132;108,133;
#4549:
>0:107,132;107,133;108,133;108,134;107,135;106,136;106,137;105,137;125,137;125,138;125,139;
#4550:
>0:165,124;165,125;164,125;184,125;184,126;183,126;183,127;183,128;203,128;
#4551:
>0:107,143;107,144;108,145;107,145;107,146;106,147;105,147;125,148;125,149;145,150;145,151;
#4552:
>0:165,146;165,147;165,148;
#4553:
>0:107,146;107,147;107,148;
#4554:
>0:160,138;160,139;160,140;161,140;161,141;162,141;162,142;162,143;163,143;163,144;143,144;
#4555:
>0:174,66;174,67;173,67;173,68;194,68;194,69;194,70;214,70;213,70;213,71;212,71;211,71;211,72;210,72;210,73;230,73;250,74;251,74;250,75;249,75;268,75;267,76;266,76;285,76;264,76;263,77;262,77;281,77;
#4556:
>0:122,138;122,139;141,139;141,140;141,141;140,141;140,142;
#4557:
>0:70,78;70,79;50,79;70,79;71,79;70,80;70,81;71,81;71,82;70,82;71,82;92,83;112,83;112,84;132,84;132,85;131,85;151,85;152,85;152,86;172,86;171,86;171,87;170,88;190,88;189,89;188,89;187,90;186,90;186,91;186,92;166,92;165,93;165,94;165,95;
#4558:
>0:107,158;108,158;108,159;107,159;107,160;106,160;106,161;
#4559:
>0:107,138;107,139;107,140;
#4560:
>0:170,116;170,117;170,118;150,118;150,119;149,119;149,120;148,120;148,121;148,122;
#4561:
>0:204,113;205,113;205,114;185,114;185,115;185,116;165,116;165,117;165,118;
#4562:
>0:205,121;205,122;206,122;205,122;185,123;185,124;205,124;205,125;205,126;
#4563:
>0:152,134;152,135;151,135;152,135;152,136;171,136;172,136;172,137;173,137;173,138;193,138;194,138;194,139;194,140;
#4564:
>0:145,102;145,103;124,103;124,104;123,104;123,105;122,105;123,105;103,106;103,107;104,107;104,108;105,108;106,109;86,109;86,110;66,111;67,111;67,112;67,113;
#4565:
>0:149,51;149,52;149,53;169,53;169,54;169,55;
#4566:
>0:126,94;126,95;126,96;
#4567:
>0:145,155;145,156;145,157;
#4568:
>0:109,146;109,147;109,148;110,148;110,149;111,149;111,150;131,150;131,151;131,152;
#4569:
>0:108,125;128,125;128,126;128,127;129,127;129,128;149,129;149,130;
#4570:
>0:172,117;172,118;172,119;171,119;171,120;171,121;
#4571:
>0:169,124;169,125;169,126;
#4572:
>0:106,73;106,74;107,74;107,75;127,76;128,76;108,76;109,77;109,78;129,78;129,79;130,80;150,80;150,81;150,82;170,82;171,82;171,83;191,83;191,84;212,85;211,85;211,86;211,87;
#4573:
>0:123,135;123,136;124,136;124,137;124,138;
#4574:
>0:107,121;87,121;87,122;86,122;106,122;106,123;105,123;105,124;104,124;124,125;125,125;125,126;
#4575:
>0:134,44;135,44;135,45;155,45;156,46;156,47;176,47;176,48;177,49;197,49;197,50;
#4576:
>0:131,113;131,114;111,114;111,115;112,115;112,116;132,117;132,118;132,119;
#4577:
>0:143,134;143,135;142,135;142,136;142,137;141,137;141,138;161,138;161,139;160,139;160,140;
#4578:
>0:207,151;187,151;187,152;186,152;186,153;185,153;184,153;184,154;163,154;162,154;142,155;122,155;122,156;123,156;124,157;124,158;124,159;
#4579:
>0:148,151;148,152;148,153;
#4580:
>0:146,120;146,121;126,122;126,123;127,123;127,124;127,125;107,126;107,127;107,128;
#4581:
>0:148,146;148,147;148,148;
#4582:
>0:200,147;201,148;201,149;201,150;
#4583:
>0:106,117;126,118;126,119;126,120;
#4584:
>0:124,96;124,97;125,97;125,98;125,99;
#4585:
>0:152,113;152,114;151,115;171,115;171,116;171,117;
#4586:
>0:145,56;145,57;145,58;
#4587:
>0:124,139;124,140;124,141;
#4588:
>0:173,103;174,103;174,104;154,104;153,105;173,105;173,106;153,106;153,107;152,107;152,108;173,109;152,109;151,109;151,110;150,110;150,111;130,112;130,113;130,114;
#4589:
>0:162,122;162,123;163,124;164,125;164,126;144,126;144,127;165,127;165,128;146,129;147,130;148,131;147,131;146,131;165,131;164,131;163,131;162,131;163,131;164,131;165,131;146,132;147,132;148,132;128,133;128,134;127,134;127,135;
#4590:
>0:87,150;87,151;86,151;106,151;106,152;105,152;105,153;104,153;104,154;103,155;102,156;
#4591:
>0:122,92;122,93;122,94;
#4592:
>0:206,128;206,129;207,129;187,130;188,131;208,131;188,131;188,132;189,132;189,133;209,133;209,134;190,134;
#4593:
>0:108,97;108,98;108,99;
#4594:
>0:129,110;129,111;129,112;
#4595:
>0:107,79;107,80;127,80;127,81;128,81;127,81;128,82;148,82;168,83;168,84;188,84;189,84;189,85;190,85;190,86;210,86;230,86;250,87;251,87;250,88;249,88;268,88;267,89;266,89;265,89;284,90;263,90;262,90;262,91;281,91;
#4596:
>0:180,131;181,131;201,132;200,133;
#4597:
>0:148,140;148,141;149,141;149,142;149,143;
#4598:
>0:181,166;181,167;160,167;160,168;
#4599:
>0:167,136;167,137;166,138;186,138;186,139;187,139;187,140;188,141;208,141;188,142;189,142;189,143;209,144;208,144;209,145;
#4600:
>0:185,163;165,163;165,164;165,165;
#4601:
>0:109,152;109,153;109,154;
#4602:
>0:122,117;122,118;122,119;
#4603:
>0:122,162;122,163;121,163;121,164;121,165;101,165;102,165;102,166;103,166;123,167;104,167;104,168;105,168;105,169;106,169;106,170;106,171;86,171;87,172;87,173;
#4604:
>0:128,114;128,115;108,115;108,116;107,117;106,118;106,119;
#4605:
>0:126,157;126,158;126,159;
#4606:
>0:111,112;131,113;131,114;111,114;111,115;112,115;112,116;113,117;93,117;93,118;73,118;74,119;54,119;55,119;55,120;56,120;56,121;57,121;57,122;57,123;
#4607:
>0:131,82;131,83;111,83;111,84;112,84;112,85;132,85;132,86;131,86;151,86;152,86;172,87;171,87;171,88;170,88;170,89;190,89;210,90;230,90;250,91;251,91;250,92;249,92;268,92;267,93;266,93;265,93;285,93;264,94;263,94;262,94;261,95;281,95;
#4608:
>0:148,139;148,140;148,141;128,141;128,142;128,143;127,143;128,143;128,144;127,144;
#4609:
>0:167,102;167,103;166,103;166,104;166,105;186,105;186,106;206,106;225,107;245,107;245,108;265,108;266,108;266,109;266,110;267,111;267,112;287,112;287,113;288,114;288,115;287,115;287,116;267,117;267,118;247,119;247,120;247,121;
#4610:
>0:148,133;148,134;169,134;169,135;169,136;
#4611:
>0:131,144;131,145;111,145;111,146;112,147;112,148;132,148;132,149;132,150;131,150;151,151;151,152;151,153;
#4612:
>0:120,138;121,138;121,139;121,140;122,140;123,141;124,142;124,143;125,143;125,144;105,145;106,145;106,146;
#4613:
>0:187,156;187,157;187,158;188,158;208,158;208,159;208,160;
#4614:
>0:191,131;191,132;170,133;169,134;169,135;168,136;169,136;168,136;168,137;
#4615:
>0:166,131;186,131;166,132;166,133;165,133;165,134;165,135;
#4616:
>0:205,137;205,138;185,138;185,139;185,140;
#4617:
>0:202,134;202,135;201,136;201,137;200,137;
#4618:
>0:113,171;113,172;113,173;112,173;112,174;111,174;111,175;131,176;
#4619:
>0:122,141;122,142;142,142;142,143;122,143;123,143;103,144;83,144;84,144;64,145;63,145;63,146;44,146;44,147;
#4620:
>0:181,139;181,140;182,140;182,141;162,141;163,141;163,142;163,143;
#4621:
>0:122,100;122,101;122,102;123,102;123,103;124,103;124,104;124,105;125,105;125,106;125,107;
#4622:
>0:162,156;162,157;162,158;142,158;142,159;142,160;122,160;122,161;122,162;
#4623:
>0:125,72;125,73;145,73;145,74;145,75;
#4624:
>0:131,40;131,41;111,42;112,43;112,44;132,44;131,44;152,45;172,45;171,45;171,46;170,46;190,46;189,46;188,47;187,47;186,48;185,48;184,48;165,48;166,48;167,48;148,48;129,48;130,49;131,49;130,49;129,49;148,49;147,49;146,49;165,49;184,49;163,49;163,50;162,50;182,50;182,51;181,51;201,51;200,51;
#4625:
>0:181,86;181,87;181,88;182,88;162,89;163,89;163,90;184,90;185,90;186,91;206,91;206,92;207,92;207,93;207,94;208,94;208,95;208,96;
#4626:
>0:166,159;166,160;166,161;
#4627:
>0:209,100;209,101;209,102;
#4628:
>0:201,78;201,79;221,79;222,80;222,81;202,82;202,83;202,84;
#4629:
>0:147,94;147,95;147,96;148,96;168,96;168,97;188,97;189,97;190,98;210,98;210,99;230,99;250,99;251,100;252,100;253,100;274,101;275,101;276,101;276,102;277,102;278,102;279,103;
#4630:
>0:108,113;108,114;108,115;
#4631:
>0:165,134;165,135;165,136;
#4632:
>0:187,131;187,132;187,133;
#4633:
>0:107,111;107,112;87,113;107,113;108,114;109,114;89,115;90,115;111,115;111,116;112,116;112,117;132,117;132,118;132,119;
#4634:
>0:106,144;107,144;107,145;107,146;127,147;127,148;127,149;
#4635:
>0:207,166;207,167;187,168;188,168;188,169;189,169;190,170;210,170;230,171;250,171;251,171;251,172;250,172;249,172;268,172;267,173;266,173;285,173;264,173;263,173;262,174;261,174;
#4636:
>0:180,157;180,158;201,158;201,159;202,159;202,160;202,161;
#4637:
>0:143,146;143,147;143,148;
#4638:
>0:169,156;169,157;168,158;169,158;168,158;168,159;188,160;188,161;187,161;186,161;186,162;185,162;184,163;163,163;162,164;142,164;142,165;141,165;141,166;121,166;121,167;
#4639:
>0:108,184;108,185;
#4640:
>0:140,101;141,101;141,102;142,103;142,104;143,104;143,105;143,106;
#4641:
>0:173,130;174,131;154,131;154,132;153,132;173,132;173,133;173,134;
#4642:
>0:131,122;131,123;130,123;130,124;150,125;130,125;130,126;129,126;129,127;129,128;109,128;129,129;128,130;128,131;108,132;107,132;106,133;125,133;125,134;125,135;
#4643:
>0:181,39;181,40;182,40;182,41;162,41;163,41;163,42;164,42;144,43;145,43;145,44;145,45;125,45;125,46;125,47;105,47;106,47;106,48;107,49;107,50;108,50;108,51;128,52;
#4644:
>0:181,114;181,115;201,116;202,116;202,117;202,118;
#4645:
>0:185,107;185,108;185,109;205,109;186,109;186,110;186,111;187,111;187,112;188,112;188,113;189,113;190,114;170,114;171,114;171,115;171,116;191,117;191,118;
#4646:
>0:148,145;148,146;148,147;
#4647:
>0:131,147;131,148;111,148;131,148;131,149;131,150;
#4648:
>0:106,160;106,161;126,161;126,162;126,163;
#4649:
>0:108,154;108,155;108,156;
#4650:
>0:108,99;108,100;108,101;
#4651:
>0:145,159;145,160;165,160;165,161;164,161;164,162;163,162;163,163;182,163;181,163;181,164;201,164;200,164;
#4652:
>0:131,119;131,120;130,120;130,121;130,122;129,122;109,123;129,123;128,123;128,124;108,124;108,125;108,126;107,126;106,126;105,127;125,127;125,128;125,129;124,129;124,130;124,131;
#4653:
>0:129,167;129,168;129,169;128,169;128,170;128,171;
#4654:
>0:209,134;208,134;208,135;188,135;188,136;188,137;187,137;187,138;186,138;186,139;185,139;184,140;163,140;162,141;142,141;142,142;141,142;141,143;141,144;
#4655:
>0:211,130;211,131;211,132;212,132;232,133;232,134;232,135;
#4656:
>0:122,172;122,173;123,173;123,174;124,174;124,175;124,176;125,176;125,177;125,178;
#4657:
>0:148,125;148,126;149,126;149,127;149,128;
#4658:
>0:108,116;108,117;107,117;107,118;108,118;108,119;107,120;127,120;127,121;128,122;127,122;128,123;148,123;148,124;168,124;168,125;168,126;188,126;188,127;188,128;189,128;189,129;209,130;
#4659:
>0:181,126;181,127;181,128;182,128;162,129;163,129;163,130;184,130;185,131;186,131;187,132;188,132;189,132;189,133;190,133;170,133;171,133;171,134;172,134;152,134;151,134;131,135;132,135;132,136;131,136;131,137;111,137;111,138;111,139;131,139;131,140;131,141;
#4660:
>0:125,124;124,124;124,125;124,126;
#4661:
>0:190,163;209,164;189,164;189,165;188,165;188,166;188,167;168,167;188,167;188,168;188,169;
#4662:
>0:144,157;144,158;164,158;164,159;164,160;
#4663:
>0:107,114;107,115;108,115;108,116;108,117;107,117;106,118;126,118;126,119;126,120;
#4664:
>0:121,154;121,155;121,156;
#4665:
>0:123,167;103,167;123,168;103,168;102,168;122,168;122,169;122,170;123,170;123,171;
#4666:
>0:148,113;148,114;148,115;
#4667:
>0:107,141;107,142;107,143;127,143;127,144;128,144;128,145;127,145;127,146;147,146;147,147;148,148;148,149;
#4668:
>0:209,131;209,132;189,132;189,133;189,134;169,135;169,136;169,137;
#4669:
>0:131,100;131,101;130,101;130,102;130,103;
#4670:
>0:202,91;182,91;182,92;202,92;202,93;202,94;201,94;201,95;181,95;201,95;201,96;180,96;
#4671:
>0:168,152;168,153;148,153;148,154;148,155;
#4672:
>0:127,151;127,152;147,152;146,152;146,153;145,153;145,154;145,155;
#4673:
>0:189,161;189,162;189,163;
#4674:
>0:107,158;108,159;108,160;107,160;107,161;106,161;105,162;125,162;125,163;125,164;
#4675:
>0:129,147;129,148;128,148;128,149;128,150;127,150;127,151;107,151;107,152;107,153;
#4676:
>0:145,178;144,178;144,179;143,179;143,180;143,181;142,181;142,182;142,183;141,183;141,184;140,184;160,184;160,185;
#4677:
>0:150,165;150,166;170,166;171,166;172,166;172,167;171,167;171,168;170,168;190,169;189,169;188,170;187,170;187,171;186,171;186,172;185,172;185,173;184,173;184,174;163,174;163,175;183,175;183,176;163,176;162,176;162,177;162,178;
#4678:
>0:127,152;
#4679:
>0:147,153;127,154;128,154;127,154;127,155;107,155;106,156;126,156;126,157;126,158;
#4680:
>0:148,165;148,166;148,167;
#4681:
>0:107,173;87,174;106,174;106,175;105,175;105,176;104,176;104,177;123,177;103,177;103,178;102,178;122,178;122,179;122,180;
#4682:
>0:120,144;
#4683:
>0:131,126;131,127;130,127;130,128;130,129;129,130;129,131;128,132;108,133;108,134;107,134;106,135;105,135;125,136;125,137;125,138;
#4684:
>0:127,73;127,74;127,75;128,75;127,75;127,76;127,77;
#4685:
>0:148,118;148,119;148,120;
#4686:
>0:121,167;121,168;120,169;
#4687:
>0:162,112;162,113;163,114;163,115;163,116;
#4688:
>0:186,120;
#4689:
>0:106,173;126,173;126,174;146,175;145,175;145,176;145,177;165,177;165,178;165,179;164,179;164,180;163,180;163,181;163,182;
#4690:
>0:160,182;160,183;161,183;161,184;162,184;162,185;163,185;164,186;144,186;145,187;145,188;146,189;145,189;
#4691:
>0:107,122;107,123;108,123;108,124;107,125;127,125;127,126;127,127;128,127;127,127;128,128;148,128;148,129;168,130;168,131;188,131;188,132;188,133;
#4692:
>0:106,129;106,130;126,130;126,131;126,132;
#4693:
>0:193,127;193,128;192,129;192,130;191,130;191,131;171,131;170,132;170,133;169,133;169,134;169,135;149,135;148,136;148,137;148,138;
#4694:
>0:146,144;146,145;146,146;147,146;147,147;148,147;148,148;148,149;
#4695:
>0:171,122;171,123;171,124;
#4696:
>0:122,157;122,158;122,159;
#4697:
>0:120,161;121,162;122,162;122,163;122,164;142,164;142,165;142,166;162,166;163,166;163,167;184,167;185,167;185,168;186,168;187,168;188,169;189,169;190,169;170,170;171,170;172,171;151,171;151,172;
#4698:
>0:123,151;123,152;123,153;
#4699:
>0:127,151;127,152;128,152;127,153;128,153;148,153;148,154;168,154;168,155;188,155;188,156;188,157;187,157;186,158;185,158;184,158;184,159;163,159;162,160;142,160;142,161;142,162;141,162;141,163;140,163;
#4700:
>0:122,138;122,139;122,140;121,140;120,141;120,142;
#4701:
>0:120,156;120,157;120,158;140,158;140,159;141,159;141,160;141,161;142,161;142,162;142,163;
#4702:
>0:120,125;
#4703:
>0:108,126;108,127;108,128;
#4704:
>0:108,176;108,177;108,178;
#4705:
>0:125,177;125,178;125,179;
#4706:
>0:166,152;166,153;166,154;146,154;146,155;145,155;145,156;145,157;
#4707:
>0:126,198;126,199;126,200;
#4708:
>0:108,152;107,152;107,153;106,153;105,154;125,154;125,155;124,156;124,157;123,157;123,158;122,158;122,159;122,160;121,160;121,161;121,162;
#4709:
>0:143,106;143,107;163,107;163,108;163,109;
#4710:
>0:143,135;143,136;143,137;163,138;163,139;163,140;
#4711:
>0:209,117;209,118;209,119;
#4712:
>0:145,173;145,174;145,175;
#4713:
>0:148,195;148,196;147,196;127,197;127,198;127,199;
#4714:
>0:162,132;162,133;163,133;163,134;163,135;
#4715:
>0:127,112;107,112;107,113;106,113;105,113;125,113;125,114;125,115;
#4716:
>0:106,150;106,151;106,152;
#4717:
>0:145,169;165,170;165,171;164,171;164,172;144,172;144,173;143,173;143,174;143,175;
#4718:
>0:145,167;145,168;145,169;144,169;144,170;143,171;143,172;142,172;142,173;141,174;141,175;141,176;
#4719:
>0:187,94;187,95;187,96;
#4720:
>0:162,161;162,162;162,163;163,163;163,164;163,165;
#4721:
>0:128,190;128,191;128,192;
#4722:
>0:107,160;87,161;107,161;88,161;88,162;88,163;
#4723:
>0:187,160;187,161;187,162;186,162;185,163;185,164;184,164;184,165;163,165;162,165;162,166;142,166;142,167;142,168;141,168;141,169;141,170;
#4724:
>0:143,156;143,157;143,158;163,158;163,159;163,160;164,160;164,161;164,162;
#4725:
>0:129,123;129,124;109,124;129,124;128,125;128,126;108,126;107,126;107,127;106,127;105,128;125,128;125,129;125,130;124,130;124,131;124,132;
#4726:
>0:126,87;126,88;126,89;127,89;127,90;147,90;148,91;168,91;168,92;168,93;188,93;189,93;189,94;190,94;210,94;210,95;230,95;250,96;251,96;252,96;253,97;274,97;275,97;276,98;277,98;278,99;279,99;
#4727:
>0:212,130;212,131;211,131;191,131;191,132;191,133;
#4728:
>0:145,94;145,95;145,96;125,96;124,96;124,97;124,98;
#4729:
>0:209,149;209,150;209,151;210,152;211,152;211,153;212,153;213,154;214,155;215,156;235,157;236,157;236,158;237,158;237,159;238,159;238,160;258,160;258,161;258,162;
#4730:
>0:141,163;141,164;141,165;
#4731:
>0:128,153;128,154;108,154;108,155;109,155;109,156;109,157;129,157;130,158;130,159;131,160;151,160;152,160;152,161;152,162;
#4732:
>0:108,175;108,176;127,176;106,176;106,177;105,177;125,177;125,178;124,179;124,180;123,180;123,181;144,181;165,181;
#4733:
>0:109,173;109,174;110,174;109,174;109,175;109,176;
#4734:
>0:180,171;160,172;181,172;161,173;162,173;182,173;162,174;163,175;164,175;164,176;144,176;144,177;165,177;165,178;166,178;146,179;147,179;147,180;148,181;147,181;
#4735:
>0:29,120;29,121;29,122;
#4736:
>0:120,131;121,131;122,132;122,133;123,133;123,134;
#4737:
>0:107,169;107,170;107,171;108,172;108,173;107,173;106,173;106,174;106,175;105,176;104,177;104,178;123,178;103,178;102,179;122,179;103,179;104,179;105,179;106,179;87,179;88,179;89,179;88,179;87,180;106,180;105,180;104,180;103,180;102,180;101,180;121,181;101,181;100,181;100,182;
#4738:
>0:107,153;107,154;107,155;
#4739:
>0:124,167;124,168;124,169;123,169;123,170;144,170;144,171;144,172;
#4740:
>0:127,142;127,143;127,144;
#4741:
>0:124,127;124,128;124,129;123,129;122,130;123,130;103,131;84,131;64,132;44,132;24,133;25,133;25,134;5,134;
#4742:
>0:148,153;148,154;148,155;
#4743:
>0:183,161;184,162;183,162;183,163;182,163;183,164;202,164;202,165;201,166;181,166;181,167;181,168;180,168;180,169;
#4744:
>0:122,175;122,176;122,177;
#4745:
>0:180,186;180,187;
#4746:
>0:148,134;148,135;148,136;
#4747:
>0:146,155;146,156;146,157;
#4748:
>0:87,168;87,169;87,170;107,170;107,171;107,172;
#4749:
>0:108,174;108,175;108,176;
#4750:
>0:145,172;165,172;165,173;164,173;164,174;163,174;163,175;162,175;182,175;182,176;181,176;201,176;201,177;202,177;202,178;201,178;181,178;182,178;182,179;183,179;162,180;182,180;182,181;162,181;162,182;183,182;182,183;182,184;202,184;201,185;201,186;181,186;201,186;201,187;201,188;202,188;201,189;181,189;181,190;182,190;182,191;163,192;183,192;183,193;183,194;182,194;202,195;201,195;181,196;201,196;201,197;201,198;
#4751:
>0:108,159;108,160;107,161;127,161;127,162;128,163;127,163;127,164;128,164;148,165;168,165;168,166;168,167;188,167;188,168;187,168;187,169;186,169;186,170;185,170;185,171;184,171;184,172;163,172;163,173;162,173;182,174;181,174;201,174;200,175;
#4752:
>0:186,179;186,180;186,181;
#4753:
>0:131,134;131,135;130,135;130,136;130,137;
#4754:
>0:191,137;211,137;211,138;211,139;212,139;212,140;213,140;213,141;214,141;194,141;194,142;194,143;193,143;173,144;172,144;172,145;152,145;151,146;131,146;132,146;112,147;92,147;91,148;71,148;70,148;70,149;49,149;49,150;69,150;68,151;68,152;68,153;
#4755:
>0:171,87;171,88;171,89;170,90;190,90;189,91;188,91;188,92;187,92;186,93;185,93;185,94;184,94;184,95;183,95;163,95;163,96;162,96;182,96;181,97;201,97;200,97;
#4756:
>0:181,152;182,153;162,153;163,153;163,154;163,155;
#4757:
>0:162,144;162,145;142,145;122,146;123,146;103,146;103,147;103,148;104,148;104,149;105,149;106,150;86,150;86,151;66,151;66,152;67,152;67,153;67,154;
#4758:
>0:126,146;126,147;126,148;
#4759:
>0:145,185;145,186;145,187;
#4760:
>0:153,174;152,175;152,176;151,176;151,177;150,177;150,178;130,178;130,179;129,179;129,180;129,181;
#4761:
>0:185,171;185,172;165,172;165,173;165,174;
#4762:
>0:183,152;164,153;164,154;164,155;
#4763:
>0:141,124;141,125;121,125;121,126;121,127;122,127;123,128;123,129;143,129;144,129;144,130;144,131;
#4764:
>0:127,145;127,146;128,146;127,146;128,146;128,147;148,147;148,148;168,148;168,149;188,150;189,150;190,150;170,151;171,151;172,152;172,153;
#4765:
>0:142,163;142,164;162,165;161,166;161,167;160,167;160,168;161,168;181,168;180,169;
#4766:
>0:129,165;129,166;129,167;109,167;129,167;128,168;128,169;128,170;108,170;107,170;107,171;107,172;
#4767:
>0:108,104;108,105;108,106;
#4768:
>0:106,0;106,1;107,1;107,2;108,2;108,3;128,3;108,3;108,4;109,4;109,5;109,6;129,6;130,7;130,8;131,8;
#4769:
>0:208,121;208,122;208,123;207,124;207,125;227,126;227,127;
#4770:
>0:171,159;171,160;170,160;150,160;150,161;150,162;
#4771:
>0:160,176;160,177;
#4772:
>0:187,155;168,156;169,157;169,158;170,158;169,158;169,159;169,160;170,160;
#4773:
>0:107,148;107,149;108,149;108,150;107,150;127,151;128,152;127,152;128,152;148,153;168,153;168,154;168,155;188,155;188,156;188,157;208,157;208,158;208,159;
#4774:
>0:129,139;129,140;130,141;150,141;150,142;150,143;170,144;170,145;171,145;171,146;171,147;
#4775:
>0:145,145;145,146;145,147;
#4776:
>0:106,176;126,176;126,177;146,178;145,178;146,179;146,180;166,180;166,181;166,182;187,183;187,184;187,185;
#4777:
>0:107,165;107,166;107,167;
#4778:
>0:180,154;180,155;201,155;201,156;201,157;
#4779:
>0:107,158;108,159;108,160;107,160;107,161;106,161;106,162;105,162;125,162;125,163;125,164;145,164;145,165;
#4780:
>0:129,156;129,157;130,157;130,158;150,158;150,159;150,160;170,160;170,161;171,161;171,162;172,162;172,163;173,164;194,165;194,166;194,167;
#4781:
>0:108,157;108,158;107,158;107,159;127,160;127,161;128,161;127,161;128,162;148,162;148,163;
#4782:
>0:125,206;125,207;125,208;
#4783:
>0:143,180;123,181;122,182;122,183;122,184;
#4784:
>0:140,155;140,156;120,156;140,156;140,157;141,158;141,159;141,160;
#4785:
>0:146,166;
#4786:
>0:131,176;131,177;131,178;130,178;130,179;129,180;109,180;129,180;129,181;128,181;128,182;128,183;
#4787:
>0:181,190;181,191;182,191;162,192;163,192;164,193;164,194;
#4788:
>0:143,136;143,137;143,138;
#4789:
>0:127,3;107,3;107,4;106,4;125,5;125,6;145,6;145,7;165,8;165,9;164,9;164,10;163,10;163,11;162,11;182,11;181,11;181,12;201,12;200,13;
#4790:
>0:141,198;142,198;142,199;141,199;142,199;142,200;142,201;143,201;143,202;163,202;163,203;163,204;
#4791:
>0:128,172;108,172;108,173;128,173;128,174;128,175;
#4792:
>0:124,167;124,168;125,169;125,170;105,171;106,171;106,172;106,173;
#4793:
>0:150,88;150,89;150,90;130,90;130,91;129,92;129,93;129,94;
#4794:
>0:185,162;185,163;165,163;165,164;164,164;165,165;164,165;164,166;164,167;
#4795:
>0:162,148;162,149;142,149;142,150;142,151;
#4796:
>0:187,172;187,173;186,173;186,174;185,174;185,175;184,175;183,176;163,176;163,177;162,177;182,177;182,178;181,178;201,178;201,179;181,179;180,179;
#4797:
>0:127,186;127,187;127,188;128,188;128,189;148,190;148,191;168,191;168,192;188,192;188,193;187,193;186,194;185,194;184,195;183,195;163,196;162,197;182,197;181,197;200,198;
#4798:
>0:141,100;141,101;121,101;121,102;122,103;122,104;123,104;123,105;144,105;144,106;144,107;145,107;145,108;145,109;
#4799:
>0:166,184;166,185;166,186;
#4800:
>0:108,153;108,154;108,155;
#4801:
>0:124,194;
#4802:
>0:127,160;127,161;127,162;
#4803:
>0:125,174;125,175;125,176;
#4804:
>0:127,139;127,140;107,140;107,141;106,141;106,142;106,143;107,143;107,144;107,145;127,145;127,146;127,147;
#4805:
>0:107,133;107,134;107,135;127,135;128,136;127,136;128,136;127,137;127,138;146,138;146,139;146,140;
#4806:
>0:171,153;171,154;191,154;
#4807:
>0:213,138;193,138;213,138;213,139;212,139;192,139;191,140;191,141;191,142;170,142;170,143;170,144;
#4808:
>0:162,174;162,175;142,175;142,176;143,177;142,178;122,179;122,180;121,180;121,181;121,182;
#4809:
>0:131,113;131,114;111,114;111,115;112,116;112,117;132,117;132,118;132,119;
#4810:
>0:142,196;142,197;122,198;122,199;121,199;121,200;121,201;
#4811:
>0:131,117;111,117;111,118;111,119;112,120;112,121;132,121;132,122;131,122;130,122;129,122;128,122;127,122;126,122;125,122;124,122;123,123;124,123;125,123;126,123;127,123;128,123;129,123;130,123;131,123;132,123;132,124;132,125;131,125;131,126;131,127;151,127;151,128;151,129;
#4812:
>0:113,202;113,203;113,204;112,204;113,204;113,205;112,205;112,206;111,206;90,207;89,207;109,208;108,208;108,209;88,209;88,210;87,210;107,210;87,210;87,211;86,211;106,212;106,213;105,214;104,214;104,215;104,216;
#4813:
>0:100,185;120,185;120,186;121,186;122,187;122,188;142,188;142,189;123,189;103,189;103,190;83,190;84,190;64,191;63,191;44,192;
#4814:
>0:150,161;150,162;150,163;
#4815:
>0:160,186;160,187;160,188;161,188;161,189;161,190;
#4816:
>0:212,149;211,150;211,151;212,151;232,151;232,152;232,153;252,153;252,154;252,155;232,155;232,156;232,157;
#4817:
>0:107,210;107,211;108,211;108,212;107,212;107,213;106,213;106,214;125,214;125,215;125,216;145,216;145,217;145,218;
#4818:
>0:106,206;106,207;106,208;
#4819:
>0:108,187;108,188;108,189;
#4820:
>0:281,132;261,132;261,133;260,133;
#4821:
>0:152,132;152,133;152,134;
#4822:
>0:165,196;165,197;
#4823:
>0:122,193;102,194;101,194;121,194;101,195;100,195;100,196;121,196;142,196;143,196;144,196;165,196;164,196;
#4824:
>0:108,134;108,135;109,136;129,136;129,137;129,138;149,138;149,139;149,140;148,140;148,141;148,142;168,142;168,143;188,143;188,144;188,145;189,145;189,146;209,147;209,148;209,149;
#4825:
>0:205,197;205,198;185,199;
#4826:
>0:140,202;141,202;141,203;142,203;142,204;143,204;143,205;
#4827:
>0:173,154;174,154;174,155;173,155;173,156;173,157;153,157;153,158;152,158;152,159;151,160;151,161;150,161;150,162;150,163;130,163;130,164;130,165;129,165;129,166;129,167;128,167;128,168;
#4828:
>0:165,196;164,196;164,197;144,197;165,198;165,199;165,200;
#4829:
>0:143,217;143,218;
#4830:
>0:232,167;232,168;232,169;
#4831:
>0:148,224;
#4832:
>0:129,178;129,179;109,179;129,179;129,180;128,180;128,181;128,182;108,182;108,183;127,183;107,183;106,183;106,184;125,184;125,185;125,186;
#4833:
>0:131,125;131,126;111,126;111,127;112,127;112,128;132,128;132,129;132,130;131,131;151,131;152,131;152,132;152,133;
#4834:
>0:107,170;107,171;107,172;108,172;108,173;128,173;128,174;108,174;128,175;108,175;109,175;129,176;108,177;129,177;128,177;128,178;108,178;108,179;108,180;
#4835:
>0:107,136;108,137;107,137;106,138;105,138;125,138;125,139;125,140;124,140;124,141;123,141;123,142;122,142;122,143;
#4836:
>0:143,180;143,181;142,181;142,182;142,183;141,183;141,184;160,184;
#4837:
>0:162,185;162,186;142,187;123,187;123,188;103,188;103,189;104,189;104,190;105,190;105,191;86,191;86,192;86,193;
#4838:
>0:127,174;127,175;107,176;107,177;107,178;
#4839:
>0:145,178;145,179;165,180;165,181;164,181;163,182;163,183;163,184;
#4840:
>0:107,151;107,152;108,152;107,153;106,153;105,154;125,154;125,155;125,156;124,156;124,157;123,157;123,158;122,158;122,159;122,160;121,160;121,161;120,162;120,163;
#4841:
>0:183,162;183,163;184,163;184,164;204,165;205,165;205,166;205,167;204,167;204,168;224,168;224,169;224,170;244,170;244,171;244,172;
#4842:
>0:141,193;141,194;142,194;142,195;142,196;162,197;163,197;163,198;163,199;
#4843:
>0:107,170;107,171;107,172;
#4844:
>0:162,87;162,88;163,88;163,89;163,90;184,90;185,91;186,91;187,91;187,92;188,92;189,92;190,93;170,93;171,93;171,94;171,95;170,96;150,96;150,97;150,98;151,98;151,99;151,100;
#4845:
>0:125,168;125,169;125,170;
#4846:
>0:131,177;131,178;130,178;129,178;128,178;127,178;126,178;125,178;124,178;123,178;122,178;123,178;124,178;125,179;126,179;127,179;128,179;129,179;130,179;131,179;111,179;111,180;112,180;112,181;132,181;132,182;151,182;152,182;172,182;171,183;190,183;210,184;230,184;250,184;251,185;250,185;249,186;268,186;267,186;266,186;266,187;285,187;284,187;263,187;262,188;281,188;
#4847:
>0:145,191;145,192;145,193;144,193;144,194;
#4848:
>0:143,191;142,192;142,193;162,193;142,193;142,194;122,194;123,194;103,195;103,196;104,196;84,196;85,196;85,197;65,197;65,198;45,198;46,199;46,200;66,200;66,201;66,202;
#4849:
>0:145,195;145,196;125,196;125,197;125,198;
#4850:
>0:211,197;212,198;211,198;191,198;191,199;171,199;171,200;170,200;190,201;189,201;188,201;188,202;187,202;186,202;185,203;184,203;163,204;163,205;163,206;164,206;165,206;166,206;167,206;168,206;189,206;190,206;191,206;192,206;191,206;190,206;189,206;168,206;167,206;166,206;165,206;164,206;163,206;164,207;164,208;163,209;184,210;185,210;186,211;187,211;188,211;189,212;190,212;170,212;171,213;191,213;191,214;191,215;212,215;211,216;
#4851:
>0:148,225;168,225;
#4852:
>0:131,169;131,170;131,171;
#4853:
>0:108,170;109,171;109,172;109,173;
#4854:
>0:131,177;131,178;111,179;111,180;112,180;112,181;132,181;151,182;152,182;172,182;171,182;171,183;170,183;190,183;189,183;189,184;188,184;188,185;188,186;
#4855:
>0:183,90;183,91;164,91;164,92;164,93;
#4856:
>0:168,227;188,227;
#4857:
>0:125,145;125,146;125,147;
#4858:
>0:107,130;107,131;107,132;
#4859:
>0:131,186;130,187;130,188;131,189;151,189;151,190;152,190;152,191;171,191;151,191;151,192;151,193;
#4860:
>0:143,177;143,178;142,178;142,179;141,180;141,181;141,182;140,182;140,183;
#4861:
>0:148,190;148,191;149,191;149,192;150,192;130,193;130,194;131,194;131,195;131,196;
#4862:
>0:120,181;121,182;122,183;123,183;123,184;123,185;124,185;124,186;124,187;125,187;125,188;125,189;
#4863:
>0:140,225;140,226;
#4864:
>0:107,170;107,171;107,172;108,172;108,173;107,173;127,173;127,174;128,174;128,175;128,176;148,176;148,177;148,178;147,178;
#4865:
>0:207,174;227,175;227,176;228,176;228,177;229,178;229,179;229,180;
#4866:
>0:131,182;131,183;130,183;130,184;130,185;
#4867:
>0:106,139;106,140;106,141;107,141;107,142;107,143;
#4868:
>0:211,103;211,104;212,105;232,105;232,106;252,107;252,108;253,109;273,109;272,109;272,110;273,110;273,111;253,111;252,112;252,113;251,113;251,114;231,114;231,115;231,116;211,116;210,116;210,117;230,117;230,118;229,118;209,119;209,120;209,121;
#4869:
>0:127,177;127,178;147,178;146,179;146,180;145,180;145,181;145,182;
#4870:
>0:107,171;107,172;107,173;
#4871:
>0:128,183;128,184;108,184;108,185;107,186;107,187;106,187;125,187;125,188;125,189;
#4872:
>0:148,184;148,185;147,185;147,186;147,187;
#4873:
>0:180,163;180,164;181,164;181,165;161,165;162,165;182,166;162,166;163,167;163,168;164,168;164,169;144,170;144,171;144,172;
#4874:
>0:128,161;128,162;108,162;108,163;109,163;109,164;109,165;129,165;130,165;130,166;130,167;
#4875:
>0:188,179;188,180;188,181;
#4876:
>0:208,184;208,185;188,185;189,185;189,186;209,186;209,187;209,188;229,188;229,189;229,190;
#4877:
>0:120,145;121,146;121,147;122,147;122,148;123,148;123,149;124,150;124,151;124,152;
#4878:
>0:106,210;106,211;107,211;107,212;107,213;
#4879:
>0:122,176;122,177;122,178;
#4880:
>0:122,181;122,182;121,182;121,183;121,184;120,184;120,185;140,185;140,186;
#4881:
>0:129,198;129,199;129,200;
#4882:
>0:248,184;248,185;248,186;228,186;228,187;229,188;229,189;229,190;
#4883:
>0:181,150;181,151;181,152;201,152;181,153;201,153;201,154;221,155;221,156;
#4884:
>0:160,172;140,172;141,172;141,173;141,174;
#4885:
>0:167,177;167,178;167,179;168,179;168,180;148,180;148,181;148,182;
#4886:
>0:207,228;207,229;188,229;188,230;188,231;
#4887:
>0:143,215;122,216;141,216;141,217;141,218;
#4888:
>0:106,138;106,139;106,140;105,140;125,140;125,141;125,142;
#4889:
>0:126,183;126,184;106,184;106,185;125,185;125,186;125,187;124,187;124,188;123,189;123,190;122,190;122,191;122,192;121,192;121,193;121,194;120,194;
#4890:
>0:106,192;106,193;126,193;126,194;146,195;145,195;146,196;146,197;166,197;166,198;186,199;186,200;187,201;187,202;188,202;188,203;
#4891:
>0:122,201;122,202;122,203;
#4892:
>0:129,177;129,178;149,178;149,179;149,180;169,180;169,181;169,182;
#4893:
>0:127,169;127,170;147,171;146,171;146,172;146,173;
#4894:
>0:108,169;108,170;108,171;
#4895:
>0:162,179;162,180;162,181;
#4896:
>0:160,74;160,75;161,76;141,76;141,77;141,78;142,78;142,79;143,79;143,80;143,81;123,81;123,82;123,83;124,83;124,84;124,85;125,85;125,86;125,87;
#4897:
>0:185,173;165,174;165,175;165,176;
#4898:
>0:107,217;108,218;107,219;107,220;127,220;127,221;128,221;128,222;148,222;148,223;148,224;
#4899:
>0:165,113;165,114;164,114;164,115;164,116;
#4900:
>0:126,200;126,201;127,201;127,202;147,202;147,203;147,204;148,204;148,205;148,206;147,206;148,206;148,207;
#4901:
>0:166,225;166,226;166,227;
#4902:
>0:165,191;164,191;164,192;184,192;184,193;184,194;
#4903:
>0:150,192;150,193;150,194;149,194;149,195;148,195;148,196;148,197;
#4904:
>0:169,172;168,172;168,173;169,173;168,173;168,174;148,174;148,175;148,176;
#4905:
>0:212,183;212,184;212,185;192,186;191,186;191,187;191,188;171,188;171,189;171,190;170,190;150,190;150,191;149,191;149,192;149,193;
#4906:
>0:107,174;107,175;107,176;108,176;108,177;108,178;
#4907:
>0:148,128;149,129;169,129;149,130;149,131;149,132;
#4908:
>0:145,222;146,222;146,223;146,224;126,224;126,225;127,225;127,226;127,227;
#4909:
>0:162,203;162,204;163,205;163,206;162,206;182,206;181,207;201,207;200,207;
#4910:
>0:129,188;109,189;129,189;128,189;128,190;108,190;108,191;107,191;106,191;106,192;105,192;125,193;125,194;145,194;145,195;
#4911:
>0:108,162;108,163;108,164;
#4912:
>0:171,174;171,175;151,175;171,175;171,176;171,177;
#4913:
>0:164,187;164,188;163,188;164,188;164,189;164,190;
#4914:
>0:113,180;113,181;113,182;
#4915:
>0:143,207;143,208;123,209;123,210;124,210;124,211;125,211;125,212;125,213;
#4916:
>0:165,139;165,140;164,140;164,141;164,142;
#4917:
>0:107,187;107,188;108,188;108,189;108,190;107,190;107,191;127,191;127,192;128,192;128,193;148,193;148,194;148,195;
#4918:
>0:128,168;127,169;128,169;148,170;168,170;168,171;168,172;188,172;189,172;189,173;190,173;210,174;230,174;230,175;250,175;251,175;251,176;250,176;249,176;268,177;267,177;266,177;265,178;285,178;284,178;263,178;263,179;262,179;261,179;281,179;
#4919:
>0:128,198;128,199;127,199;127,200;107,200;107,201;107,202;
#4920:
>0:212,179;211,179;191,180;191,181;170,181;170,182;169,183;169,184;169,185;149,185;148,185;148,186;148,187;
#4921:
>0:208,200;208,201;188,201;188,202;187,202;207,202;207,203;187,203;187,204;
#4922:
>0:148,164;148,165;148,166;
#4923:
>0:131,201;131,202;130,202;130,203;130,204;129,204;129,205;129,206;
#4924:
>0:122,153;122,154;122,155;
#4925:
>0:161,131;161,132;161,133;162,133;182,134;162,134;163,135;163,136;163,137;164,137;164,138;164,139;
#4926:
>0:130,202;130,203;129,204;109,205;129,205;129,206;
#4927:
>0:143,192;143,193;143,194;123,194;123,195;124,196;123,197;122,197;123,197;103,198;84,198;64,199;44,199;24,199;25,200;26,200;27,200;8,201;9,201;
#4928:
>0:209,125;208,125;208,126;208,127;
#4929:
>0:108,173;108,174;108,175;
#4930:
>0:171,174;171,175;172,176;152,176;151,176;131,177;132,177;132,178;132,179;131,179;111,179;111,180;111,181;131,181;131,182;131,183;
#4931:
>0:275,142;276,143;277,143;277,144;278,144;297,145;297,146;278,147;278,148;258,148;258,149;238,149;238,150;237,150;236,151;235,152;215,152;215,153;215,154;
#4932:
>0:211,227;212,227;211,228;211,229;210,229;210,230;209,230;209,231;209,232;
#4933:
>0:145,165;145,166;145,167;
#4934:
>0:145,205;145,206;145,207;
#4935:
>0:120,199;
#4936:
>0:106,194;106,195;106,196;126,196;126,197;126,198;
#4937:
>0:166,202;166,203;166,204;
#4938:
>0:87,221;107,221;107,222;107,223;
#4939:
>0:142,202;142,203;162,203;163,203;163,204;163,205;162,206;182,206;181,206;201,207;200,207;
#4940:
>0:187,232;187,233;207,234;207,235;208,235;208,236;209,236;209,237;209,238;
#4941:
>0:212,189;212,190;211,190;212,190;212,191;212,192;
#4942:
>0:106,189;106,190;105,190;106,190;106,191;106,192;
#4943:
>0:188,193;189,194;189,195;209,195;209,196;189,196;190,196;190,197;191,197;191,198;191,199;
#4944:
>0:211,183;211,184;191,184;191,185;191,186;170,186;170,187;170,188;169,188;169,189;149,190;149,191;129,192;128,192;128,193;128,194;
#4945:
>0:107,198;107,199;108,199;108,200;107,201;107,202;107,203;
#4946:
>0:128,173;128,174;128,175;
#4947:
>0:209,228;209,229;209,230;210,230;211,230;211,231;212,232;213,232;213,233;194,233;194,234;194,235;193,235;173,236;174,237;154,237;154,238;154,239;
#4948:
>0:146,178;146,179;146,180;166,181;166,182;166,183;187,183;187,184;187,185;
#4949:
>0:186,176;187,176;187,177;186,177;186,178;185,178;185,179;184,179;184,180;183,180;163,180;163,181;162,181;182,181;181,182;201,182;201,183;201,184;
#4950:
>0:209,166;208,166;208,167;188,168;189,168;189,169;189,170;
#4951:
>0:140,191;141,191;142,191;142,192;142,193;143,193;143,194;144,194;125,194;126,194;127,194;128,194;128,195;
#4952:
>0:107,210;107,211;108,211;108,212;128,213;128,214;128,215;
#4953:
>0:164,160;144,161;143,161;143,162;143,163;142,163;142,164;141,164;141,165;140,165;
#4954:
>0:86,177;86,178;105,178;105,179;104,179;103,180;102,180;102,181;82,181;81,182;80,182;
#4955:
>0:125,204;126,204;126,205;126,206;
#4956:
>0:143,215;143,216;123,217;123,218;124,218;124,219;125,220;125,221;125,222;105,222;106,222;106,223;106,224;
#4957:
>0:160,207;160,208;160,209;161,209;161,210;161,211;162,211;163,212;163,213;163,214;
#4958:
>0:208,189;208,190;208,191;188,191;188,192;188,193;
#4959:
>0:127,146;107,147;106,147;106,148;105,148;125,149;125,150;124,150;124,151;123,151;123,152;122,152;142,153;162,154;163,154;184,155;185,155;186,156;206,156;225,157;245,157;245,158;265,158;266,158;266,159;265,159;285,159;264,160;263,160;262,160;281,161;
#4960:
>0:148,169;148,170;148,171;
#4961:
>0:164,196;164,197;163,197;163,198;184,199;185,199;186,200;187,200;188,200;188,201;189,201;190,201;170,202;171,202;172,202;152,203;151,203;131,203;132,204;132,205;132,206;131,206;111,207;111,208;111,209;
#4962:
>0:190,188;190,189;170,189;169,190;189,190;189,191;188,192;188,193;188,194;168,194;168,195;168,196;
#4963:
>0:120,160;120,161;
#4964:
>0:107,171;107,172;107,173;108,173;108,174;107,175;107,176;106,176;106,177;125,177;125,178;125,179;
#4965:
>0:87,203;88,204;108,204;109,205;89,205;90,205;90,206;91,206;111,206;112,207;112,208;111,208;111,209;131,209;131,210;131,211;
#4966:
>0:145,206;145,207;146,207;146,208;126,208;126,209;127,209;127,210;128,211;128,212;128,213;
#4967:
>0:152,162;152,163;172,164;171,164;171,165;170,165;190,166;189,166;188,166;187,167;186,168;186,169;206,169;205,170;205,171;204,171;204,172;224,172;224,173;224,174;
#4968:
>0:108,201;108,202;107,202;127,203;
#4969:
>0:145,204;144,205;144,206;143,207;143,208;142,208;142,209;142,210;141,210;141,211;141,212;
#4970:
>0:145,200;145,201;145,202;
#4971:
>0:131,195;131,196;131,197;130,197;130,198;130,199;
#4972:
>0:205,160;205,161;205,162;185,162;185,163;185,164;165,164;165,165;165,166;
#4973:
>0:140,194;140,195;
#4974:
>0:131,222;131,223;111,223;131,224;131,225;131,226;
#4975:
>0:131,177;131,178;130,179;130,180;129,180;129,181;
#4976:
>0:211,179;212,179;212,180;211,180;191,180;191,181;171,181;171,182;171,183;170,183;190,183;189,184;188,184;187,184;187,185;186,185;185,185;185,186;184,186;163,187;162,187;162,188;142,188;142,189;141,190;160,191;
#4977:
>0:111,176;111,177;90,177;89,178;109,178;108,178;108,179;88,179;87,179;107,180;87,180;86,181;106,181;106,182;105,182;105,183;104,183;104,184;103,184;123,185;103,185;122,185;102,186;101,186;101,187;121,187;121,188;120,188;120,189;140,189;141,190;141,191;141,192;160,192;
#4978:
>0:152,205;152,206;151,206;132,206;132,207;112,208;112,209;113,209;113,210;133,210;
#4979:
>0:107,172;107,173;108,174;108,175;108,176;107,176;107,177;107,178;
#4980:
>0:106,133;126,133;126,134;126,135;127,136;127,137;147,137;147,138;148,138;148,139;168,139;168,140;168,141;188,141;189,141;189,142;190,142;170,142;171,143;191,144;191,145;211,145;212,145;212,146;
#4981:
>0:111,178;111,179;131,179;131,180;111,180;111,181;112,181;112,182;132,182;132,183;131,183;132,183;151,184;152,184;172,184;171,184;152,184;132,185;151,185;152,185;172,186;171,186;152,186;132,186;151,187;152,187;172,187;171,187;171,188;151,188;132,188;151,188;152,188;172,189;171,189;170,189;190,190;170,190;151,190;132,190;131,190;152,190;152,191;171,191;170,191;190,192;170,192;151,192;132,192;151,192;152,193;172,193;171,193;190,194;189,194;188,194;188,195;187,195;186,195;185,196;184,196;184,197;183,198;163,198;163,199;162,199;182,200;181,200;201,201;200,201;
#4982:
>0:131,177;111,177;111,178;111,179;112,179;112,180;132,180;131,180;152,181;171,181;170,182;190,182;210,183;230,183;250,184;251,184;250,184;250,185;249,185;268,185;267,185;266,186;265,186;285,186;264,186;263,187;262,187;281,187;
#4983:
>0:149,136;149,137;149,138;148,138;148,139;148,140;
#4984:
>0:129,187;129,188;109,189;129,189;129,190;149,190;149,191;149,192;148,192;148,193;148,194;
#4985:
>0:131,208;131,209;111,209;111,210;112,210;112,211;132,211;131,212;152,212;172,212;171,213;170,213;190,213;189,214;188,214;168,215;
#4986:
>0:131,175;131,176;131,177;111,177;111,178;112,179;132,180;151,180;152,180;172,181;171,181;170,181;190,182;189,182;188,182;187,183;186,183;186,184;185,184;184,185;163,185;162,186;142,186;122,187;123,187;123,188;124,188;124,189;124,190;
#4987:
>0:108,228;108,229;108,230;
#4988:
>0:131,197;131,198;111,198;111,199;
#4989:
>0:131,177;131,178;130,178;130,179;130,180;129,180;129,181;129,182;
#4990:
>0:109,200;109,201;109,202;
#4991:
>0:125,198;125,199;125,200;
#4992:
>0:129,220;129,221;129,222;
#4993:
>0:100,191;100,192;101,192;101,193;102,193;122,193;102,194;103,194;123,195;103,195;104,195;104,196;105,197;106,198;106,199;106,200;
#4994:
>0:107,210;107,211;108,211;108,212;107,212;107,213;106,214;106,215;105,215;125,215;125,216;145,216;145,217;145,218;
#4995:
>0:167,220;167,221;167,222;168,222;148,223;148,224;148,225;
#4996:
>0:191,197;191,198;190,198;170,199;170,200;170,201;
#4997:
>0:150,173;150,174;170,174;171,175;171,176;171,177;
#4998:
>0:209,186;210,187;211,187;211,188;212,188;213,189;214,190;215,191;215,192;215,193;
#4999:
>0:209,117;229,117;229,118;230,118;230,119;229,120;229,121;229,122;
