#0:
>0:-1,-1;0,49;0,49;
#1:
>0:-1,-1;0,68;1,69;21,69;1,69;21,69;1,69;21,69;1,69;21,69;1,69;21,69;1,69;21,69;1,69;21,69;1,69;21,69;1,69;21,69;1,69;21,69;1,69;21,69;1,69;21,69;1,69;21,69;1,69;21,69;1,69;21,69;1,69;21,69;1,69;21,69;1,69;21,69;1,69;21,69;1,69;21,69;1,69;21,69;1,69;21,69;1,69;21,69;1,69;21,69;1,69;21,69;1,69;21,69;1,69;21,69;1,69;21,69;1,69;21,69;1,69;21,69;1,69;21,69;1,69;21,69;1,69;21,69;1,69;21,69;1,69;21,69;1,69;21,69;1,69;21,69;1,69;21,69;1,69;21,69;1,69;21,69;1,69;21,69;1,69;21,69;1,69;21,69;1,69;21,69;1,69;21,69;1,69;21,69;1,69;21,69;1,69;21,69;1,69;21,69;1,69;21,69;1,69;21,69;1,69;21,69;1,69;21,69;1,69;21,69;1,69;21,69;1,69;21,69;1,69;21,69;1,69;21,69;1,69;21,69;1,69;21,69;1,69;21,69;1,69;
#2:
>0:-1,-1;0,118;0,119;0,120;21,120;21,122;22,123;41,123;22,124;2,125;23,126;3,126;3,127;23,127;
#3:
>0:-1,-1;0,118;0,118;
#4:
>0:-1,-1;0,157;21,158;2,158;22,159;
#5:
>0:-1,-1;0,169;0,170;
#6:
>0:-1,-1;0,190;1,190;0,190;1,190;0,190;1,190;0,190;1,190;0,190;1,190;0,190;1,190;0,190;1,190;0,190;1,190;0,190;1,190;0,190;1,190;0,190;1,190;0,190;1,190;0,190;1,190;0,190;1,190;0,190;1,190;0,190;1,190;0,190;1,190;0,190;1,190;0,190;1,190;0,190;1,190;0,190;1,190;0,190;1,190;0,190;1,190;0,190;1,190;0,190;1,190;0,190;1,190;0,190;1,190;0,190;1,190;0,190;1,190;0,190;1,190;0,190;1,190;0,190;1,190;0,190;1,190;0,190;1,190;0,190;1,190;0,190;1,190;0,190;1,190;0,190;1,190;0,190;1,190;0,190;1,190;0,190;1,190;0,190;1,190;0,190;1,190;0,190;1,190;0,190;1,190;0,190;1,190;0,190;1,190;0,190;1,190;0,190;1,190;0,190;1,190;0,190;1,190;0,190;1,190;0,190;1,190;0,190;1,190;0,190;1,190;0,190;1,190;0,190;1,190;0,190;1,190;0,190;1,190;0,190;1,190;0,190;1,190;0,190;1,190;
#7:
>0:-1,-1;0,194;20,194;41,194;62,195;63,195;44,196;43,197;62,197;
#8:
>0:-1,-1;0,212;0,212;
#9:
>0:-1,-1;0,228;20,229;41,229;41,231;22,231;41,232;40,232;41,232;40,232;41,232;40,232;41,232;40,232;41,232;40,232;41,232;40,232;41,232;40,232;41,232;40,232;41,232;40,232;41,232;40,232;41,232;40,232;41,232;40,232;41,232;40,232;41,232;40,232;41,232;40,232;41,232;40,232;41,232;40,232;41,232;40,232;41,232;40,232;41,232;40,232;41,232;40,232;41,232;40,232;41,232;40,232;41,232;40,232;41,232;40,232;41,232;40,232;41,232;40,232;41,232;40,232;41,232;40,232;41,232;40,232;41,232;40,232;41,232;40,232;41,232;40,232;41,232;40,232;41,232;40,232;41,232;40,232;41,232;40,232;41,232;40,232;41,232;40,232;41,232;40,232;41,232;40,232;41,232;40,232;41,232;40,232;41,232;40,232;41,232;40,232;41,232;40,232;41,232;40,232;41,232;40,232;41,232;40,232;41,232;40,232;41,232;40,232;41,232;40,232;41,232;40,232;41,232;40,232;41,232;40,232;41,232;40,232;41,232;40,232;41,232;40,232;41,232;40,232;41,232;
#10:
>0:-1,-1;1,0;1,0;
#11:
>0:-1,-1;1,11;1,12;
#12:
>0:-1,-1;1,12;1,12;
#13:
>0:-1,-1;1,22;1,22;
#14:
>0:-1,-1;1,47;21,48;22,49;43,49;23,50;
#15:
>0:-1,-1;1,99;1,99;
#16:
>0:-1,-1;1,120;0,120;21,120;21,122;22,123;41,123;22,124;2,125;23,126;3,126;3,127;23,127;
#17:
>0:-1,-1;1,120;22,120;3,120;4,120;23,120;22,121;43,121;62,121;43,122;22,122;43,122;22,122;43,122;22,122;43,122;22,122;43,122;22,122;43,122;22,122;43,122;22,122;43,122;22,122;43,122;22,122;43,122;22,122;43,122;22,122;43,122;22,122;43,122;22,122;43,122;22,122;43,122;22,122;43,122;22,122;43,122;22,122;43,122;22,122;43,122;22,122;43,122;22,122;43,122;22,122;43,122;22,122;43,122;22,122;43,122;22,122;43,122;22,122;43,122;22,122;43,122;22,122;43,122;22,122;43,122;22,122;43,122;22,122;43,122;22,122;43,122;22,122;43,122;22,122;43,122;22,122;43,122;22,122;43,122;22,122;43,122;22,122;43,122;22,122;43,122;22,122;43,122;22,122;43,122;22,122;43,122;22,122;43,122;22,122;43,122;22,122;43,122;22,122;43,122;22,122;43,122;22,122;43,122;22,122;43,122;22,122;43,122;22,122;43,122;22,122;43,122;22,122;43,122;22,122;43,122;22,122;43,122;22,122;43,122;22,122;43,122;22,122;43,122;22,122;
#18:
>0:-1,-1;1,136;1,137;0,138;0,140;0,141;1,142;0,143;0,145;
#19:
>0:-1,-1;1,136;21,136;41,136;60,137;
#20:
>0:-1,-1;1,157;1,159;0,160;20,160;40,161;41,162;
#21:
>0:-1,-1;1,176;22,177;2,178;3,178;4,179;24,179;43,180;
#22:
>0:-1,-1;1,215;1,215;
#23:
>0:-1,-1;2,9;21,9;
#24:
>0:-1,-1;2,15;2,15;
#25:
>0:-1,-1;2,23;21,23;20,24;21,25;21,26;0,27;
#26:
>0:-1,-1;2,42;22,43;2,43;
#27:
>0:-1,-1;2,46;21,47;0,47;1,47;21,48;22,49;43,49;23,50;
#28:
>0:-1,-1;2,74;21,74;
#29:
>0:-1,-1;2,80;2,80;
#30:
>0:-1,-1;2,166;2,166;
#31:
>0:-1,-1;2,172;2,173;1,174;1,176;22,177;2,178;3,178;4,179;24,179;43,180;
#32:
>0:-1,-1;2,210;23,211;42,212;62,213;
#33:
>0:-1,-1;2,224;21,225;20,225;
#34:
>0:-1,-1;3,0;2,1;3,1;22,1;21,1;41,2;21,2;2,3;21,3;41,3;40,3;40,5;41,5;
#35:
>0:-1,-1;3,27;3,27;
#36:
>0:-1,-1;3,33;23,33;
#37:
>0:-1,-1;3,60;24,60;
#38:
>0:-1,-1;3,82;2,82;2,83;21,83;20,84;0,84;0,85;21,85;22,85;42,86;23,86;
#39:
>0:-1,-1;3,85;22,86;42,86;23,86;
#40:
>0:-1,-1;3,92;22,92;41,93;41,95;41,96;21,96;22,97;23,98;44,99;63,99;
#41:
>0:-1,-1;3,120;4,120;23,120;22,121;43,121;62,121;43,122;22,122;43,122;22,122;43,122;22,122;43,122;22,122;43,122;22,122;43,122;22,122;43,122;22,122;43,122;22,122;43,122;22,122;43,122;22,122;43,122;22,122;43,122;22,122;43,122;22,122;43,122;22,122;43,122;22,122;43,122;22,122;43,122;22,122;43,122;22,122;43,122;22,122;43,122;22,122;43,122;22,122;43,122;22,122;43,122;22,122;43,122;22,122;43,122;22,122;43,122;22,122;43,122;22,122;43,122;22,122;43,122;22,122;43,122;22,122;43,122;22,122;43,122;22,122;43,122;22,122;43,122;22,122;43,122;22,122;43,122;22,122;43,122;22,122;43,122;22,122;43,122;22,122;43,122;22,122;43,122;22,122;43,122;22,122;43,122;22,122;43,122;22,122;43,122;22,122;43,122;22,122;43,122;22,122;43,122;22,122;43,122;22,122;43,122;22,122;43,122;22,122;43,122;22,122;43,122;22,122;43,122;22,122;43,122;22,122;43,122;22,122;43,122;22,122;43,122;22,122;43,122;22,122;
#42:
>0:-1,-1;3,135;3,136;2,137;
#43:
>0:-1,-1;3,187;24,187;25,188;4,189;4,190;5,190;5,191;24,191;23,191;
#44:
>0:-1,-1;3,196;3,197;3,199;24,200;44,201;45,201;66,201;66,202;87,203;
#45:
>0:-1,-1;3,196;3,198;4,199;
#46:
>0:-1,-1;3,235;22,235;3,236;22,237;43,238;24,239;25,239;5,239;
#47:
>0:-1,-1;3,236;22,237;43,238;24,239;25,239;5,239;
#48:
>0:-1,-1;4,22;24,23;43,24;42,24;22,25;21,26;0,27;
#49:
>0:-1,-1;4,33;24,34;43,34;22,34;2,34;1,35;
#50:
>0:-1,-1;4,46;4,46;
#51:
>0:-1,-1;4,50;24,50;43,50;63,50;82,50;102,51;121,52;
#52:
>0:-1,-1;4,89;4,89;
#53:
>0:-1,-1;4,89;4,89;
#54:
>0:-1,-1;4,137;25,137;
#55:
>0:-1,-1;4,207;24,208;
#56:
>0:-1,-1;4,210;24,210;
#57:
>0:-1,-1;4,238;3,238;2,238;23,238;
#58:
>0:-1,-1;5,0;4,1;3,1;22,1;21,1;41,2;21,2;2,3;21,3;41,3;40,3;40,5;41,5;
#59:
>0:-1,-1;5,17;24,17;25,17;45,17;25,18;6,18;25,19;25,20;
#60:
>0:-1,-1;5,17;26,18;27,18;8,18;28,19;28,21;
#61:
>0:-1,-1;5,25;24,25;43,25;64,26;84,26;
#62:
>0:-1,-1;5,37;5,37;
#63:
>0:-1,-1;5,87;5,88;24,88;24,90;44,90;24,91;43,92;22,92;41,93;41,95;41,96;21,96;22,97;23,98;44,99;63,99;
#64:
>0:-1,-1;5,87;5,87;
#65:
>0:-1,-1;5,129;5,130;25,130;46,131;46,132;67,133;88,133;88,135;87,135;68,135;69,136;48,137;48,138;69,138;48,138;69,138;48,138;69,138;48,138;69,138;48,138;69,138;48,138;69,138;48,138;69,138;48,138;69,138;48,138;69,138;48,138;69,138;48,138;69,138;48,138;69,138;48,138;69,138;48,138;69,138;48,138;69,138;48,138;69,138;48,138;69,138;48,138;69,138;48,138;69,138;48,138;69,138;48,138;69,138;48,138;69,138;48,138;69,138;48,138;69,138;48,138;69,138;48,138;69,138;48,138;69,138;48,138;69,138;48,138;69,138;48,138;69,138;48,138;69,138;48,138;69,138;48,138;69,138;48,138;69,138;48,138;69,138;48,138;69,138;48,138;69,138;48,138;69,138;48,138;69,138;48,138;69,138;48,138;69,138;48,138;69,138;48,138;69,138;48,138;69,138;48,138;69,138;48,138;69,138;48,138;69,138;48,138;69,138;48,138;69,138;48,138;69,138;48,138;69,138;48,138;69,138;48,138;69,138;48,138;69,138;48,138;69,138;48,138;69,138;
#66:
>0:-1,-1;5,142;5,142;
#67:
>0:-1,-1;5,149;24,149;
#68:
>0:-1,-1;5,149;26,149;
#69:
>0:-1,-1;5,155;6,156;5,156;
#70:
>0:-1,-1;5,169;6,169;5,170;6,170;26,170;47,170;68,171;47,172;47,173;26,174;27,175;27,176;27,177;48,177;
#71:
>0:-1,-1;5,194;25,195;
#72:
>0:-1,-1;5,198;26,199;7,199;
#73:
>0:-1,-1;5,231;26,232;47,233;26,233;46,233;26,233;46,233;26,233;46,233;26,233;46,233;26,233;46,233;26,233;46,233;26,233;46,233;26,233;46,233;26,233;46,233;26,233;46,233;26,233;46,233;26,233;46,233;26,233;46,233;26,233;46,233;26,233;46,233;26,233;46,233;26,233;46,233;26,233;46,233;26,233;46,233;26,233;46,233;26,233;46,233;26,233;46,233;26,233;46,233;26,233;46,233;26,233;46,233;26,233;46,233;26,233;46,233;26,233;46,233;26,233;46,233;26,233;46,233;26,233;46,233;26,233;46,233;26,233;46,233;26,233;46,233;26,233;46,233;26,233;46,233;26,233;46,233;26,233;46,233;26,233;46,233;26,233;46,233;26,233;46,233;26,233;46,233;26,233;46,233;26,233;46,233;26,233;46,233;26,233;46,233;26,233;46,233;26,233;46,233;26,233;46,233;26,233;46,233;26,233;46,233;26,233;46,233;26,233;46,233;26,233;46,233;26,233;46,233;26,233;46,233;26,233;46,233;26,233;46,233;26,233;46,233;26,233;46,233;26,233;
#74:
>0:-1,-1;6,15;25,16;
#75:
>0:-1,-1;6,74;7,74;
#76:
>0:-1,-1;6,112;5,112;24,113;43,114;64,114;
#77:
>0:-1,-1;6,167;27,168;46,168;
#78:
>0:-1,-1;6,196;6,196;
#79:
>0:-1,-1;7,14;7,16;
#80:
>0:-1,-1;7,17;7,19;27,20;28,21;
#81:
>0:-1,-1;7,17;7,17;
#82:
>0:-1,-1;7,21;7,22;
#83:
>0:-1,-1;7,32;6,33;
#84:
>0:-1,-1;7,32;7,32;
#85:
>0:-1,-1;7,68;7,68;
#86:
>0:-1,-1;7,80;7,81;7,83;
#87:
>0:-1,-1;7,92;27,92;6,92;5,92;5,93;4,94;
#88:
>0:-1,-1;7,144;27,144;7,144;27,144;7,144;27,144;7,144;27,144;7,144;27,144;7,144;27,144;7,144;27,144;7,144;27,144;7,144;27,144;7,144;27,144;7,144;27,144;7,144;27,144;7,144;27,144;7,144;27,144;7,144;27,144;7,144;27,144;7,144;27,144;7,144;27,144;7,144;27,144;7,144;27,144;7,144;27,144;7,144;27,144;7,144;27,144;7,144;27,144;7,144;27,144;7,144;27,144;7,144;27,144;7,144;27,144;7,144;27,144;7,144;27,144;7,144;27,144;7,144;27,144;7,144;27,144;7,144;27,144;7,144;27,144;7,144;27,144;7,144;27,144;7,144;27,144;7,144;27,144;7,144;27,144;7,144;27,144;7,144;27,144;7,144;27,144;7,144;27,144;7,144;27,144;7,144;27,144;7,144;27,144;7,144;27,144;7,144;27,144;7,144;27,144;7,144;27,144;7,144;27,144;7,144;27,144;7,144;27,144;7,144;27,144;7,144;27,144;7,144;27,144;7,144;27,144;7,144;27,144;7,144;27,144;7,144;27,144;7,144;27,144;
#89:
>0:-1,-1;7,163;7,163;
#90:
>0:-1,-1;7,169;28,169;
#91:
>0:-1,-1;7,197;8,197;7,198;
#92:
>0:-1,-1;7,197;8,197;8,198;9,198;
#93:
>0:-1,-1;7,204;7,204;
#94:
>0:-1,-1;7,207;6,208;26,208;
#95:
>0:-1,-1;8,50;8,50;
#96:
>0:-1,-1;8,50;8,50;
#97:
>0:-1,-1;8,119;7,120;27,120;47,121;68,122;47,122;46,123;67,123;48,124;
#98:
>0:-1,-1;8,119;27,120;47,121;68,122;47,122;46,123;67,123;48,124;
#99:
>0:-1,-1;8,128;8,128;
#100:
>0:-1,-1;8,134;27,134;7,135;6,135;27,136;48,137;48,138;69,138;48,138;69,138;48,138;69,138;48,138;69,138;48,138;69,138;48,138;69,138;48,138;69,138;48,138;69,138;48,138;69,138;48,138;69,138;48,138;69,138;48,138;69,138;48,138;69,138;48,138;69,138;48,138;69,138;48,138;69,138;48,138;69,138;48,138;69,138;48,138;69,138;48,138;69,138;48,138;69,138;48,138;69,138;48,138;69,138;48,138;69,138;48,138;69,138;48,138;69,138;48,138;69,138;48,138;69,138;48,138;69,138;48,138;69,138;48,138;69,138;48,138;69,138;48,138;69,138;48,138;69,138;48,138;69,138;48,138;69,138;48,138;69,138;48,138;69,138;48,138;69,138;48,138;69,138;48,138;69,138;48,138;69,138;48,138;69,138;48,138;69,138;48,138;69,138;48,138;69,138;48,138;69,138;48,138;69,138;48,138;69,138;48,138;69,138;48,138;69,138;48,138;69,138;48,138;69,138;48,138;69,138;48,138;69,138;48,138;69,138;48,138;69,138;48,138;69,138;48,138;69,138;
#101:
>0:-1,-1;8,156;29,156;50,156;69,157;90,157;71,157;90,157;71,157;90,157;71,157;90,157;71,157;90,157;71,157;90,157;71,157;90,157;71,157;90,157;71,157;90,157;71,157;90,157;71,157;90,157;71,157;90,157;71,157;90,157;71,157;90,157;71,157;90,157;71,157;90,157;71,157;90,157;71,157;90,157;71,157;90,157;71,157;90,157;71,157;90,157;71,157;90,157;71,157;90,157;71,157;90,157;71,157;90,157;71,157;90,157;71,157;90,157;71,157;90,157;71,157;90,157;71,157;90,157;71,157;90,157;71,157;90,157;71,157;90,157;71,157;90,157;71,157;90,157;71,157;90,157;71,157;90,157;71,157;90,157;71,157;90,157;71,157;90,157;71,157;90,157;71,157;90,157;71,157;90,157;71,157;90,157;71,157;90,157;71,157;90,157;71,157;90,157;71,157;90,157;71,157;90,157;71,157;90,157;71,157;90,157;71,157;90,157;71,157;90,157;71,157;90,157;71,157;90,157;71,157;90,157;71,157;90,157;71,157;90,157;71,157;90,157;71,157;90,157;71,157;
#102:
>0:-1,-1;8,166;29,166;9,167;28,167;47,168;67,168;67,170;
#103:
>0:-1,-1;8,167;7,168;27,169;48,169;49,169;50,170;
#104:
>0:-1,-1;8,167;27,167;7,168;27,169;48,169;49,169;50,170;
#105:
>0:-1,-1;8,168;7,169;28,169;
#106:
>0:-1,-1;8,199;9,200;29,200;50,200;71,200;92,201;91,201;92,201;91,201;92,201;91,201;92,201;91,201;92,201;91,201;92,201;91,201;92,201;91,201;92,201;91,201;92,201;91,201;92,201;91,201;92,201;91,201;92,201;91,201;92,201;91,201;92,201;91,201;92,201;91,201;92,201;91,201;92,201;91,201;92,201;91,201;92,201;91,201;92,201;91,201;92,201;91,201;92,201;91,201;92,201;91,201;92,201;91,201;92,201;91,201;92,201;91,201;92,201;91,201;92,201;91,201;92,201;91,201;92,201;91,201;92,201;91,201;92,201;91,201;92,201;91,201;92,201;91,201;92,201;91,201;92,201;91,201;92,201;91,201;92,201;91,201;92,201;91,201;92,201;91,201;92,201;91,201;92,201;91,201;92,201;91,201;92,201;91,201;92,201;91,201;92,201;91,201;92,201;91,201;92,201;91,201;92,201;91,201;92,201;91,201;92,201;91,201;92,201;91,201;92,201;91,201;92,201;91,201;92,201;91,201;92,201;91,201;92,201;91,201;92,201;91,201;92,201;91,201;92,201;
#107:
>0:-1,-1;8,233;7,234;
#108:
>0:-1,-1;9,4;28,4;28,5;7,6;26,7;7,7;7,8;6,8;25,8;
#109:
>0:-1,-1;9,11;28,11;29,12;10,13;9,13;
#110:
>0:-1,-1;9,19;30,19;29,20;49,21;68,22;
#111:
>0:-1,-1;9,20;29,21;10,22;
#112:
>0:-1,-1;9,33;30,34;29,35;49,35;70,35;50,36;30,37;31,38;
#113:
>0:-1,-1;9,43;9,45;28,46;29,46;10,46;30,47;
#114:
>0:-1,-1;9,43;9,43;
#115:
>0:-1,-1;9,49;8,50;
#116:
>0:-1,-1;9,63;30,63;10,63;10,64;31,64;12,64;31,65;10,65;31,65;10,65;31,65;10,65;31,65;10,65;31,65;10,65;31,65;10,65;31,65;10,65;31,65;10,65;31,65;10,65;31,65;10,65;31,65;10,65;31,65;10,65;31,65;10,65;31,65;10,65;31,65;10,65;31,65;10,65;31,65;10,65;31,65;10,65;31,65;10,65;31,65;10,65;31,65;10,65;31,65;10,65;31,65;10,65;31,65;10,65;31,65;10,65;31,65;10,65;31,65;10,65;31,65;10,65;31,65;10,65;31,65;10,65;31,65;10,65;31,65;10,65;31,65;10,65;31,65;10,65;31,65;10,65;31,65;10,65;31,65;10,65;31,65;10,65;31,65;10,65;31,65;10,65;31,65;10,65;31,65;10,65;31,65;10,65;31,65;10,65;31,65;10,65;31,65;10,65;31,65;10,65;31,65;10,65;31,65;10,65;31,65;10,65;31,65;10,65;31,65;10,65;31,65;10,65;31,65;10,65;31,65;10,65;31,65;10,65;31,65;10,65;31,65;10,65;31,65;10,65;
#117:
>0:-1,-1;9,76;10,76;29,77;
#118:
>0:-1,-1;9,80;29,81;10,81;9,81;10,81;9,81;10,81;9,81;10,81;9,81;10,81;9,81;10,81;9,81;10,81;9,81;10,81;9,81;10,81;9,81;10,81;9,81;10,81;9,81;10,81;9,81;10,81;9,81;10,81;9,81;10,81;9,81;10,81;9,81;10,81;9,81;10,81;9,81;10,81;9,81;10,81;9,81;10,81;9,81;10,81;9,81;10,81;9,81;10,81;9,81;10,81;9,81;10,81;9,81;10,81;9,81;10,81;9,81;10,81;9,81;10,81;9,81;10,81;9,81;10,81;9,81;10,81;9,81;10,81;9,81;10,81;9,81;10,81;9,81;10,81;9,81;10,81;9,81;10,81;9,81;10,81;9,81;10,81;9,81;10,81;9,81;10,81;9,81;10,81;9,81;10,81;9,81;10,81;9,81;10,81;9,81;10,81;9,81;10,81;9,81;10,81;9,81;10,81;9,81;10,81;9,81;10,81;9,81;10,81;9,81;10,81;9,81;10,81;9,81;10,81;9,81;10,81;9,81;10,81;9,81;10,81;9,81;10,81;9,81;
#119:
>0:-1,-1;9,90;9,90;
#120:
>0:-1,-1;9,103;9,103;
#121:
>0:-1,-1;9,155;30,156;9,156;29,157;
#122:
>0:-1,-1;9,180;9,182;
#123:
>0:-1,-1;9,189;29,189;29,190;48,191;28,192;27,192;6,193;6,195;27,196;46,196;45,196;25,196;
#124:
>0:-1,-1;9,226;30,226;50,226;50,228;71,228;70,228;49,229;48,230;
#125:
>0:-1,-1;10,16;11,16;30,16;29,16;
#126:
>0:-1,-1;10,33;10,35;29,35;49,35;70,35;50,36;30,37;31,38;
#127:
>0:-1,-1;10,121;10,121;
#128:
>0:-1,-1;10,122;9,123;
#129:
>0:-1,-1;10,122;10,122;
#130:
>0:-1,-1;10,161;29,162;8,162;8,164;
#131:
>0:-1,-1;10,161;10,161;
#132:
>0:-1,-1;10,199;30,199;
#133:
>0:-1,-1;10,207;10,207;
#134:
>0:-1,-1;10,222;30,223;30,224;
#135:
>0:-1,-1;10,235;10,236;11,236;30,237;49,237;69,238;68,239;67,239;46,239;
#136:
>0:-1,-1;11,9;11,9;
#137:
>0:-1,-1;11,9;11,9;
#138:
>0:-1,-1;11,31;11,31;
#139:
>0:-1,-1;11,185;30,186;10,187;31,188;
#140:
>0:-1,-1;11,187;11,189;12,190;32,191;52,191;32,192;
#141:
>0:-1,-1;11,197;11,197;
#142:
>0:-1,-1;11,209;11,209;
#143:
>0:-1,-1;11,232;12,232;32,233;32,235;51,236;51,237;70,238;91,239;71,239;91,239;71,239;91,239;71,239;91,239;71,239;91,239;71,239;91,239;71,239;91,239;71,239;91,239;71,239;91,239;71,239;91,239;71,239;91,239;71,239;91,239;71,239;91,239;71,239;91,239;71,239;91,239;71,239;91,239;71,239;91,239;71,239;91,239;71,239;91,239;71,239;91,239;71,239;91,239;71,239;91,239;71,239;91,239;71,239;91,239;71,239;91,239;71,239;91,239;71,239;91,239;71,239;91,239;71,239;91,239;71,239;91,239;71,239;91,239;71,239;91,239;71,239;91,239;71,239;91,239;71,239;91,239;71,239;91,239;71,239;91,239;71,239;91,239;71,239;91,239;71,239;91,239;71,239;91,239;71,239;91,239;71,239;91,239;71,239;91,239;71,239;91,239;71,239;91,239;71,239;91,239;71,239;91,239;71,239;91,239;71,239;91,239;71,239;91,239;71,239;91,239;71,239;91,239;71,239;91,239;71,239;91,239;71,239;91,239;71,239;91,239;71,239;91,239;71,239;91,239;
#144:
>0:-1,-1;12,3;12,3;
#145:
>0:-1,-1;12,7;12,7;
#146:
>0:-1,-1;12,39;32,40;12,40;11,41;31,41;12,42;12,43;12,45;
#147:
>0:-1,-1;12,81;11,81;10,82;31,83;31,85;52,86;51,87;
#148:
>0:-1,-1;12,111;31,112;50,113;29,114;
#149:
>0:-1,-1;12,180;31,181;51,181;70,181;69,182;90,183;
#150:
>0:-1,-1;12,195;12,195;
#151:
>0:-1,-1;13,21;32,22;13,22;34,22;14,22;14,23;15,23;36,23;35,23;
#152:
>0:-1,-1;13,27;13,27;
#153:
>0:-1,-1;13,45;32,46;
#154:
>0:-1,-1;13,51;32,51;52,51;52,52;51,52;31,52;
#155:
>0:-1,-1;13,68;14,68;13,69;13,71;
#156:
>0:-1,-1;13,68;13,68;
#157:
>0:-1,-1;13,85;14,85;15,86;15,87;15,89;14,89;
#158:
>0:-1,-1;13,87;13,87;
#159:
>0:-1,-1;13,93;34,94;33,94;
#160:
>0:-1,-1;13,100;34,101;34,102;14,102;33,103;
#161:
>0:-1,-1;13,125;33,126;13,127;13,129;34,130;13,130;32,130;13,131;
#162:
>0:-1,-1;13,138;14,138;15,138;
#163:
>0:-1,-1;13,142;34,142;53,143;
#164:
>0:-1,-1;13,153;14,154;35,154;14,155;13,156;33,157;54,158;75,159;54,160;
#165:
>0:-1,-1;13,163;14,164;
#166:
>0:-1,-1;13,195;34,195;35,196;15,197;36,197;
#167:
>0:-1,-1;13,223;13,225;33,226;52,227;33,228;32,228;
#168:
>0:-1,-1;14,33;33,34;32,34;53,34;
#169:
>0:-1,-1;14,34;33,35;53,36;74,37;
#170:
>0:-1,-1;14,72;14,74;
#171:
>0:-1,-1;14,92;14,94;
#172:
>0:-1,-1;14,93;34,93;33,94;
#173:
>0:-1,-1;14,94;14,94;
#174:
>0:-1,-1;14,99;14,99;
#175:
>0:-1,-1;14,101;14,102;33,103;
#176:
>0:-1,-1;14,101;14,102;
#177:
>0:-1,-1;14,101;14,101;
#178:
>0:-1,-1;14,134;13,134;
#179:
>0:-1,-1;14,166;14,167;15,168;34,168;34,170;14,170;13,170;
#180:
>0:-1,-1;14,219;35,219;55,219;
#181:
>0:-1,-1;14,227;35,228;55,228;
#182:
>0:-1,-1;14,227;14,227;
#183:
>0:-1,-1;14,234;33,234;53,234;
#184:
>0:-1,-1;15,13;15,14;15,16;36,16;
#185:
>0:-1,-1;15,56;36,57;37,58;
#186:
>0:-1,-1;15,71;15,73;36,74;
#187:
>0:-1,-1;15,112;36,113;
#188:
>0:-1,-1;15,148;15,148;
#189:
>0:-1,-1;15,157;14,157;14,158;15,159;
#190:
>0:-1,-1;15,209;14,210;
#191:
>0:-1,-1;15,211;36,211;55,211;
#192:
>0:-1,-1;15,217;15,219;
#193:
>0:-1,-1;16,47;35,48;16,49;16,50;15,50;14,51;
#194:
>0:-1,-1;16,52;36,53;
#195:
>0:-1,-1;16,73;17,74;
#196:
>0:-1,-1;16,105;36,105;16,106;
#197:
>0:-1,-1;16,109;15,109;34,110;
#198:
>0:-1,-1;16,164;16,165;36,166;17,167;37,168;57,169;36,170;57,171;
#199:
>0:-1,-1;16,181;17,181;38,182;17,183;36,184;37,185;
#200:
>0:-1,-1;16,181;16,181;
#201:
>0:-1,-1;17,30;18,30;38,31;
#202:
>0:-1,-1;17,79;17,81;36,81;57,81;36,82;
#203:
>0:-1,-1;17,110;17,110;
#204:
>0:-1,-1;17,119;17,121;16,121;36,122;57,123;78,123;
#205:
>0:-1,-1;17,122;16,122;
#206:
>0:-1,-1;17,180;17,180;
#207:
>0:-1,-1;17,190;36,191;57,191;37,191;57,191;37,191;
#208:
>0:-1,-1;17,190;36,191;57,191;37,191;
#209:
>0:-1,-1;18,0;18,1;19,2;
#210:
>0:-1,-1;18,0;19,0;
#211:
>0:-1,-1;18,53;18,54;39,55;59,56;39,57;18,58;17,58;17,60;
#212:
>0:-1,-1;18,61;18,63;
#213:
>0:-1,-1;18,79;37,79;
#214:
>0:-1,-1;18,80;38,80;59,81;
#215:
>0:-1,-1;18,105;37,105;
#216:
>0:-1,-1;18,115;17,115;16,115;
#217:
>0:-1,-1;18,137;17,137;18,137;17,137;18,137;17,137;18,137;17,137;18,137;17,137;18,137;17,137;18,137;17,137;18,137;17,137;18,137;17,137;18,137;17,137;18,137;17,137;18,137;17,137;18,137;17,137;18,137;17,137;18,137;17,137;18,137;17,137;18,137;17,137;18,137;17,137;18,137;17,137;18,137;17,137;18,137;17,137;18,137;17,137;18,137;17,137;18,137;17,137;18,137;17,137;18,137;17,137;18,137;17,137;18,137;17,137;18,137;17,137;18,137;17,137;18,137;17,137;18,137;17,137;18,137;17,137;18,137;17,137;18,137;17,137;18,137;17,137;18,137;17,137;18,137;17,137;18,137;17,137;18,137;17,137;18,137;17,137;18,137;17,137;18,137;17,137;18,137;17,137;18,137;17,137;18,137;17,137;18,137;17,137;18,137;17,137;18,137;17,137;18,137;17,137;18,137;17,137;18,137;17,137;18,137;17,137;18,137;17,137;18,137;17,137;18,137;17,137;18,137;17,137;18,137;17,137;18,137;17,137;18,137;17,137;18,137;17,137;18,137;17,137;
#218:
>0:-1,-1;18,137;18,137;
#219:
>0:-1,-1;18,185;18,185;
#220:
>0:-1,-1;18,199;39,199;18,200;17,201;
#221:
>0:-1,-1;18,208;18,209;
#222:
>0:-1,-1;18,215;37,215;
#223:
>0:-1,-1;19,5;18,6;
#224:
>0:-1,-1;19,20;19,20;
#225:
>0:-1,-1;19,36;18,37;18,38;
#226:
>0:-1,-1;19,38;19,40;19,42;18,42;18,43;18,44;17,44;
#227:
>0:-1,-1;19,40;19,42;18,42;18,43;18,44;17,44;
#228:
>0:-1,-1;19,54;19,54;
#229:
>0:-1,-1;19,99;18,100;
#230:
>0:-1,-1;19,130;18,131;37,132;
#231:
>0:-1,-1;19,139;39,139;
#232:
>0:-1,-1;19,149;38,150;17,150;
#233:
>0:-1,-1;19,149;38,150;
#234:
>0:-1,-1;19,170;38,171;59,172;58,172;39,172;
#235:
>0:-1,-1;19,171;38,171;59,172;58,172;39,172;
#236:
>0:-1,-1;19,210;38,210;19,211;18,212;
#237:
>0:-1,-1;19,217;38,217;59,217;78,217;59,218;
#238:
>0:-1,-1;19,221;38,221;
#239:
>0:-1,-1;19,232;19,234;18,234;
#240:
>0:-1,-1;20,39;40,40;
#241:
>0:-1,-1;20,40;0,41;
#242:
>0:-1,-1;20,95;41,96;21,96;22,97;23,98;44,99;63,99;
#243:
>0:-1,-1;20,99;21,100;22,101;
#244:
>0:-1,-1;20,122;20,122;
#245:
>0:-1,-1;20,126;20,126;
#246:
>0:-1,-1;20,145;20,145;
#247:
>0:-1,-1;20,174;40,175;61,176;60,177;
#248:
>0:-1,-1;20,237;20,237;
#249:
>0:-1,-1;21,5;22,5;
#250:
>0:-1,-1;21,19;20,20;41,21;
#251:
>0:-1,-1;21,37;22,38;42,38;62,39;
#252:
>0:-1,-1;21,37;41,38;41,40;42,41;43,41;64,42;44,43;64,44;65,44;45,44;44,44;
#253:
>0:-1,-1;21,48;22,49;2,49;23,49;
#254:
>0:-1,-1;21,48;22,49;43,49;23,50;
#255:
>0:-1,-1;21,52;40,53;
#256:
>0:-1,-1;21,76;20,77;
#257:
>0:-1,-1;21,107;21,109;
#258:
>0:-1,-1;21,144;1,144;1,145;0,146;21,146;20,146;
#259:
>0:-1,-1;21,144;41,144;
#260:
>0:-1,-1;21,147;41,148;61,149;81,149;102,150;81,150;102,150;81,150;102,150;81,150;102,150;81,150;102,150;81,150;102,150;81,150;102,150;81,150;102,150;81,150;102,150;81,150;102,150;81,150;102,150;81,150;102,150;81,150;102,150;81,150;102,150;81,150;102,150;81,150;102,150;81,150;102,150;81,150;102,150;81,150;102,150;81,150;102,150;81,150;102,150;81,150;102,150;81,150;102,150;81,150;102,150;81,150;102,150;81,150;102,150;81,150;102,150;81,150;102,150;81,150;102,150;81,150;102,150;81,150;102,150;81,150;102,150;81,150;102,150;81,150;102,150;81,150;102,150;81,150;102,150;81,150;102,150;81,150;102,150;81,150;102,150;81,150;102,150;81,150;102,150;81,150;102,150;81,150;102,150;81,150;102,150;81,150;102,150;81,150;102,150;81,150;102,150;81,150;102,150;81,150;102,150;81,150;102,150;81,150;102,150;81,150;102,150;81,150;102,150;81,150;102,150;81,150;102,150;81,150;102,150;81,150;102,150;81,150;102,150;81,150;102,150;81,150;102,150;81,150;
#261:
>0:-1,-1;21,147;21,147;
#262:
>0:-1,-1;21,165;20,166;0,166;
#263:
>0:-1,-1;21,165;20,166;
#264:
>0:-1,-1;21,188;40,188;61,189;60,190;
#265:
>0:-1,-1;21,198;21,200;
#266:
>0:-1,-1;21,200;1,200;20,201;40,201;
#267:
>0:-1,-1;21,200;21,200;
#268:
>0:-1,-1;21,222;0,222;
#269:
>0:-1,-1;22,3;22,3;
#270:
>0:-1,-1;22,71;41,71;61,71;82,72;81,72;81,74;82,74;63,74;43,75;63,75;
#271:
>0:-1,-1;22,81;2,81;22,82;1,82;22,82;1,82;22,82;1,82;22,82;1,82;22,82;1,82;22,82;1,82;22,82;1,82;22,82;1,82;22,82;1,82;22,82;1,82;22,82;1,82;22,82;1,82;22,82;1,82;22,82;1,82;22,82;1,82;22,82;1,82;22,82;1,82;22,82;1,82;22,82;1,82;22,82;1,82;22,82;1,82;22,82;1,82;22,82;1,82;22,82;1,82;22,82;1,82;22,82;1,82;22,82;1,82;22,82;1,82;22,82;1,82;22,82;1,82;22,82;1,82;22,82;1,82;22,82;1,82;22,82;1,82;22,82;1,82;22,82;1,82;22,82;1,82;22,82;1,82;22,82;1,82;22,82;1,82;22,82;1,82;22,82;1,82;22,82;1,82;22,82;1,82;22,82;1,82;22,82;1,82;22,82;1,82;22,82;1,82;22,82;1,82;22,82;1,82;22,82;1,82;22,82;1,82;22,82;1,82;22,82;1,82;22,82;1,82;22,82;1,82;22,82;1,82;22,82;1,82;22,82;1,82;22,82;1,82;22,82;1,82;
#272:
>0:-1,-1;22,81;2,81;
#273:
>0:-1,-1;22,105;43,106;22,106;41,106;
#274:
>0:-1,-1;22,136;22,136;
#275:
>0:-1,-1;22,137;43,137;
#276:
>0:-1,-1;22,142;23,143;43,143;
#277:
>0:-1,-1;22,166;42,166;23,167;22,167;1,167;22,167;1,167;22,167;1,167;22,167;1,167;22,167;1,167;22,167;1,167;22,167;1,167;22,167;1,167;22,167;1,167;22,167;1,167;22,167;1,167;22,167;1,167;22,167;1,167;22,167;1,167;22,167;1,167;22,167;1,167;22,167;1,167;22,167;1,167;22,167;1,167;22,167;1,167;22,167;1,167;22,167;1,167;22,167;1,167;22,167;1,167;22,167;1,167;22,167;1,167;22,167;1,167;22,167;1,167;22,167;1,167;22,167;1,167;22,167;1,167;22,167;1,167;22,167;1,167;22,167;1,167;22,167;1,167;22,167;1,167;22,167;1,167;22,167;1,167;22,167;1,167;22,167;1,167;22,167;1,167;22,167;1,167;22,167;1,167;22,167;1,167;22,167;1,167;22,167;1,167;22,167;1,167;22,167;1,167;22,167;1,167;22,167;1,167;22,167;1,167;22,167;1,167;22,167;1,167;22,167;1,167;22,167;1,167;22,167;1,167;22,167;1,167;22,167;1,167;22,167;1,167;22,167;1,167;22,167;
#278:
>0:-1,-1;22,184;42,184;
#279:
>0:-1,-1;22,193;22,193;
#280:
>0:-1,-1;22,208;21,208;21,210;0,211;1,211;1,213;
#281:
>0:-1,-1;23,34;42,35;41,35;21,35;2,35;23,35;
#282:
>0:-1,-1;23,58;23,58;
#283:
>0:-1,-1;23,86;3,86;
#284:
>0:-1,-1;23,86;24,86;24,88;24,90;44,90;24,91;43,92;22,92;41,93;41,95;41,96;21,96;22,97;23,98;44,99;63,99;
#285:
>0:-1,-1;23,87;23,87;
#286:
>0:-1,-1;23,177;23,177;
#287:
>0:-1,-1;23,183;2,184;21,184;2,184;21,184;2,184;21,184;2,184;21,184;2,184;21,184;2,184;21,184;2,184;21,184;2,184;21,184;2,184;21,184;2,184;21,184;2,184;21,184;2,184;21,184;2,184;21,184;2,184;21,184;2,184;21,184;2,184;21,184;2,184;21,184;2,184;21,184;2,184;21,184;2,184;21,184;2,184;21,184;2,184;21,184;2,184;21,184;2,184;21,184;2,184;21,184;2,184;21,184;2,184;21,184;2,184;21,184;2,184;21,184;2,184;21,184;2,184;21,184;2,184;21,184;2,184;21,184;2,184;21,184;2,184;21,184;2,184;21,184;2,184;21,184;2,184;21,184;2,184;21,184;2,184;21,184;2,184;21,184;2,184;21,184;2,184;21,184;2,184;21,184;2,184;21,184;2,184;21,184;2,184;21,184;2,184;21,184;2,184;21,184;2,184;21,184;2,184;21,184;2,184;21,184;2,184;21,184;2,184;21,184;2,184;21,184;2,184;21,184;2,184;21,184;2,184;21,184;2,184;21,184;2,184;21,184;2,184;21,184;2,184;
#288:
>0:-1,-1;23,183;44,183;25,184;
#289:
>0:-1,-1;23,221;4,221;23,222;
#290:
>0:-1,-1;23,223;44,224;43,224;23,224;
#291:
>0:-1,-1;24,16;24,16;
#292:
>0:-1,-1;24,53;24,54;45,55;45,57;65,58;45,59;
#293:
>0:-1,-1;24,53;24,54;
#294:
>0:-1,-1;24,53;24,53;
#295:
>0:-1,-1;24,64;44,64;
#296:
>0:-1,-1;24,105;3,105;4,105;4,106;4,108;23,108;
#297:
>0:-1,-1;24,118;4,118;
#298:
>0:-1,-1;24,132;24,132;
#299:
>0:-1,-1;24,173;24,173;
#300:
>0:-1,-1;24,180;24,180;
#301:
>0:-1,-1;24,209;44,209;65,210;84,211;103,212;124,213;105,214;125,215;
#302:
>0:-1,-1;25,0;44,0;25,1;
#303:
>0:-1,-1;25,0;44,0;
#304:
>0:-1,-1;25,2;25,4;5,5;6,5;7,6;26,7;7,7;7,8;6,8;25,8;
#305:
>0:-1,-1;25,38;26,39;27,40;48,41;27,42;6,43;5,44;25,44;5,45;26,45;26,47;46,48;
#306:
>0:-1,-1;25,49;4,50;24,50;43,50;63,50;82,50;102,51;121,52;
#307:
>0:-1,-1;25,49;45,50;
#308:
>0:-1,-1;25,62;5,62;5,63;6,64;27,65;6,66;26,66;25,66;
#309:
>0:-1,-1;25,62;5,62;24,63;44,64;
#310:
>0:-1,-1;25,62;24,62;3,62;2,62;3,63;2,63;
#311:
>0:-1,-1;25,62;26,63;47,63;
#312:
>0:-1,-1;25,62;25,62;
#313:
>0:-1,-1;25,81;46,81;47,81;67,81;86,82;66,82;
#314:
>0:-1,-1;25,132;26,132;25,133;24,134;24,136;3,137;23,137;3,137;23,137;3,137;23,137;3,137;23,137;3,137;23,137;3,137;23,137;3,137;23,137;3,137;23,137;3,137;23,137;3,137;23,137;3,137;23,137;3,137;23,137;3,137;23,137;3,137;23,137;3,137;23,137;3,137;23,137;3,137;23,137;3,137;23,137;3,137;23,137;3,137;23,137;3,137;23,137;3,137;23,137;3,137;23,137;3,137;23,137;3,137;23,137;3,137;23,137;3,137;23,137;3,137;23,137;3,137;23,137;3,137;23,137;3,137;23,137;3,137;23,137;3,137;23,137;3,137;23,137;3,137;23,137;3,137;23,137;3,137;23,137;3,137;23,137;3,137;23,137;3,137;23,137;3,137;23,137;3,137;23,137;3,137;23,137;3,137;23,137;3,137;23,137;3,137;23,137;3,137;23,137;3,137;23,137;3,137;23,137;3,137;23,137;3,137;23,137;3,137;23,137;3,137;23,137;3,137;23,137;3,137;23,137;3,137;23,137;3,137;23,137;3,137;23,137;3,137;23,137;3,137;
#315:
>0:-1,-1;25,137;25,137;
#316:
>0:-1,-1;25,188;4,189;4,190;5,190;5,191;24,191;23,191;
#317:
>0:-1,-1;25,220;24,220;24,221;
#318:
>0:-1,-1;25,222;25,222;
#319:
>0:-1,-1;25,238;5,238;4,239;23,239;
#320:
>0:-1,-1;26,5;47,5;68,6;88,6;69,7;89,8;89,9;110,10;110,11;109,11;130,11;131,11;
#321:
>0:-1,-1;26,39;27,40;48,41;27,42;6,43;5,44;25,44;5,45;26,45;26,47;46,48;
#322:
>0:-1,-1;26,52;25,53;45,54;
#323:
>0:-1,-1;26,58;7,59;
#324:
>0:-1,-1;26,58;26,59;
#325:
>0:-1,-1;26,108;5,109;
#326:
>0:-1,-1;26,119;26,121;
#327:
>0:-1,-1;26,121;26,121;
#328:
>0:-1,-1;26,123;45,123;45,125;64,125;64,126;63,126;42,127;23,127;
#329:
>0:-1,-1;26,127;46,128;
#330:
>0:-1,-1;26,160;26,160;
#331:
>0:-1,-1;26,173;6,174;5,174;5,176;
#332:
>0:-1,-1;26,191;46,191;
#333:
>0:-1,-1;26,203;26,203;
#334:
>0:-1,-1;26,219;25,220;24,220;24,221;
#335:
>0:-1,-1;27,36;47,36;46,36;
#336:
>0:-1,-1;27,39;27,39;
#337:
>0:-1,-1;27,49;27,51;8,52;7,53;27,53;28,53;27,54;
#338:
>0:-1,-1;27,98;48,98;68,98;
#339:
>0:-1,-1;27,106;48,106;
#340:
>0:-1,-1;27,117;27,117;
#341:
>0:-1,-1;27,158;27,158;
#342:
>0:-1,-1;27,185;47,186;47,187;27,188;46,188;
#343:
>0:-1,-1;27,192;6,193;6,195;27,196;46,196;45,196;25,196;
#344:
>0:-1,-1;27,220;27,220;
#345:
>0:-1,-1;28,5;7,6;26,7;7,7;7,8;6,8;25,8;
#346:
>0:-1,-1;28,15;47,15;47,16;
#347:
>0:-1,-1;28,33;48,34;28,35;
#348:
>0:-1,-1;28,36;9,36;29,36;50,36;30,37;31,38;
#349:
>0:-1,-1;28,50;9,50;
#350:
>0:-1,-1;28,72;28,72;
#351:
>0:-1,-1;28,74;49,75;49,76;
#352:
>0:-1,-1;28,120;49,120;28,121;27,121;8,122;28,122;48,122;67,122;88,123;
#353:
>0:-1,-1;28,123;29,123;
#354:
>0:-1,-1;28,127;9,127;30,128;
#355:
>0:-1,-1;28,140;28,140;
#356:
>0:-1,-1;28,180;29,181;50,182;29,182;28,182;9,182;
#357:
>0:-1,-1;28,190;27,191;26,192;
#358:
>0:-1,-1;29,18;30,19;29,20;49,21;68,22;
#359:
>0:-1,-1;29,65;9,66;8,67;
#360:
>0:-1,-1;29,72;29,72;
#361:
>0:-1,-1;29,101;28,101;
#362:
>0:-1,-1;29,118;29,118;
#363:
>0:-1,-1;29,133;30,134;11,135;11,136;11,137;32,138;
#364:
>0:-1,-1;29,161;28,162;27,162;8,162;8,164;
#365:
>0:-1,-1;29,166;9,167;28,167;47,168;67,168;67,170;
#366:
>0:-1,-1;29,170;48,171;27,171;28,172;9,172;8,172;8,174;29,175;48,176;47,176;26,177;45,177;66,177;67,178;48,178;28,178;27,179;
#367:
>0:-1,-1;29,183;29,183;
#368:
>0:-1,-1;29,221;29,221;
#369:
>0:-1,-1;30,19;29,20;49,21;68,22;
#370:
>0:-1,-1;30,57;30,57;
#371:
>0:-1,-1;30,58;49,58;
#372:
>0:-1,-1;30,73;30,73;
#373:
>0:-1,-1;30,76;10,77;10,78;
#374:
>0:-1,-1;30,92;30,92;
#375:
>0:-1,-1;30,130;51,130;32,131;33,131;52,131;33,132;34,132;
#376:
>0:-1,-1;30,143;49,143;70,144;69,145;48,145;
#377:
>0:-1,-1;30,158;29,159;
#378:
>0:-1,-1;30,158;31,159;
#379:
>0:-1,-1;30,166;31,166;30,166;31,166;30,166;31,166;30,166;31,166;30,166;31,166;30,166;31,166;30,166;31,166;30,166;31,166;30,166;31,166;30,166;31,166;30,166;31,166;30,166;31,166;30,166;31,166;30,166;31,166;30,166;31,166;30,166;31,166;30,166;31,166;30,166;31,166;30,166;31,166;30,166;31,166;30,166;31,166;30,166;31,166;30,166;31,166;30,166;31,166;30,166;31,166;30,166;31,166;30,166;31,166;30,166;31,166;30,166;31,166;30,166;31,166;30,166;31,166;30,166;31,166;30,166;31,166;30,166;31,166;30,166;31,166;30,166;31,166;30,166;31,166;30,166;31,166;30,166;31,166;30,166;31,166;30,166;31,166;30,166;31,166;30,166;31,166;30,166;31,166;30,166;31,166;30,166;31,166;30,166;31,166;30,166;31,166;30,166;31,166;30,166;31,166;30,166;31,166;30,166;31,166;30,166;31,166;30,166;31,166;30,166;31,166;30,166;31,166;30,166;31,166;30,166;31,166;30,166;31,166;30,166;31,166;30,166;31,166;30,166;31,166;
#380:
>0:-1,-1;30,208;51,208;52,209;
#381:
>0:-1,-1;30,214;10,215;29,215;49,215;69,216;89,217;88,218;108,218;
#382:
>0:-1,-1;30,220;9,221;29,221;
#383:
>0:-1,-1;31,17;31,17;
#384:
>0:-1,-1;31,36;32,37;31,38;
#385:
>0:-1,-1;31,38;31,38;
#386:
>0:-1,-1;31,79;31,79;
#387:
>0:-1,-1;31,100;31,100;
#388:
>0:-1,-1;31,105;52,106;31,106;
#389:
>0:-1,-1;31,108;31,110;
#390:
>0:-1,-1;31,126;31,126;
#391:
>0:-1,-1;31,130;52,130;71,130;72,131;73,131;54,132;34,133;15,134;14,134;13,134;
#392:
>0:-1,-1;31,138;50,138;30,139;50,140;29,141;
#393:
>0:-1,-1;31,171;31,171;
#394:
>0:-1,-1;31,175;10,176;9,176;30,177;
#395:
>0:-1,-1;31,230;31,230;
#396:
>0:-1,-1;31,233;11,234;32,234;51,234;70,235;50,235;69,235;48,235;27,235;47,235;67,235;48,235;27,235;47,235;67,235;48,235;27,235;47,235;67,235;48,235;27,235;47,235;67,235;48,235;27,235;47,235;67,235;48,235;27,235;47,235;67,235;48,235;27,235;47,235;67,235;48,235;27,235;47,235;67,235;48,235;27,235;47,235;67,235;48,235;27,235;47,235;67,235;48,235;27,235;47,235;67,235;48,235;27,235;47,235;67,235;48,235;27,235;47,235;67,235;48,235;27,235;47,235;67,235;48,235;27,235;47,235;67,235;48,235;27,235;47,235;67,235;48,235;27,235;47,235;67,235;48,235;27,235;47,235;67,235;48,235;27,235;47,235;67,235;48,235;27,235;47,235;67,235;48,235;27,235;47,235;67,235;48,235;27,235;47,235;67,235;48,235;27,235;47,235;67,235;48,235;27,235;47,235;67,235;48,235;27,235;47,235;67,235;48,235;27,235;47,235;67,235;48,235;27,235;47,235;67,235;48,235;27,235;47,235;67,235;48,235;27,235;47,235;67,235;48,235;
#397:
>0:-1,-1;32,2;13,2;32,3;32,5;33,6;14,6;34,7;34,8;
#398:
>0:-1,-1;32,23;32,23;
#399:
>0:-1,-1;32,43;31,44;
#400:
>0:-1,-1;32,46;12,46;
#401:
>0:-1,-1;32,46;52,46;31,46;50,47;51,47;
#402:
>0:-1,-1;32,58;52,59;
#403:
>0:-1,-1;32,76;11,76;10,76;29,77;
#404:
>0:-1,-1;32,91;51,91;
#405:
>0:-1,-1;32,96;33,97;33,99;
#406:
>0:-1,-1;32,156;53,156;34,156;53,157;33,157;54,158;75,159;54,160;
#407:
>0:-1,-1;32,158;52,158;
#408:
>0:-1,-1;32,167;13,167;
#409:
>0:-1,-1;32,214;31,214;
#410:
>0:-1,-1;33,14;52,15;31,16;11,17;
#411:
>0:-1,-1;33,36;12,37;
#412:
>0:-1,-1;33,114;32,114;
#413:
>0:-1,-1;33,165;52,166;53,166;74,167;55,168;56,168;37,169;
#414:
>0:-1,-1;33,181;33,181;
#415:
>0:-1,-1;33,186;13,187;34,188;14,189;
#416:
>0:-1,-1;33,198;52,199;
#417:
>0:-1,-1;33,201;14,202;
#418:
>0:-1,-1;33,210;33,210;
#419:
>0:-1,-1;33,213;52,213;
#420:
>0:-1,-1;33,214;33,214;
#421:
>0:-1,-1;33,237;54,238;55,238;35,239;34,239;54,239;33,239;12,239;32,239;12,239;32,239;12,239;32,239;12,239;32,239;12,239;32,239;12,239;32,239;12,239;32,239;12,239;32,239;12,239;32,239;12,239;32,239;12,239;32,239;12,239;32,239;12,239;32,239;12,239;32,239;12,239;32,239;12,239;32,239;12,239;32,239;12,239;32,239;12,239;32,239;12,239;32,239;12,239;32,239;12,239;32,239;12,239;32,239;12,239;32,239;12,239;32,239;12,239;32,239;12,239;32,239;12,239;32,239;12,239;32,239;12,239;32,239;12,239;32,239;12,239;32,239;12,239;32,239;12,239;32,239;12,239;32,239;12,239;32,239;12,239;32,239;12,239;32,239;12,239;32,239;12,239;32,239;12,239;32,239;12,239;32,239;12,239;32,239;12,239;32,239;12,239;32,239;12,239;32,239;12,239;32,239;12,239;32,239;12,239;32,239;12,239;32,239;12,239;32,239;12,239;32,239;12,239;32,239;12,239;32,239;12,239;32,239;12,239;32,239;12,239;32,239;12,239;32,239;12,239;
#422:
>0:-1,-1;33,237;54,238;55,238;
#423:
>0:-1,-1;34,128;34,130;13,130;32,130;13,131;
#424:
>0:-1,-1;34,147;55,147;76,148;55,149;35,149;35,151;16,152;15,152;14,153;13,154;
#425:
>0:-1,-1;34,157;14,158;15,159;
#426:
>0:-1,-1;34,165;54,165;
#427:
>0:-1,-1;34,185;34,185;
#428:
>0:-1,-1;34,198;54,199;33,200;34,200;
#429:
>0:-1,-1;34,213;15,213;15,214;
#430:
>0:-1,-1;34,216;53,217;
#431:
>0:-1,-1;34,232;33,233;12,233;12,234;31,234;32,235;51,236;51,237;70,238;91,239;71,239;91,239;71,239;91,239;71,239;91,239;71,239;91,239;71,239;91,239;71,239;91,239;71,239;91,239;71,239;91,239;71,239;91,239;71,239;91,239;71,239;91,239;71,239;91,239;71,239;91,239;71,239;91,239;71,239;91,239;71,239;91,239;71,239;91,239;71,239;91,239;71,239;91,239;71,239;91,239;71,239;91,239;71,239;91,239;71,239;91,239;71,239;91,239;71,239;91,239;71,239;91,239;71,239;91,239;71,239;91,239;71,239;91,239;71,239;91,239;71,239;91,239;71,239;91,239;71,239;91,239;71,239;91,239;71,239;91,239;71,239;91,239;71,239;91,239;71,239;91,239;71,239;91,239;71,239;91,239;71,239;91,239;71,239;91,239;71,239;91,239;71,239;91,239;71,239;91,239;71,239;91,239;71,239;91,239;71,239;91,239;71,239;91,239;71,239;91,239;71,239;91,239;71,239;91,239;71,239;91,239;71,239;91,239;71,239;91,239;71,239;91,239;71,239;91,239;
#432:
>0:-1,-1;35,0;34,1;13,2;32,3;32,5;33,6;14,6;34,7;34,8;
#433:
>0:-1,-1;35,11;15,11;36,11;17,11;
#434:
>0:-1,-1;35,22;16,23;36,24;37,25;
#435:
>0:-1,-1;35,25;54,25;33,25;13,26;32,26;52,27;32,28;13,28;33,29;52,29;
#436:
>0:-1,-1;35,25;56,26;
#437:
>0:-1,-1;35,37;14,37;
#438:
>0:-1,-1;35,51;35,51;
#439:
>0:-1,-1;35,57;36,57;37,58;
#440:
>0:-1,-1;35,77;34,77;53,77;74,77;75,78;74,79;55,79;35,80;
#441:
>0:-1,-1;35,82;54,83;74,83;55,83;54,83;74,83;55,83;54,83;74,83;55,83;54,83;74,83;55,83;54,83;74,83;55,83;54,83;74,83;55,83;54,83;74,83;55,83;54,83;74,83;55,83;54,83;74,83;55,83;54,83;74,83;55,83;54,83;74,83;55,83;54,83;74,83;55,83;54,83;74,83;55,83;54,83;74,83;55,83;54,83;74,83;55,83;54,83;74,83;55,83;54,83;74,83;55,83;54,83;74,83;55,83;54,83;74,83;55,83;54,83;74,83;55,83;54,83;74,83;55,83;54,83;74,83;55,83;54,83;74,83;55,83;54,83;74,83;55,83;54,83;74,83;55,83;54,83;74,83;55,83;54,83;74,83;55,83;54,83;74,83;55,83;54,83;74,83;55,83;54,83;74,83;55,83;54,83;74,83;55,83;54,83;74,83;55,83;54,83;74,83;55,83;54,83;74,83;55,83;54,83;74,83;55,83;54,83;74,83;55,83;54,83;74,83;55,83;54,83;74,83;55,83;54,83;74,83;55,83;54,83;74,83;55,83;54,83;74,83;55,83;
#442:
>0:-1,-1;35,87;35,87;
#443:
>0:-1,-1;35,90;15,91;
#444:
>0:-1,-1;35,96;54,97;35,98;55,98;34,99;55,100;76,101;
#445:
>0:-1,-1;35,96;54,97;54,99;
#446:
>0:-1,-1;35,139;35,139;
#447:
>0:-1,-1;35,142;35,142;
#448:
>0:-1,-1;35,161;35,163;36,164;15,164;
#449:
>0:-1,-1;35,165;35,165;
#450:
>0:-1,-1;35,202;55,202;54,203;53,203;74,203;55,203;
#451:
>0:-1,-1;35,205;35,205;
#452:
>0:-1,-1;35,215;34,216;53,217;
#453:
>0:-1,-1;35,224;36,225;55,226;34,227;
#454:
>0:-1,-1;36,1;36,1;
#455:
>0:-1,-1;36,64;36,64;
#456:
>0:-1,-1;36,96;57,97;
#457:
>0:-1,-1;36,101;35,102;
#458:
>0:-1,-1;36,124;17,125;
#459:
>0:-1,-1;36,139;36,139;
#460:
>0:-1,-1;36,149;57,149;
#461:
>0:-1,-1;36,163;36,163;
#462:
>0:-1,-1;37,7;57,7;37,8;37,9;56,9;75,9;
#463:
>0:-1,-1;37,23;37,23;
#464:
>0:-1,-1;37,116;37,118;
#465:
>0:-1,-1;37,147;36,147;56,147;56,148;36,148;
#466:
>0:-1,-1;37,164;37,164;
#467:
>0:-1,-1;37,194;18,195;18,196;
#468:
>0:-1,-1;37,217;17,217;17,218;38,219;18,220;
#469:
>0:-1,-1;37,217;37,219;16,219;15,219;
#470:
>0:-1,-1;38,34;39,34;18,35;38,35;17,36;17,37;
#471:
>0:-1,-1;38,58;38,58;
#472:
>0:-1,-1;38,70;38,71;37,72;38,72;
#473:
>0:-1,-1;38,79;18,80;38,80;59,81;
#474:
>0:-1,-1;38,79;58,80;
#475:
>0:-1,-1;38,105;18,105;37,105;
#476:
>0:-1,-1;38,122;38,122;
#477:
>0:-1,-1;38,182;17,183;36,184;37,185;
#478:
>0:-1,-1;38,184;57,185;
#479:
>0:-1,-1;38,188;39,188;59,189;78,190;
#480:
>0:-1,-1;39,10;59,10;79,10;99,11;99,12;98,13;117,13;
#481:
>0:-1,-1;39,14;39,14;
#482:
>0:-1,-1;39,14;39,14;
#483:
>0:-1,-1;39,35;39,35;
#484:
>0:-1,-1;39,35;39,35;
#485:
>0:-1,-1;39,35;39,35;
#486:
>0:-1,-1;39,35;39,35;
#487:
>0:-1,-1;39,41;18,42;18,43;18,44;17,44;
#488:
>0:-1,-1;39,61;39,61;
#489:
>0:-1,-1;39,63;18,64;37,65;16,65;
#490:
>0:-1,-1;39,81;19,81;18,81;39,81;19,81;18,81;39,81;19,81;18,81;39,81;19,81;18,81;39,81;19,81;18,81;39,81;19,81;18,81;39,81;19,81;18,81;39,81;19,81;18,81;39,81;19,81;18,81;39,81;19,81;18,81;39,81;19,81;18,81;39,81;19,81;18,81;39,81;19,81;18,81;39,81;19,81;18,81;39,81;19,81;18,81;39,81;19,81;18,81;39,81;19,81;18,81;39,81;19,81;18,81;39,81;19,81;18,81;39,81;19,81;18,81;39,81;19,81;18,81;39,81;19,81;18,81;39,81;19,81;18,81;39,81;19,81;18,81;39,81;19,81;18,81;39,81;19,81;18,81;39,81;19,81;18,81;39,81;19,81;18,81;39,81;19,81;18,81;39,81;19,81;18,81;39,81;19,81;18,81;39,81;19,81;18,81;39,81;19,81;18,81;39,81;19,81;18,81;39,81;19,81;18,81;39,81;19,81;18,81;39,81;19,81;18,81;39,81;19,81;18,81;39,81;19,81;18,81;39,81;19,81;18,81;39,81;19,81;18,81;39,81;
#491:
>0:-1,-1;39,101;19,102;
#492:
>0:-1,-1;39,102;59,103;79,103;59,103;79,103;59,103;79,103;59,103;79,103;59,103;79,103;59,103;79,103;59,103;79,103;59,103;79,103;59,103;79,103;59,103;79,103;59,103;79,103;59,103;79,103;59,103;79,103;59,103;79,103;59,103;79,103;59,103;79,103;59,103;79,103;59,103;79,103;59,103;79,103;59,103;79,103;59,103;79,103;59,103;79,103;59,103;79,103;59,103;79,103;59,103;79,103;59,103;79,103;59,103;79,103;59,103;79,103;59,103;79,103;59,103;79,103;59,103;79,103;59,103;79,103;59,103;79,103;59,103;79,103;59,103;79,103;59,103;79,103;59,103;79,103;59,103;79,103;59,103;79,103;59,103;79,103;59,103;79,103;59,103;79,103;59,103;79,103;59,103;79,103;59,103;79,103;59,103;79,103;59,103;79,103;59,103;79,103;59,103;79,103;59,103;79,103;59,103;79,103;59,103;79,103;59,103;79,103;59,103;79,103;59,103;79,103;59,103;79,103;59,103;79,103;59,103;79,103;59,103;79,103;59,103;79,103;59,103;79,103;59,103;
#493:
>0:-1,-1;39,174;19,174;
#494:
>0:-1,-1;39,177;39,177;
#495:
>0:-1,-1;39,183;19,184;39,184;39,186;18,187;37,188;37,190;17,190;36,191;57,191;37,191;
#496:
>0:-1,-1;39,214;58,215;58,217;58,219;79,219;59,219;
#497:
>0:-1,-1;40,3;40,5;41,5;
#498:
>0:-1,-1;40,28;21,29;40,29;40,30;60,30;81,30;81,31;82,32;
#499:
>0:-1,-1;40,50;60,50;81,50;
#500:
>0:-1,-1;40,52;21,53;2,53;
#501:
>0:-1,-1;40,60;40,60;
#502:
>0:-1,-1;40,78;20,79;1,79;1,81;20,81;40,81;
#503:
>0:-1,-1;40,106;60,106;
#504:
>0:-1,-1;40,106;40,106;
#505:
>0:-1,-1;40,107;60,108;
#506:
>0:-1,-1;40,120;41,121;40,121;
#507:
>0:-1,-1;40,174;60,175;40,175;61,176;60,177;
#508:
>0:-1,-1;40,175;61,176;60,177;
#509:
>0:-1,-1;40,176;40,176;
#510:
>0:-1,-1;40,180;41,181;60,181;61,181;62,182;82,182;82,183;81,184;62,185;
#511:
>0:-1,-1;40,211;60,211;61,212;62,213;
#512:
>0:-1,-1;41,1;41,1;
#513:
>0:-1,-1;41,80;21,80;40,81;
#514:
>0:-1,-1;41,93;41,95;41,96;21,96;22,97;23,98;44,99;63,99;
#515:
>0:-1,-1;41,110;60,110;41,111;61,111;82,111;82,113;63,114;
#516:
>0:-1,-1;41,117;62,117;43,118;
#517:
>0:-1,-1;41,122;41,122;
#518:
>0:-1,-1;41,123;22,124;2,125;23,126;3,126;3,127;23,127;
#519:
>0:-1,-1;41,136;60,137;
#520:
>0:-1,-1;41,141;61,141;62,141;81,142;
#521:
>0:-1,-1;41,150;22,151;23,151;4,151;5,151;5,153;24,153;44,153;
#522:
>0:-1,-1;41,162;41,162;
#523:
>0:-1,-1;41,171;21,171;41,171;21,171;41,171;21,171;41,171;21,171;41,171;21,171;41,171;21,171;41,171;21,171;41,171;21,171;41,171;21,171;41,171;21,171;41,171;21,171;41,171;21,171;41,171;21,171;41,171;21,171;41,171;21,171;41,171;21,171;41,171;21,171;41,171;21,171;41,171;21,171;41,171;21,171;41,171;21,171;41,171;21,171;41,171;21,171;41,171;21,171;41,171;21,171;41,171;21,171;41,171;21,171;41,171;21,171;41,171;21,171;41,171;21,171;41,171;21,171;41,171;21,171;41,171;21,171;41,171;21,171;41,171;21,171;41,171;21,171;41,171;21,171;41,171;21,171;41,171;21,171;41,171;21,171;41,171;21,171;41,171;21,171;41,171;21,171;41,171;21,171;41,171;21,171;41,171;21,171;41,171;21,171;41,171;21,171;41,171;21,171;41,171;21,171;41,171;21,171;41,171;21,171;41,171;21,171;41,171;21,171;41,171;21,171;41,171;21,171;41,171;21,171;41,171;21,171;41,171;21,171;41,171;21,171;41,171;21,171;41,171;21,171;
#524:
>0:-1,-1;41,209;41,211;40,211;60,211;61,212;62,213;
#525:
>0:-1,-1;41,232;40,232;41,232;40,232;41,232;40,232;41,232;40,232;41,232;40,232;41,232;40,232;41,232;40,232;41,232;40,232;41,232;40,232;41,232;40,232;41,232;40,232;41,232;40,232;41,232;40,232;41,232;40,232;41,232;40,232;41,232;40,232;41,232;40,232;41,232;40,232;41,232;40,232;41,232;40,232;41,232;40,232;41,232;40,232;41,232;40,232;41,232;40,232;41,232;40,232;41,232;40,232;41,232;40,232;41,232;40,232;41,232;40,232;41,232;40,232;41,232;40,232;41,232;40,232;41,232;40,232;41,232;40,232;41,232;40,232;41,232;40,232;41,232;40,232;41,232;40,232;41,232;40,232;41,232;40,232;41,232;40,232;41,232;40,232;41,232;40,232;41,232;40,232;41,232;40,232;41,232;40,232;41,232;40,232;41,232;40,232;41,232;40,232;41,232;40,232;41,232;40,232;41,232;40,232;41,232;40,232;41,232;40,232;41,232;40,232;41,232;40,232;41,232;40,232;41,232;40,232;41,232;40,232;41,232;40,232;41,232;40,232;41,232;40,232;
#526:
>0:-1,-1;41,233;61,233;82,233;83,233;
#527:
>0:-1,-1;42,54;42,54;
#528:
>0:-1,-1;42,68;62,68;62,69;82,70;61,70;42,70;62,70;42,70;62,70;42,70;62,70;42,70;62,70;42,70;62,70;42,70;62,70;42,70;62,70;42,70;62,70;42,70;62,70;42,70;62,70;42,70;62,70;42,70;62,70;42,70;62,70;42,70;62,70;42,70;62,70;42,70;62,70;42,70;62,70;42,70;62,70;42,70;62,70;42,70;62,70;42,70;62,70;42,70;62,70;42,70;62,70;42,70;62,70;42,70;62,70;42,70;62,70;42,70;62,70;42,70;62,70;42,70;62,70;42,70;62,70;42,70;62,70;42,70;62,70;42,70;62,70;42,70;62,70;42,70;62,70;42,70;62,70;42,70;62,70;42,70;62,70;42,70;62,70;42,70;62,70;42,70;62,70;42,70;62,70;42,70;62,70;42,70;62,70;42,70;62,70;42,70;62,70;42,70;62,70;42,70;62,70;42,70;62,70;42,70;62,70;42,70;62,70;42,70;62,70;42,70;62,70;42,70;62,70;42,70;62,70;42,70;62,70;42,70;62,70;42,70;62,70;42,70;62,70;42,70;
#529:
>0:-1,-1;42,70;62,70;42,70;62,70;42,70;62,70;42,70;62,70;42,70;62,70;42,70;62,70;42,70;62,70;42,70;62,70;42,70;62,70;42,70;62,70;42,70;62,70;42,70;62,70;42,70;62,70;42,70;62,70;42,70;62,70;42,70;62,70;42,70;62,70;42,70;62,70;42,70;62,70;42,70;62,70;42,70;62,70;42,70;62,70;42,70;62,70;42,70;62,70;42,70;62,70;42,70;62,70;42,70;62,70;42,70;62,70;42,70;62,70;42,70;62,70;42,70;62,70;42,70;62,70;42,70;62,70;42,70;62,70;42,70;62,70;42,70;62,70;42,70;62,70;42,70;62,70;42,70;62,70;42,70;62,70;42,70;62,70;42,70;62,70;42,70;62,70;42,70;62,70;42,70;62,70;42,70;62,70;42,70;62,70;42,70;62,70;42,70;62,70;42,70;62,70;42,70;62,70;42,70;62,70;42,70;62,70;42,70;62,70;42,70;62,70;42,70;62,70;42,70;62,70;42,70;62,70;42,70;62,70;42,70;62,70;42,70;62,70;42,70;62,70;
#530:
>0:-1,-1;42,83;62,84;41,85;42,86;23,86;
#531:
>0:-1,-1;42,91;42,91;
#532:
>0:-1,-1;42,136;21,136;41,136;60,137;
#533:
>0:-1,-1;42,146;23,146;
#534:
>0:-1,-1;42,175;22,176;1,177;
#535:
>0:-1,-1;42,175;42,175;
#536:
>0:-1,-1;42,189;42,189;
#537:
>0:-1,-1;42,210;43,210;23,211;42,212;62,213;
#538:
>0:-1,-1;43,26;62,27;
#539:
>0:-1,-1;43,82;22,83;1,84;21,85;22,85;42,86;23,86;
#540:
>0:-1,-1;43,85;43,85;
#541:
>0:-1,-1;43,100;24,101;43,102;63,103;63,104;43,104;63,105;44,106;23,106;22,107;43,107;22,108;
#542:
>0:-1,-1;43,100;44,100;24,100;44,101;63,102;42,102;
#543:
>0:-1,-1;43,100;62,101;42,101;23,102;43,102;63,103;63,104;43,104;63,105;44,106;23,106;22,107;43,107;22,108;
#544:
>0:-1,-1;43,132;62,133;
#545:
>0:-1,-1;43,150;22,150;23,151;4,151;5,151;5,153;24,153;44,153;
#546:
>0:-1,-1;43,168;42,169;
#547:
>0:-1,-1;43,188;22,188;
#548:
>0:-1,-1;44,17;23,17;42,18;23,19;23,20;22,21;1,22;
#549:
>0:-1,-1;44,17;45,17;25,18;6,18;25,19;25,20;
#550:
>0:-1,-1;44,34;23,35;
#551:
>0:-1,-1;44,79;25,80;
#552:
>0:-1,-1;44,79;43,80;43,81;63,82;44,82;24,83;
#553:
>0:-1,-1;44,107;24,107;3,107;24,107;3,107;24,107;3,107;24,107;3,107;24,107;3,107;24,107;3,107;24,107;3,107;24,107;3,107;24,107;3,107;24,107;3,107;24,107;3,107;24,107;3,107;24,107;3,107;24,107;3,107;24,107;3,107;24,107;3,107;24,107;3,107;24,107;3,107;24,107;3,107;24,107;3,107;24,107;3,107;24,107;3,107;24,107;3,107;24,107;3,107;24,107;3,107;24,107;3,107;24,107;3,107;24,107;3,107;24,107;3,107;24,107;3,107;24,107;3,107;24,107;3,107;24,107;3,107;24,107;3,107;24,107;3,107;24,107;3,107;24,107;3,107;24,107;3,107;24,107;3,107;24,107;3,107;24,107;3,107;24,107;3,107;24,107;3,107;24,107;3,107;24,107;3,107;24,107;3,107;24,107;3,107;24,107;3,107;24,107;3,107;24,107;3,107;24,107;3,107;24,107;3,107;24,107;3,107;24,107;3,107;24,107;3,107;24,107;3,107;24,107;3,107;24,107;3,107;24,107;3,107;24,107;3,107;24,107;3,107;24,107;
#554:
>0:-1,-1;44,121;25,121;45,122;
#555:
>0:-1,-1;44,131;25,132;26,132;25,133;24,134;24,136;3,137;23,137;3,137;23,137;3,137;23,137;3,137;23,137;3,137;23,137;3,137;23,137;3,137;23,137;3,137;23,137;3,137;23,137;3,137;23,137;3,137;23,137;3,137;23,137;3,137;23,137;3,137;23,137;3,137;23,137;3,137;23,137;3,137;23,137;3,137;23,137;3,137;23,137;3,137;23,137;3,137;23,137;3,137;23,137;3,137;23,137;3,137;23,137;3,137;23,137;3,137;23,137;3,137;23,137;3,137;23,137;3,137;23,137;3,137;23,137;3,137;23,137;3,137;23,137;3,137;23,137;3,137;23,137;3,137;23,137;3,137;23,137;3,137;23,137;3,137;23,137;3,137;23,137;3,137;23,137;3,137;23,137;3,137;23,137;3,137;23,137;3,137;23,137;3,137;23,137;3,137;23,137;3,137;23,137;3,137;23,137;3,137;23,137;3,137;23,137;3,137;23,137;3,137;23,137;3,137;23,137;3,137;23,137;3,137;23,137;3,137;23,137;3,137;23,137;3,137;23,137;3,137;23,137;
#556:
>0:-1,-1;44,131;65,132;65,134;85,134;
#557:
>0:-1,-1;44,179;63,180;63,182;82,182;82,183;81,184;62,185;
#558:
>0:-1,-1;44,183;25,184;
#559:
>0:-1,-1;44,183;44,183;
#560:
>0:-1,-1;44,195;23,196;22,196;42,196;
#561:
>0:-1,-1;45,23;66,23;
#562:
>0:-1,-1;45,47;65,48;86,48;
#563:
>0:-1,-1;45,50;45,50;
#564:
>0:-1,-1;45,85;64,85;
#565:
>0:-1,-1;45,87;45,87;
#566:
>0:-1,-1;45,124;44,124;43,125;42,125;21,125;40,126;
#567:
>0:-1,-1;45,136;64,136;63,137;62,137;81,137;81,139;
#568:
>0:-1,-1;45,138;66,139;
#569:
>0:-1,-1;45,199;45,201;66,201;66,202;87,203;
#570:
>0:-1,-1;46,98;66,99;
#571:
>0:-1,-1;46,129;46,130;
#572:
>0:-1,-1;46,130;46,130;
#573:
>0:-1,-1;46,138;25,138;45,139;25,139;
#574:
>0:-1,-1;46,194;25,194;4,195;24,195;
#575:
>0:-1,-1;46,227;46,228;
#576:
>0:-1,-1;47,2;46,2;26,3;
#577:
>0:-1,-1;47,2;67,3;86,4;106,4;85,4;86,5;
#578:
>0:-1,-1;47,4;26,5;47,5;68,6;88,6;69,7;89,8;89,9;110,10;110,11;109,11;130,11;131,11;
#579:
>0:-1,-1;47,4;67,4;66,4;67,5;
#580:
>0:-1,-1;47,10;47,10;
#581:
>0:-1,-1;47,14;67,15;46,16;46,17;65,17;64,17;45,18;64,19;
#582:
>0:-1,-1;47,24;47,25;48,26;
#583:
>0:-1,-1;47,44;26,44;5,44;25,44;5,45;26,45;26,47;46,48;
#584:
>0:-1,-1;47,75;47,75;
#585:
>0:-1,-1;47,84;47,84;
#586:
>0:-1,-1;47,107;67,107;88,107;68,108;
#587:
>0:-1,-1;47,115;46,115;25,115;5,115;5,117;
#588:
>0:-1,-1;47,142;67,143;87,143;
#589:
>0:-1,-1;47,155;68,155;87,156;107,156;106,157;
#590:
>0:-1,-1;47,168;67,168;67,170;
#591:
>0:-1,-1;47,173;26,174;27,175;27,176;27,177;48,177;
#592:
>0:-1,-1;47,193;47,195;28,195;48,196;48,198;
#593:
>0:-1,-1;47,216;27,216;26,217;5,218;26,218;
#594:
>0:-1,-1;47,231;66,232;87,233;68,234;88,234;
#595:
>0:-1,-1;48,45;48,45;
#596:
>0:-1,-1;48,59;27,60;48,61;
#597:
>0:-1,-1;48,119;69,120;50,120;50,121;31,121;52,121;51,122;30,122;29,122;50,122;
#598:
>0:-1,-1;48,126;68,126;47,126;26,127;46,128;
#599:
>0:-1,-1;48,148;68,149;49,149;68,150;49,151;29,152;49,152;
#600:
>0:-1,-1;48,150;48,150;
#601:
>0:-1,-1;48,173;28,173;
#602:
>0:-1,-1;48,185;49,185;50,186;50,188;50,190;
#603:
>0:-1,-1;48,228;48,228;
#604:
>0:-1,-1;49,43;28,43;29,43;
#605:
>0:-1,-1;49,71;28,72;
#606:
>0:-1,-1;49,87;49,89;70,90;50,91;49,92;50,93;70,94;51,94;
#607:
>0:-1,-1;49,87;50,87;50,89;29,89;50,89;29,89;50,89;29,89;50,89;29,89;50,89;29,89;50,89;29,89;50,89;29,89;50,89;29,89;50,89;29,89;50,89;29,89;50,89;29,89;50,89;29,89;50,89;29,89;50,89;29,89;50,89;29,89;50,89;29,89;50,89;29,89;50,89;29,89;50,89;29,89;50,89;29,89;50,89;29,89;50,89;29,89;50,89;29,89;50,89;29,89;50,89;29,89;50,89;29,89;50,89;29,89;50,89;29,89;50,89;29,89;50,89;29,89;50,89;29,89;50,89;29,89;50,89;29,89;50,89;29,89;50,89;29,89;50,89;29,89;50,89;29,89;50,89;29,89;50,89;29,89;50,89;29,89;50,89;29,89;50,89;29,89;50,89;29,89;50,89;29,89;50,89;29,89;50,89;29,89;50,89;29,89;50,89;29,89;50,89;29,89;50,89;29,89;50,89;29,89;50,89;29,89;50,89;29,89;50,89;29,89;50,89;29,89;50,89;29,89;50,89;29,89;50,89;29,89;50,89;29,89;50,89;29,89;50,89;29,89;
#608:
>0:-1,-1;49,183;49,183;
#609:
>0:-1,-1;49,203;28,203;
#610:
>0:-1,-1;49,232;49,232;
#611:
>0:-1,-1;50,34;70,35;50,36;30,37;31,38;
#612:
>0:-1,-1;50,63;69,63;88,64;67,65;66,65;47,66;28,67;8,68;8,69;29,70;50,71;29,71;28,71;
#613:
>0:-1,-1;50,66;50,68;71,69;50,70;51,71;70,72;50,73;
#614:
>0:-1,-1;50,66;50,66;
#615:
>0:-1,-1;50,74;49,75;49,76;
#616:
>0:-1,-1;50,88;70,89;91,90;90,90;89,91;69,91;
#617:
>0:-1,-1;50,105;31,106;
#618:
>0:-1,-1;50,116;70,117;90,117;90,119;110,119;109,119;
#619:
>0:-1,-1;50,168;29,169;
#620:
>0:-1,-1;50,179;50,180;31,180;
#621:
>0:-1,-1;50,179;50,180;50,182;29,182;28,182;9,182;
#622:
>0:-1,-1;50,200;71,200;92,201;91,201;92,201;91,201;92,201;91,201;92,201;91,201;92,201;91,201;92,201;91,201;92,201;91,201;92,201;91,201;92,201;91,201;92,201;91,201;92,201;91,201;92,201;91,201;92,201;91,201;92,201;91,201;92,201;91,201;92,201;91,201;92,201;91,201;92,201;91,201;92,201;91,201;92,201;91,201;92,201;91,201;92,201;91,201;92,201;91,201;92,201;91,201;92,201;91,201;92,201;91,201;92,201;91,201;92,201;91,201;92,201;91,201;92,201;91,201;92,201;91,201;92,201;91,201;92,201;91,201;92,201;91,201;92,201;91,201;92,201;91,201;92,201;91,201;92,201;91,201;92,201;91,201;92,201;91,201;92,201;91,201;92,201;91,201;92,201;91,201;92,201;91,201;92,201;91,201;92,201;91,201;92,201;91,201;92,201;91,201;92,201;91,201;92,201;91,201;92,201;91,201;92,201;91,201;92,201;91,201;92,201;91,201;92,201;91,201;92,201;91,201;92,201;91,201;92,201;91,201;92,201;91,201;92,201;91,201;92,201;91,201;
#623:
>0:-1,-1;50,235;69,235;48,235;27,235;47,235;67,235;48,235;27,235;47,235;67,235;48,235;27,235;47,235;67,235;48,235;27,235;47,235;67,235;48,235;27,235;47,235;67,235;48,235;27,235;47,235;67,235;48,235;27,235;47,235;67,235;48,235;27,235;47,235;67,235;48,235;27,235;47,235;67,235;48,235;27,235;47,235;67,235;48,235;27,235;47,235;67,235;48,235;27,235;47,235;67,235;48,235;27,235;47,235;67,235;48,235;27,235;47,235;67,235;48,235;27,235;47,235;67,235;48,235;27,235;47,235;67,235;48,235;27,235;47,235;67,235;48,235;27,235;47,235;67,235;48,235;27,235;47,235;67,235;48,235;27,235;47,235;67,235;48,235;27,235;47,235;67,235;48,235;27,235;47,235;67,235;48,235;27,235;47,235;67,235;48,235;27,235;47,235;67,235;48,235;27,235;47,235;67,235;48,235;27,235;47,235;67,235;48,235;27,235;47,235;67,235;48,235;27,235;47,235;67,235;48,235;27,235;47,235;67,235;48,235;27,235;47,235;67,235;48,235;27,235;
#624:
>0:-1,-1;51,42;31,42;32,42;11,42;31,43;52,44;72,44;91,44;92,44;73,44;94,44;
#625:
>0:-1,-1;51,45;30,46;49,47;28,47;7,48;7,49;7,50;
#626:
>0:-1,-1;51,61;31,61;10,62;29,63;48,63;69,64;69,66;89,67;110,67;111,68;90,68;70,68;89,68;88,69;68,69;89,70;109,70;
#627:
>0:-1,-1;51,77;72,77;92,77;112,77;
#628:
>0:-1,-1;51,89;30,90;29,91;9,91;28,91;27,92;6,92;5,92;5,93;4,94;
#629:
>0:-1,-1;51,95;52,96;32,96;33,97;33,99;
#630:
>0:-1,-1;51,114;51,114;
#631:
>0:-1,-1;51,131;32,131;33,131;52,131;33,132;34,132;
#632:
>0:-1,-1;51,134;51,136;51,137;
#633:
>0:-1,-1;51,150;70,151;89,152;
#634:
>0:-1,-1;51,150;70,151;90,152;70,153;51,153;
#635:
>0:-1,-1;51,164;31,164;32,164;12,165;11,165;31,166;30,166;31,166;30,166;31,166;30,166;31,166;30,166;31,166;30,166;31,166;30,166;31,166;30,166;31,166;30,166;31,166;30,166;31,166;30,166;31,166;30,166;31,166;30,166;31,166;30,166;31,166;30,166;31,166;30,166;31,166;30,166;31,166;30,166;31,166;30,166;31,166;30,166;31,166;30,166;31,166;30,166;31,166;30,166;31,166;30,166;31,166;30,166;31,166;30,166;31,166;30,166;31,166;30,166;31,166;30,166;31,166;30,166;31,166;30,166;31,166;30,166;31,166;30,166;31,166;30,166;31,166;30,166;31,166;30,166;31,166;30,166;31,166;30,166;31,166;30,166;31,166;30,166;31,166;30,166;31,166;30,166;31,166;30,166;31,166;30,166;31,166;30,166;31,166;30,166;31,166;30,166;31,166;30,166;31,166;30,166;31,166;30,166;31,166;30,166;31,166;30,166;31,166;30,166;31,166;30,166;31,166;30,166;31,166;30,166;31,166;30,166;31,166;30,166;31,166;30,166;31,166;30,166;31,166;
#636:
>0:-1,-1;51,174;31,175;10,176;9,176;30,177;
#637:
>0:-1,-1;51,202;50,203;31,204;10,204;9,204;30,205;30,207;9,208;28,209;
#638:
>0:-1,-1;51,202;71,203;72,203;92,204;112,205;
#639:
>0:-1,-1;51,205;71,206;90,206;91,206;110,206;91,206;110,206;91,206;110,206;91,206;110,206;91,206;110,206;91,206;110,206;91,206;110,206;91,206;110,206;91,206;110,206;91,206;110,206;91,206;110,206;91,206;110,206;91,206;110,206;91,206;110,206;91,206;110,206;91,206;110,206;91,206;110,206;91,206;110,206;91,206;110,206;91,206;110,206;91,206;110,206;91,206;110,206;91,206;110,206;91,206;110,206;91,206;110,206;91,206;110,206;91,206;110,206;91,206;110,206;91,206;110,206;91,206;110,206;91,206;110,206;91,206;110,206;91,206;110,206;91,206;110,206;91,206;110,206;91,206;110,206;91,206;110,206;91,206;110,206;91,206;110,206;91,206;110,206;91,206;110,206;91,206;110,206;91,206;110,206;91,206;110,206;91,206;110,206;91,206;110,206;91,206;110,206;91,206;110,206;91,206;110,206;91,206;110,206;91,206;110,206;91,206;110,206;91,206;110,206;91,206;110,206;91,206;110,206;91,206;110,206;91,206;110,206;91,206;110,206;91,206;110,206;91,206;110,206;91,206;
#640:
>0:-1,-1;51,207;70,208;
#641:
>0:-1,-1;51,211;32,212;51,213;
#642:
>0:-1,-1;51,224;32,224;11,225;31,226;52,227;33,228;32,228;
#643:
>0:-1,-1;51,225;71,226;52,226;32,227;53,228;54,228;33,228;32,228;
#644:
>0:-1,-1;52,42;51,43;51,44;52,44;72,44;91,44;92,44;73,44;94,44;
#645:
>0:-1,-1;52,61;52,61;
#646:
>0:-1,-1;52,118;31,118;10,119;11,119;30,119;29,120;48,120;49,121;50,121;31,121;52,121;51,122;30,122;29,122;50,122;
#647:
>0:-1,-1;52,125;71,126;72,126;
#648:
>0:-1,-1;52,164;52,164;
#649:
>0:-1,-1;52,167;31,167;
#650:
>0:-1,-1;52,167;53,167;
#651:
>0:-1,-1;52,172;53,173;72,174;93,175;113,176;94,176;73,176;93,177;
#652:
>0:-1,-1;52,182;31,182;11,183;32,183;53,184;34,184;13,184;
#653:
>0:-1,-1;52,203;73,203;94,203;94,205;95,206;115,206;114,207;94,207;
#654:
>0:-1,-1;52,235;73,236;94,236;94,238;75,239;
#655:
>0:-1,-1;53,10;32,11;31,12;10,12;
#656:
>0:-1,-1;53,45;33,46;53,46;54,46;35,47;14,48;13,48;
#657:
>0:-1,-1;53,55;54,56;73,57;54,57;73,58;
#658:
>0:-1,-1;53,95;34,96;34,98;14,99;
#659:
>0:-1,-1;53,111;53,111;
#660:
>0:-1,-1;53,126;72,126;
#661:
>0:-1,-1;53,141;53,141;
#662:
>0:-1,-1;53,157;33,157;54,158;75,159;54,160;
#663:
>0:-1,-1;53,204;34,205;54,205;
#664:
>0:-1,-1;53,205;72,206;92,206;93,206;73,206;73,207;92,208;
#665:
>0:-1,-1;53,210;54,210;75,211;
#666:
>0:-1,-1;53,213;72,213;51,214;
#667:
>0:-1,-1;53,215;53,215;
#668:
>0:-1,-1;53,223;33,224;12,225;13,226;33,227;33,228;32,228;
#669:
>0:-1,-1;54,19;55,19;
#670:
>0:-1,-1;54,22;53,23;74,23;95,24;95,26;
#671:
>0:-1,-1;54,40;55,41;54,42;55,42;36,42;37,42;17,43;36,44;17,45;37,46;
#672:
>0:-1,-1;54,45;54,47;35,48;16,49;16,50;15,50;14,51;
#673:
>0:-1,-1;54,62;54,62;
#674:
>0:-1,-1;54,90;34,91;55,91;75,92;
#675:
>0:-1,-1;54,169;53,170;
#676:
>0:-1,-1;54,176;74,176;53,177;34,177;34,178;55,179;75,179;94,180;
#677:
>0:-1,-1;54,195;33,195;54,195;33,195;54,195;33,195;54,195;33,195;54,195;33,195;54,195;33,195;54,195;33,195;54,195;33,195;54,195;33,195;54,195;33,195;54,195;33,195;54,195;33,195;54,195;33,195;54,195;33,195;54,195;33,195;54,195;33,195;54,195;33,195;54,195;33,195;54,195;33,195;54,195;33,195;54,195;33,195;54,195;33,195;54,195;33,195;54,195;33,195;54,195;33,195;54,195;33,195;54,195;33,195;54,195;33,195;54,195;33,195;54,195;33,195;54,195;33,195;54,195;33,195;54,195;33,195;54,195;33,195;54,195;33,195;54,195;33,195;54,195;33,195;54,195;33,195;54,195;33,195;54,195;33,195;54,195;33,195;54,195;33,195;54,195;33,195;54,195;33,195;54,195;33,195;54,195;33,195;54,195;33,195;54,195;33,195;54,195;33,195;54,195;33,195;54,195;33,195;54,195;33,195;54,195;33,195;54,195;33,195;54,195;33,195;54,195;33,195;54,195;33,195;54,195;33,195;54,195;33,195;54,195;33,195;54,195;33,195;54,195;33,195;
#678:
>0:-1,-1;54,199;33,200;34,200;
#679:
>0:-1,-1;54,214;74,215;
#680:
>0:-1,-1;55,10;35,10;14,11;34,12;35,13;
#681:
>0:-1,-1;55,10;55,10;
#682:
>0:-1,-1;55,62;54,63;35,64;
#683:
>0:-1,-1;55,71;34,71;53,72;
#684:
>0:-1,-1;55,86;74,86;55,86;74,86;55,86;74,86;55,86;74,86;55,86;74,86;55,86;74,86;55,86;74,86;55,86;74,86;55,86;74,86;55,86;74,86;55,86;74,86;55,86;74,86;55,86;74,86;55,86;74,86;55,86;74,86;55,86;74,86;55,86;74,86;55,86;74,86;55,86;74,86;55,86;74,86;55,86;74,86;55,86;74,86;55,86;74,86;55,86;74,86;55,86;74,86;55,86;74,86;55,86;74,86;55,86;74,86;55,86;74,86;55,86;74,86;55,86;74,86;55,86;74,86;55,86;74,86;55,86;74,86;55,86;74,86;55,86;74,86;55,86;74,86;55,86;74,86;55,86;74,86;55,86;74,86;55,86;74,86;55,86;74,86;55,86;74,86;55,86;74,86;55,86;74,86;55,86;74,86;55,86;74,86;55,86;74,86;55,86;74,86;55,86;74,86;55,86;74,86;55,86;74,86;55,86;74,86;55,86;74,86;55,86;74,86;55,86;74,86;55,86;74,86;55,86;74,86;55,86;74,86;55,86;74,86;55,86;74,86;55,86;74,86;
#685:
>0:-1,-1;55,88;76,88;
#686:
>0:-1,-1;55,104;56,105;37,105;
#687:
>0:-1,-1;55,110;74,111;93,111;112,112;
#688:
>0:-1,-1;55,130;34,130;13,130;32,130;13,131;
#689:
>0:-1,-1;55,130;35,130;35,132;14,133;
#690:
>0:-1,-1;55,130;55,132;76,133;96,133;97,134;78,135;
#691:
>0:-1,-1;55,158;55,158;
#692:
>0:-1,-1;55,195;75,196;76,196;
#693:
>0:-1,-1;55,205;74,205;73,205;73,207;92,208;
#694:
>0:-1,-1;55,209;76,210;56,210;
#695:
>0:-1,-1;55,236;55,236;
#696:
>0:-1,-1;56,20;56,20;
#697:
>0:-1,-1;56,45;56,45;
#698:
>0:-1,-1;56,46;75,47;95,48;75,49;75,50;75,51;75,53;74,53;55,54;55,56;
#699:
>0:-1,-1;56,59;56,59;
#700:
>0:-1,-1;56,111;37,112;37,114;18,114;17,115;16,115;
#701:
>0:-1,-1;56,111;77,112;96,112;75,113;96,113;77,114;97,114;77,114;97,114;77,114;97,114;77,114;97,114;77,114;97,114;77,114;97,114;77,114;97,114;77,114;97,114;77,114;97,114;77,114;97,114;77,114;97,114;77,114;97,114;77,114;97,114;77,114;97,114;77,114;97,114;77,114;97,114;77,114;97,114;77,114;97,114;77,114;97,114;77,114;97,114;77,114;97,114;77,114;97,114;77,114;97,114;77,114;97,114;77,114;97,114;77,114;97,114;77,114;97,114;77,114;97,114;77,114;97,114;77,114;97,114;77,114;97,114;77,114;97,114;77,114;97,114;77,114;97,114;77,114;97,114;77,114;97,114;77,114;97,114;77,114;97,114;77,114;97,114;77,114;97,114;77,114;97,114;77,114;97,114;77,114;97,114;77,114;97,114;77,114;97,114;77,114;97,114;77,114;97,114;77,114;97,114;77,114;97,114;77,114;97,114;77,114;97,114;77,114;97,114;77,114;97,114;77,114;97,114;77,114;97,114;77,114;97,114;77,114;97,114;77,114;97,114;77,114;97,114;77,114;
#702:
>0:-1,-1;56,206;77,206;97,207;96,208;
#703:
>0:-1,-1;56,206;56,206;
#704:
>0:-1,-1;56,206;56,206;
#705:
>0:-1,-1;56,220;37,221;17,221;38,221;
#706:
>0:-1,-1;57,52;57,52;
#707:
>0:-1,-1;57,66;56,67;57,68;76,68;75,69;74,69;
#708:
>0:-1,-1;57,79;56,79;56,80;55,80;34,80;15,81;15,82;15,83;16,84;35,85;34,85;15,86;15,87;15,89;14,89;
#709:
>0:-1,-1;57,84;36,85;55,85;56,86;
#710:
>0:-1,-1;57,102;57,102;
#711:
>0:-1,-1;57,124;37,124;18,124;
#712:
>0:-1,-1;57,141;37,142;37,143;16,144;35,145;
#713:
>0:-1,-1;57,141;57,141;
#714:
>0:-1,-1;57,166;36,167;55,167;36,167;55,167;36,167;55,167;36,167;55,167;36,167;55,167;36,167;55,167;36,167;55,167;36,167;55,167;36,167;55,167;36,167;55,167;36,167;55,167;36,167;55,167;36,167;55,167;36,167;55,167;36,167;55,167;36,167;55,167;36,167;55,167;36,167;55,167;36,167;55,167;36,167;55,167;36,167;55,167;36,167;55,167;36,167;55,167;36,167;55,167;36,167;55,167;36,167;55,167;36,167;55,167;36,167;55,167;36,167;55,167;36,167;55,167;36,167;55,167;36,167;55,167;36,167;55,167;36,167;55,167;36,167;55,167;36,167;55,167;36,167;55,167;36,167;55,167;36,167;55,167;36,167;55,167;36,167;55,167;36,167;55,167;36,167;55,167;36,167;55,167;36,167;55,167;36,167;55,167;36,167;55,167;36,167;55,167;36,167;55,167;36,167;55,167;36,167;55,167;36,167;55,167;36,167;55,167;36,167;55,167;36,167;55,167;36,167;55,167;36,167;55,167;36,167;55,167;36,167;55,167;36,167;55,167;36,167;55,167;36,167;
#715:
>0:-1,-1;57,185;57,185;
#716:
>0:-1,-1;57,202;57,202;
#717:
>0:-1,-1;57,209;38,209;38,210;19,211;18,212;
#718:
>0:-1,-1;57,214;77,215;
#719:
>0:-1,-1;57,228;37,228;17,228;18,229;38,229;39,229;38,229;39,229;38,229;39,229;38,229;39,229;38,229;39,229;38,229;39,229;38,229;39,229;38,229;39,229;38,229;39,229;38,229;39,229;38,229;39,229;38,229;39,229;38,229;39,229;38,229;39,229;38,229;39,229;38,229;39,229;38,229;39,229;38,229;39,229;38,229;39,229;38,229;39,229;38,229;39,229;38,229;39,229;38,229;39,229;38,229;39,229;38,229;39,229;38,229;39,229;38,229;39,229;38,229;39,229;38,229;39,229;38,229;39,229;38,229;39,229;38,229;39,229;38,229;39,229;38,229;39,229;38,229;39,229;38,229;39,229;38,229;39,229;38,229;39,229;38,229;39,229;38,229;39,229;38,229;39,229;38,229;39,229;38,229;39,229;38,229;39,229;38,229;39,229;38,229;39,229;38,229;39,229;38,229;39,229;38,229;39,229;38,229;39,229;38,229;39,229;38,229;39,229;38,229;39,229;38,229;39,229;38,229;39,229;38,229;39,229;38,229;39,229;38,229;39,229;38,229;39,229;38,229;39,229;
#720:
>0:-1,-1;58,6;38,6;
#721:
>0:-1,-1;58,23;58,23;
#722:
>0:-1,-1;58,63;57,64;37,64;36,65;35,65;14,66;14,68;13,69;13,71;
#723:
>0:-1,-1;58,125;58,125;
#724:
>0:-1,-1;58,144;58,144;
#725:
>0:-1,-1;58,147;78,147;57,148;36,149;57,149;
#726:
>0:-1,-1;58,159;59,160;38,160;
#727:
>0:-1,-1;58,160;57,161;
#728:
>0:-1,-1;58,160;58,160;
#729:
>0:-1,-1;58,183;37,184;56,184;
#730:
>0:-1,-1;58,183;58,185;
#731:
>0:-1,-1;58,195;77,196;98,197;119,198;139,199;139,200;159,201;
#732:
>0:-1,-1;58,223;77,223;57,223;58,223;77,223;57,223;58,223;77,223;57,223;58,223;77,223;57,223;58,223;77,223;57,223;58,223;77,223;57,223;58,223;77,223;57,223;58,223;77,223;57,223;58,223;77,223;57,223;58,223;77,223;57,223;58,223;77,223;57,223;58,223;77,223;57,223;58,223;77,223;57,223;58,223;77,223;57,223;58,223;77,223;57,223;58,223;77,223;57,223;58,223;77,223;57,223;58,223;77,223;57,223;58,223;77,223;57,223;58,223;77,223;57,223;58,223;77,223;57,223;58,223;77,223;57,223;58,223;77,223;57,223;58,223;77,223;57,223;58,223;77,223;57,223;58,223;77,223;57,223;58,223;77,223;57,223;58,223;77,223;57,223;58,223;77,223;57,223;58,223;77,223;57,223;58,223;77,223;57,223;58,223;77,223;57,223;58,223;77,223;57,223;58,223;77,223;57,223;58,223;77,223;57,223;58,223;77,223;57,223;58,223;77,223;57,223;58,223;77,223;57,223;58,223;77,223;57,223;58,223;77,223;57,223;58,223;77,223;57,223;58,223;
#733:
>0:-1,-1;59,1;59,1;
#734:
>0:-1,-1;59,4;59,4;
#735:
>0:-1,-1;59,5;59,6;
#736:
>0:-1,-1;59,6;59,6;
#737:
>0:-1,-1;59,27;58,27;38,28;18,29;18,30;38,31;
#738:
>0:-1,-1;59,28;79,28;98,29;97,29;78,29;
#739:
>0:-1,-1;59,34;38,34;39,34;18,35;38,35;17,36;17,37;
#740:
>0:-1,-1;59,70;59,70;
#741:
>0:-1,-1;59,79;38,80;59,81;
#742:
>0:-1,-1;59,108;58,109;37,110;58,110;78,110;97,110;96,110;
#743:
>0:-1,-1;59,153;59,155;38,155;39,156;38,157;
#744:
>0:-1,-1;59,181;78,182;78,184;77,184;77,186;
#745:
>0:-1,-1;59,182;58,183;37,184;56,184;
#746:
>0:-1,-1;59,206;38,206;19,206;39,207;
#747:
>0:-1,-1;60,51;41,52;42,53;
#748:
>0:-1,-1;60,86;60,86;
#749:
>0:-1,-1;60,92;60,92;
#750:
>0:-1,-1;60,111;80,111;81,112;82,112;63,112;44,113;
#751:
>0:-1,-1;60,143;41,144;
#752:
>0:-1,-1;60,143;61,143;62,144;
#753:
>0:-1,-1;60,152;60,152;
#754:
>0:-1,-1;60,193;40,194;
#755:
>0:-1,-1;60,193;60,195;61,196;42,196;
#756:
>0:-1,-1;60,200;41,200;20,200;21,200;
#757:
>0:-1,-1;60,214;40,214;40,215;
#758:
>0:-1,-1;60,216;81,217;80,217;101,218;101,219;
#759:
>0:-1,-1;61,7;61,7;
#760:
>0:-1,-1;61,27;81,28;
#761:
>0:-1,-1;61,41;61,41;
#762:
>0:-1,-1;61,140;61,140;
#763:
>0:-1,-1;61,169;42,170;62,170;41,171;21,171;41,171;21,171;41,171;21,171;41,171;21,171;41,171;21,171;41,171;21,171;41,171;21,171;41,171;21,171;41,171;21,171;41,171;21,171;41,171;21,171;41,171;21,171;41,171;21,171;41,171;21,171;41,171;21,171;41,171;21,171;41,171;21,171;41,171;21,171;41,171;21,171;41,171;21,171;41,171;21,171;41,171;21,171;41,171;21,171;41,171;21,171;41,171;21,171;41,171;21,171;41,171;21,171;41,171;21,171;41,171;21,171;41,171;21,171;41,171;21,171;41,171;21,171;41,171;21,171;41,171;21,171;41,171;21,171;41,171;21,171;41,171;21,171;41,171;21,171;41,171;21,171;41,171;21,171;41,171;21,171;41,171;21,171;41,171;21,171;41,171;21,171;41,171;21,171;41,171;21,171;41,171;21,171;41,171;21,171;41,171;21,171;41,171;21,171;41,171;21,171;41,171;21,171;41,171;21,171;41,171;21,171;41,171;21,171;41,171;21,171;41,171;21,171;41,171;21,171;41,171;21,171;41,171;21,171;41,171;
#764:
>0:-1,-1;61,170;41,170;60,171;61,172;62,173;42,173;22,174;22,176;1,177;
#765:
>0:-1,-1;61,176;60,177;
#766:
>0:-1,-1;61,220;80,221;61,222;41,222;41,223;20,224;20,226;
#767:
>0:-1,-1;62,1;61,2;40,3;40,5;41,5;
#768:
>0:-1,-1;62,11;82,11;
#769:
>0:-1,-1;62,14;63,14;63,15;
#770:
>0:-1,-1;62,14;81,15;62,16;43,16;64,16;44,17;23,17;42,18;23,19;23,20;22,21;1,22;
#771:
>0:-1,-1;62,14;83,14;
#772:
>0:-1,-1;62,64;82,64;83,64;64,64;84,64;105,64;84,64;105,64;84,64;105,64;84,64;105,64;84,64;105,64;84,64;105,64;84,64;105,64;84,64;105,64;84,64;105,64;84,64;105,64;84,64;105,64;84,64;105,64;84,64;105,64;84,64;105,64;84,64;105,64;84,64;105,64;84,64;105,64;84,64;105,64;84,64;105,64;84,64;105,64;84,64;105,64;84,64;105,64;84,64;105,64;84,64;105,64;84,64;105,64;84,64;105,64;84,64;105,64;84,64;105,64;84,64;105,64;84,64;105,64;84,64;105,64;84,64;105,64;84,64;105,64;84,64;105,64;84,64;105,64;84,64;105,64;84,64;105,64;84,64;105,64;84,64;105,64;84,64;105,64;84,64;105,64;84,64;105,64;84,64;105,64;84,64;105,64;84,64;105,64;84,64;105,64;84,64;105,64;84,64;105,64;84,64;105,64;84,64;105,64;84,64;105,64;84,64;105,64;84,64;105,64;84,64;105,64;84,64;105,64;84,64;105,64;84,64;105,64;84,64;105,64;84,64;105,64;84,64;105,64;
#773:
>0:-1,-1;62,89;42,89;62,90;41,90;41,91;40,92;60,92;
#774:
>0:-1,-1;62,90;41,90;41,91;40,92;60,92;
#775:
>0:-1,-1;62,96;63,96;44,96;44,97;44,99;63,99;
#776:
>0:-1,-1;62,98;41,99;60,100;
#777:
>0:-1,-1;62,98;83,98;84,99;65,99;86,100;106,100;127,100;126,101;
#778:
>0:-1,-1;62,117;43,118;62,119;43,119;43,121;62,121;43,122;22,122;43,122;22,122;43,122;22,122;43,122;22,122;43,122;22,122;43,122;22,122;43,122;22,122;43,122;22,122;43,122;22,122;43,122;22,122;43,122;22,122;43,122;22,122;43,122;22,122;43,122;22,122;43,122;22,122;43,122;22,122;43,122;22,122;43,122;22,122;43,122;22,122;43,122;22,122;43,122;22,122;43,122;22,122;43,122;22,122;43,122;22,122;43,122;22,122;43,122;22,122;43,122;22,122;43,122;22,122;43,122;22,122;43,122;22,122;43,122;22,122;43,122;22,122;43,122;22,122;43,122;22,122;43,122;22,122;43,122;22,122;43,122;22,122;43,122;22,122;43,122;22,122;43,122;22,122;43,122;22,122;43,122;22,122;43,122;22,122;43,122;22,122;43,122;22,122;43,122;22,122;43,122;22,122;43,122;22,122;43,122;22,122;43,122;22,122;43,122;22,122;43,122;22,122;43,122;22,122;43,122;22,122;43,122;22,122;43,122;22,122;43,122;22,122;43,122;22,122;43,122;22,122;
#779:
>0:-1,-1;62,117;43,118;63,119;42,119;22,119;3,120;4,120;23,120;22,121;43,121;62,121;43,122;22,122;43,122;22,122;43,122;22,122;43,122;22,122;43,122;22,122;43,122;22,122;43,122;22,122;43,122;22,122;43,122;22,122;43,122;22,122;43,122;22,122;43,122;22,122;43,122;22,122;43,122;22,122;43,122;22,122;43,122;22,122;43,122;22,122;43,122;22,122;43,122;22,122;43,122;22,122;43,122;22,122;43,122;22,122;43,122;22,122;43,122;22,122;43,122;22,122;43,122;22,122;43,122;22,122;43,122;22,122;43,122;22,122;43,122;22,122;43,122;22,122;43,122;22,122;43,122;22,122;43,122;22,122;43,122;22,122;43,122;22,122;43,122;22,122;43,122;22,122;43,122;22,122;43,122;22,122;43,122;22,122;43,122;22,122;43,122;22,122;43,122;22,122;43,122;22,122;43,122;22,122;43,122;22,122;43,122;22,122;43,122;22,122;43,122;22,122;43,122;22,122;43,122;22,122;43,122;22,122;43,122;22,122;43,122;22,122;43,122;22,122;43,122;
#780:
>0:-1,-1;62,185;62,185;
#781:
>0:-1,-1;62,200;63,201;
#782:
>0:-1,-1;62,215;83,216;64,216;43,216;63,216;82,217;
#783:
>0:-1,-1;62,226;81,227;102,228;82,228;83,229;103,229;82,230;62,231;63,232;
#784:
>0:-1,-1;63,5;44,6;45,7;25,8;
#785:
>0:-1,-1;63,41;43,42;62,42;43,42;62,42;43,42;62,42;43,42;62,42;43,42;62,42;43,42;62,42;43,42;62,42;43,42;62,42;43,42;62,42;43,42;62,42;43,42;62,42;43,42;62,42;43,42;62,42;43,42;62,42;43,42;62,42;43,42;62,42;43,42;62,42;43,42;62,42;43,42;62,42;43,42;62,42;43,42;62,42;43,42;62,42;43,42;62,42;43,42;62,42;43,42;62,42;43,42;62,42;43,42;62,42;43,42;62,42;43,42;62,42;43,42;62,42;43,42;62,42;43,42;62,42;43,42;62,42;43,42;62,42;43,42;62,42;43,42;62,42;43,42;62,42;43,42;62,42;43,42;62,42;43,42;62,42;43,42;62,42;43,42;62,42;43,42;62,42;43,42;62,42;43,42;62,42;43,42;62,42;43,42;62,42;43,42;62,42;43,42;62,42;43,42;62,42;43,42;62,42;43,42;62,42;43,42;62,42;43,42;62,42;43,42;62,42;43,42;62,42;43,42;62,42;43,42;62,42;43,42;62,42;43,42;62,42;43,42;62,42;43,42;
#786:
>0:-1,-1;63,58;44,58;63,58;
#787:
>0:-1,-1;63,58;62,59;61,59;60,59;
#788:
>0:-1,-1;63,60;83,61;63,62;84,63;104,63;
#789:
>0:-1,-1;63,70;63,70;
#790:
>0:-1,-1;63,79;43,80;43,81;63,82;44,82;24,83;
#791:
>0:-1,-1;63,79;64,79;
#792:
>0:-1,-1;63,80;83,80;63,81;42,81;21,81;
#793:
>0:-1,-1;63,98;43,98;22,98;
#794:
>0:-1,-1;63,98;63,98;
#795:
>0:-1,-1;63,118;84,118;63,118;84,118;63,118;84,118;63,118;84,118;63,118;84,118;63,118;84,118;63,118;84,118;63,118;84,118;63,118;84,118;63,118;84,118;63,118;84,118;63,118;84,118;63,118;84,118;63,118;84,118;63,118;84,118;63,118;84,118;63,118;84,118;63,118;84,118;63,118;84,118;63,118;84,118;63,118;84,118;63,118;84,118;63,118;84,118;63,118;84,118;63,118;84,118;63,118;84,118;63,118;84,118;63,118;84,118;63,118;84,118;63,118;84,118;63,118;84,118;63,118;84,118;63,118;84,118;63,118;84,118;63,118;84,118;63,118;84,118;63,118;84,118;63,118;84,118;63,118;84,118;63,118;84,118;63,118;84,118;63,118;84,118;63,118;84,118;63,118;84,118;63,118;84,118;63,118;84,118;63,118;84,118;63,118;84,118;63,118;84,118;63,118;84,118;63,118;84,118;63,118;84,118;63,118;84,118;63,118;84,118;63,118;84,118;63,118;84,118;63,118;84,118;63,118;84,118;63,118;84,118;63,118;84,118;63,118;84,118;63,118;84,118;
#796:
>0:-1,-1;63,139;64,140;85,141;64,142;
#797:
>0:-1,-1;63,152;63,152;
#798:
>0:-1,-1;63,154;44,155;25,156;44,157;23,158;
#799:
>0:-1,-1;63,158;42,158;22,159;
#800:
>0:-1,-1;63,166;62,166;63,167;63,169;83,170;83,171;
#801:
>0:-1,-1;63,184;63,186;
#802:
>0:-1,-1;63,185;83,186;63,186;
#803:
>0:-1,-1;63,187;63,187;
#804:
>0:-1,-1;63,234;42,234;21,235;0,236;0,238;21,238;0,239;21,239;1,239;2,239;21,239;1,239;2,239;21,239;1,239;2,239;21,239;1,239;2,239;21,239;1,239;2,239;21,239;1,239;2,239;21,239;1,239;2,239;21,239;1,239;2,239;21,239;1,239;2,239;21,239;1,239;2,239;21,239;1,239;2,239;21,239;1,239;2,239;21,239;1,239;2,239;21,239;1,239;2,239;21,239;1,239;2,239;21,239;1,239;2,239;21,239;1,239;2,239;21,239;1,239;2,239;21,239;1,239;2,239;21,239;1,239;2,239;21,239;1,239;2,239;21,239;1,239;2,239;21,239;1,239;2,239;21,239;1,239;2,239;21,239;1,239;2,239;21,239;1,239;2,239;21,239;1,239;2,239;21,239;1,239;2,239;21,239;1,239;2,239;21,239;1,239;2,239;21,239;1,239;2,239;21,239;1,239;2,239;21,239;1,239;2,239;21,239;1,239;2,239;21,239;1,239;2,239;21,239;1,239;2,239;21,239;1,239;2,239;21,239;1,239;2,239;21,239;1,239;2,239;
#805:
>0:-1,-1;63,239;82,239;81,239;61,239;60,239;80,239;100,239;120,239;
#806:
>0:-1,-1;64,52;64,52;
#807:
>0:-1,-1;64,80;64,80;
#808:
>0:-1,-1;64,91;44,92;43,93;
#809:
>0:-1,-1;64,120;64,121;
#810:
>0:-1,-1;64,183;64,183;
#811:
>0:-1,-1;64,214;64,214;
#812:
>0:-1,-1;64,239;64,239;
#813:
>0:-1,-1;65,12;84,12;104,13;125,13;
#814:
>0:-1,-1;65,15;45,16;65,17;64,17;45,18;64,19;
#815:
>0:-1,-1;65,23;86,23;107,23;88,24;107,25;127,26;
#816:
>0:-1,-1;65,38;45,39;
#817:
>0:-1,-1;65,48;86,48;
#818:
>0:-1,-1;65,128;65,128;
#819:
>0:-1,-1;65,155;86,156;65,157;
#820:
>0:-1,-1;65,161;65,161;
#821:
>0:-1,-1;65,167;46,168;
#822:
>0:-1,-1;65,169;86,169;65,169;86,169;65,169;86,169;65,169;86,169;65,169;86,169;65,169;86,169;65,169;86,169;65,169;86,169;65,169;86,169;65,169;86,169;65,169;86,169;65,169;86,169;65,169;86,169;65,169;86,169;65,169;86,169;65,169;86,169;65,169;86,169;65,169;86,169;65,169;86,169;65,169;86,169;65,169;86,169;65,169;86,169;65,169;86,169;65,169;86,169;65,169;86,169;65,169;86,169;65,169;86,169;65,169;86,169;65,169;86,169;65,169;86,169;65,169;86,169;65,169;86,169;65,169;86,169;65,169;86,169;65,169;86,169;65,169;86,169;65,169;86,169;65,169;86,169;65,169;86,169;65,169;86,169;65,169;86,169;65,169;86,169;65,169;86,169;65,169;86,169;65,169;86,169;65,169;86,169;65,169;86,169;65,169;86,169;65,169;86,169;65,169;86,169;65,169;86,169;65,169;86,169;65,169;86,169;65,169;86,169;65,169;86,169;65,169;86,169;65,169;86,169;65,169;86,169;65,169;86,169;65,169;86,169;65,169;86,169;65,169;86,169;
#823:
>0:-1,-1;65,173;45,174;
#824:
>0:-1,-1;65,199;64,199;
#825:
>0:-1,-1;65,202;45,203;
#826:
>0:-1,-1;65,212;66,213;66,215;87,216;
#827:
>0:-1,-1;65,218;46,218;46,219;47,220;
#828:
>0:-1,-1;66,42;86,42;105,43;105,44;84,45;
#829:
>0:-1,-1;66,47;47,47;26,48;45,49;44,49;24,50;43,50;63,50;82,50;102,51;121,52;
#830:
>0:-1,-1;66,53;66,53;
#831:
>0:-1,-1;66,67;46,67;
#832:
>0:-1,-1;66,67;66,67;
#833:
>0:-1,-1;66,76;67,77;86,78;
#834:
>0:-1,-1;66,78;66,78;
#835:
>0:-1,-1;66,84;47,84;
#836:
>0:-1,-1;66,92;66,92;
#837:
>0:-1,-1;66,122;45,122;
#838:
>0:-1,-1;66,131;66,131;
#839:
>0:-1,-1;66,136;47,136;47,137;
#840:
>0:-1,-1;66,212;65,212;66,213;66,215;87,216;
#841:
>0:-1,-1;66,218;85,219;
#842:
>0:-1,-1;66,228;66,230;46,231;45,232;46,232;
#843:
>0:-1,-1;66,234;66,234;
#844:
>0:-1,-1;67,15;46,16;46,17;65,17;64,17;45,18;64,19;
#845:
>0:-1,-1;67,20;88,21;88,23;108,24;108,25;107,26;
#846:
>0:-1,-1;67,47;67,48;88,49;109,50;89,51;
#847:
>0:-1,-1;67,58;46,58;
#848:
>0:-1,-1;67,58;67,59;
#849:
>0:-1,-1;67,75;46,76;47,76;26,77;46,77;46,79;67,80;67,81;86,82;66,82;
#850:
>0:-1,-1;67,78;48,79;67,80;67,81;86,82;66,82;
#851:
>0:-1,-1;67,78;67,78;
#852:
>0:-1,-1;67,85;87,86;86,86;
#853:
>0:-1,-1;67,99;66,99;
#854:
>0:-1,-1;67,105;87,106;67,106;48,106;
#855:
>0:-1,-1;67,107;88,107;68,108;
#856:
>0:-1,-1;67,123;48,124;
#857:
>0:-1,-1;67,150;88,151;68,151;
#858:
>0:-1,-1;67,173;48,173;28,173;
#859:
>0:-1,-1;67,192;67,192;
#860:
>0:-1,-1;67,230;46,230;
#861:
>0:-1,-1;68,2;69,2;69,3;50,4;71,4;
#862:
>0:-1,-1;68,41;69,41;48,42;68,42;49,43;28,43;29,43;
#863:
>0:-1,-1;68,41;68,41;
#864:
>0:-1,-1;68,44;48,44;47,45;47,47;26,48;45,49;44,49;24,50;43,50;63,50;82,50;102,51;121,52;
#865:
>0:-1,-1;68,56;67,57;87,57;87,59;86,60;85,61;
#866:
>0:-1,-1;68,59;87,59;86,60;85,61;
#867:
>0:-1,-1;68,67;49,67;
#868:
>0:-1,-1;68,87;89,88;69,89;68,90;68,91;
#869:
>0:-1,-1;68,94;87,95;
#870:
>0:-1,-1;68,106;88,107;68,108;
#871:
>0:-1,-1;68,120;89,121;
#872:
>0:-1,-1;68,121;48,122;67,122;88,123;
#873:
>0:-1,-1;68,149;49,149;68,150;49,151;29,152;49,152;
#874:
>0:-1,-1;68,150;49,151;29,152;49,152;
#875:
>0:-1,-1;68,158;48,158;68,158;48,158;68,158;48,158;68,158;48,158;68,158;48,158;68,158;48,158;68,158;48,158;68,158;48,158;68,158;48,158;68,158;48,158;68,158;48,158;68,158;48,158;68,158;48,158;68,158;48,158;68,158;48,158;68,158;48,158;68,158;48,158;68,158;48,158;68,158;48,158;68,158;48,158;68,158;48,158;68,158;48,158;68,158;48,158;68,158;48,158;68,158;48,158;68,158;48,158;68,158;48,158;68,158;48,158;68,158;48,158;68,158;48,158;68,158;48,158;68,158;48,158;68,158;48,158;68,158;48,158;68,158;48,158;68,158;48,158;68,158;48,158;68,158;48,158;68,158;48,158;68,158;48,158;68,158;48,158;68,158;48,158;68,158;48,158;68,158;48,158;68,158;48,158;68,158;48,158;68,158;48,158;68,158;48,158;68,158;48,158;68,158;48,158;68,158;48,158;68,158;48,158;68,158;48,158;68,158;48,158;68,158;48,158;68,158;48,158;68,158;48,158;68,158;48,158;68,158;48,158;68,158;48,158;68,158;48,158;68,158;48,158;
#876:
>0:-1,-1;68,196;68,196;
#877:
>0:-1,-1;68,226;68,226;
#878:
>0:-1,-1;69,1;90,2;
#879:
>0:-1,-1;69,37;49,38;48,38;
#880:
>0:-1,-1;69,65;48,65;48,67;27,68;7,68;
#881:
>0:-1,-1;69,65;48,65;
#882:
>0:-1,-1;69,78;69,78;
#883:
>0:-1,-1;69,100;49,100;50,100;
#884:
>0:-1,-1;69,103;90,103;70,104;50,105;31,106;
#885:
>0:-1,-1;69,173;89,173;70,173;
#886:
>0:-1,-1;69,199;50,200;71,200;92,201;91,201;92,201;91,201;92,201;91,201;92,201;91,201;92,201;91,201;92,201;91,201;92,201;91,201;92,201;91,201;92,201;91,201;92,201;91,201;92,201;91,201;92,201;91,201;92,201;91,201;92,201;91,201;92,201;91,201;92,201;91,201;92,201;91,201;92,201;91,201;92,201;91,201;92,201;91,201;92,201;91,201;92,201;91,201;92,201;91,201;92,201;91,201;92,201;91,201;92,201;91,201;92,201;91,201;92,201;91,201;92,201;91,201;92,201;91,201;92,201;91,201;92,201;91,201;92,201;91,201;92,201;91,201;92,201;91,201;92,201;91,201;92,201;91,201;92,201;91,201;92,201;91,201;92,201;91,201;92,201;91,201;92,201;91,201;92,201;91,201;92,201;91,201;92,201;91,201;92,201;91,201;92,201;91,201;92,201;91,201;92,201;91,201;92,201;91,201;92,201;91,201;92,201;91,201;92,201;91,201;92,201;91,201;92,201;91,201;92,201;91,201;92,201;91,201;92,201;91,201;92,201;91,201;92,201;91,201;92,201;
#887:
>0:-1,-1;69,212;88,212;89,213;
#888:
>0:-1,-1;69,216;89,217;88,218;108,218;
#889:
>0:-1,-1;70,15;90,15;91,16;
#890:
>0:-1,-1;70,23;51,23;
#891:
>0:-1,-1;70,24;89,25;90,26;70,26;
#892:
>0:-1,-1;70,36;70,36;
#893:
>0:-1,-1;70,39;70,39;
#894:
>0:-1,-1;70,62;90,63;69,63;88,64;67,65;66,65;47,66;28,67;8,68;8,69;29,70;50,71;29,71;28,71;
#895:
>0:-1,-1;70,66;49,66;28,67;8,68;8,69;29,70;50,71;29,71;28,71;
#896:
>0:-1,-1;70,75;51,76;
#897:
>0:-1,-1;70,78;69,78;
#898:
>0:-1,-1;70,100;50,101;
#899:
>0:-1,-1;70,104;50,105;31,106;
#900:
>0:-1,-1;70,116;70,116;
#901:
>0:-1,-1;70,124;89,125;108,125;129,125;
#902:
>0:-1,-1;70,132;70,132;
#903:
>0:-1,-1;70,150;90,150;
#904:
>0:-1,-1;70,181;69,182;90,183;
#905:
>0:-1,-1;70,181;70,181;
#906:
>0:-1,-1;70,189;91,189;110,190;110,192;129,192;150,192;149,193;170,194;171,195;170,196;189,196;170,197;150,197;149,198;170,199;
#907:
>0:-1,-1;70,189;70,189;
#908:
>0:-1,-1;70,192;49,193;69,194;49,194;30,194;30,195;50,196;29,197;10,198;29,198;10,198;29,198;10,198;29,198;10,198;29,198;10,198;29,198;10,198;29,198;10,198;29,198;10,198;29,198;10,198;29,198;10,198;29,198;10,198;29,198;10,198;29,198;10,198;29,198;10,198;29,198;10,198;29,198;10,198;29,198;10,198;29,198;10,198;29,198;10,198;29,198;10,198;29,198;10,198;29,198;10,198;29,198;10,198;29,198;10,198;29,198;10,198;29,198;10,198;29,198;10,198;29,198;10,198;29,198;10,198;29,198;10,198;29,198;10,198;29,198;10,198;29,198;10,198;29,198;10,198;29,198;10,198;29,198;10,198;29,198;10,198;29,198;10,198;29,198;10,198;29,198;10,198;29,198;10,198;29,198;10,198;29,198;10,198;29,198;10,198;29,198;10,198;29,198;10,198;29,198;10,198;29,198;10,198;29,198;10,198;29,198;10,198;29,198;10,198;29,198;10,198;29,198;10,198;29,198;10,198;29,198;10,198;29,198;10,198;29,198;10,198;29,198;10,198;29,198;
#909:
>0:-1,-1;70,193;49,194;30,194;30,195;50,196;29,197;10,198;29,198;10,198;29,198;10,198;29,198;10,198;29,198;10,198;29,198;10,198;29,198;10,198;29,198;10,198;29,198;10,198;29,198;10,198;29,198;10,198;29,198;10,198;29,198;10,198;29,198;10,198;29,198;10,198;29,198;10,198;29,198;10,198;29,198;10,198;29,198;10,198;29,198;10,198;29,198;10,198;29,198;10,198;29,198;10,198;29,198;10,198;29,198;10,198;29,198;10,198;29,198;10,198;29,198;10,198;29,198;10,198;29,198;10,198;29,198;10,198;29,198;10,198;29,198;10,198;29,198;10,198;29,198;10,198;29,198;10,198;29,198;10,198;29,198;10,198;29,198;10,198;29,198;10,198;29,198;10,198;29,198;10,198;29,198;10,198;29,198;10,198;29,198;10,198;29,198;10,198;29,198;10,198;29,198;10,198;29,198;10,198;29,198;10,198;29,198;10,198;29,198;10,198;29,198;10,198;29,198;10,198;29,198;10,198;29,198;10,198;29,198;10,198;29,198;10,198;29,198;10,198;29,198;
#910:
>0:-1,-1;70,194;71,194;
#911:
>0:-1,-1;70,213;50,214;
#912:
>0:-1,-1;71,1;72,1;72,3;
#913:
>0:-1,-1;71,1;72,1;
#914:
>0:-1,-1;71,14;71,14;
#915:
>0:-1,-1;71,40;71,40;
#916:
>0:-1,-1;71,73;70,73;71,74;91,74;
#917:
>0:-1,-1;71,90;70,90;50,91;49,92;50,93;70,94;51,94;
#918:
>0:-1,-1;71,95;91,95;
#919:
>0:-1,-1;71,146;71,148;
#920:
>0:-1,-1;71,164;71,164;
#921:
>0:-1,-1;71,170;92,171;71,172;90,172;
#922:
>0:-1,-1;71,187;70,188;70,189;91,189;110,190;110,192;129,192;150,192;149,193;170,194;171,195;170,196;189,196;170,197;150,197;149,198;170,199;
#923:
>0:-1,-1;71,190;71,190;
#924:
>0:-1,-1;71,195;91,195;92,196;
#925:
>0:-1,-1;71,226;52,226;32,227;53,228;54,228;33,228;32,228;
#926:
>0:-1,-1;72,9;91,9;
#927:
>0:-1,-1;72,49;72,49;
#928:
>0:-1,-1;72,65;71,66;91,66;111,66;
#929:
>0:-1,-1;72,66;71,67;
#930:
>0:-1,-1;72,92;71,92;
#931:
>0:-1,-1;72,99;52,100;
#932:
>0:-1,-1;72,101;53,101;32,102;33,102;53,103;54,103;35,103;15,104;16,105;36,105;16,106;
#933:
>0:-1,-1;72,148;51,148;70,149;91,150;72,150;
#934:
>0:-1,-1;72,148;91,149;72,150;
#935:
>0:-1,-1;72,210;72,210;
#936:
>0:-1,-1;72,238;72,239;93,239;94,239;73,239;94,239;73,239;94,239;73,239;94,239;73,239;94,239;73,239;94,239;73,239;94,239;73,239;94,239;73,239;94,239;73,239;94,239;73,239;94,239;73,239;94,239;73,239;94,239;73,239;94,239;73,239;94,239;73,239;94,239;73,239;94,239;73,239;94,239;73,239;94,239;73,239;94,239;73,239;94,239;73,239;94,239;73,239;94,239;73,239;94,239;73,239;94,239;73,239;94,239;73,239;94,239;73,239;94,239;73,239;94,239;73,239;94,239;73,239;94,239;73,239;94,239;73,239;94,239;73,239;94,239;73,239;94,239;73,239;94,239;73,239;94,239;73,239;94,239;73,239;94,239;73,239;94,239;73,239;94,239;73,239;94,239;73,239;94,239;73,239;94,239;73,239;94,239;73,239;94,239;73,239;94,239;73,239;94,239;73,239;94,239;73,239;94,239;73,239;94,239;73,239;94,239;73,239;94,239;73,239;94,239;73,239;94,239;73,239;94,239;73,239;94,239;73,239;94,239;73,239;94,239;73,239;94,239;73,239;94,239;
#937:
>0:-1,-1;73,5;54,6;55,7;54,8;
#938:
>0:-1,-1;73,6;73,6;
#939:
>0:-1,-1;73,49;74,49;
#940:
>0:-1,-1;73,61;94,61;114,61;135,61;
#941:
>0:-1,-1;73,64;94,64;
#942:
>0:-1,-1;73,77;94,77;
#943:
>0:-1,-1;73,78;93,78;
#944:
>0:-1,-1;73,131;54,132;34,133;15,134;14,134;13,134;
#945:
>0:-1,-1;73,164;54,165;
#946:
>0:-1,-1;73,180;52,180;31,181;51,181;70,181;69,182;90,183;
#947:
>0:-1,-1;73,189;92,189;72,189;91,189;110,190;110,192;129,192;150,192;149,193;170,194;171,195;170,196;189,196;170,197;150,197;149,198;170,199;
#948:
>0:-1,-1;73,192;73,192;
#949:
>0:-1,-1;73,199;74,199;
#950:
>0:-1,-1;73,201;52,202;
#951:
>0:-1,-1;73,207;92,208;
#952:
>0:-1,-1;73,213;92,214;
#953:
>0:-1,-1;73,225;73,225;
#954:
>0:-1,-1;74,31;74,31;
#955:
>0:-1,-1;74,52;53,52;53,54;54,54;53,55;54,56;73,57;54,57;73,58;
#956:
>0:-1,-1;74,80;95,80;95,81;
#957:
>0:-1,-1;74,124;53,124;33,125;32,125;
#958:
>0:-1,-1;74,128;94,128;113,129;94,130;
#959:
>0:-1,-1;74,135;75,136;95,136;75,136;95,136;75,136;95,136;75,136;95,136;75,136;95,136;75,136;95,136;75,136;95,136;75,136;95,136;75,136;95,136;75,136;95,136;75,136;95,136;75,136;95,136;75,136;95,136;75,136;95,136;75,136;95,136;75,136;95,136;75,136;95,136;75,136;95,136;75,136;95,136;75,136;95,136;75,136;95,136;75,136;95,136;75,136;95,136;75,136;95,136;75,136;95,136;75,136;95,136;75,136;95,136;75,136;95,136;75,136;95,136;75,136;95,136;75,136;95,136;75,136;95,136;75,136;95,136;75,136;95,136;75,136;95,136;75,136;95,136;75,136;95,136;75,136;95,136;75,136;95,136;75,136;95,136;75,136;95,136;75,136;95,136;75,136;95,136;75,136;95,136;75,136;95,136;75,136;95,136;75,136;95,136;75,136;95,136;75,136;95,136;75,136;95,136;75,136;95,136;75,136;95,136;75,136;95,136;75,136;95,136;75,136;95,136;75,136;95,136;75,136;95,136;75,136;95,136;75,136;95,136;75,136;95,136;75,136;95,136;75,136;
#960:
>0:-1,-1;74,161;74,163;53,164;32,165;
#961:
>0:-1,-1;74,166;73,166;94,166;75,167;
#962:
>0:-1,-1;74,200;53,200;52,200;51,200;
#963:
>0:-1,-1;74,226;54,227;
#964:
>0:-1,-1;75,13;54,14;35,15;55,15;55,17;55,18;55,20;
#965:
>0:-1,-1;75,43;74,43;55,43;34,43;13,43;13,45;32,46;
#966:
>0:-1,-1;75,69;74,69;
#967:
>0:-1,-1;75,96;94,96;74,97;54,98;75,99;54,100;
#968:
>0:-1,-1;75,116;55,116;54,117;
#969:
>0:-1,-1;75,117;75,117;
#970:
>0:-1,-1;75,144;96,144;77,144;98,145;97,146;116,146;
#971:
>0:-1,-1;75,167;75,167;
#972:
>0:-1,-1;75,173;95,174;94,174;113,174;92,174;73,175;54,176;74,176;53,177;34,177;34,178;55,179;75,179;94,180;
#973:
>0:-1,-1;75,182;96,183;97,183;78,183;58,183;37,184;56,184;
#974:
>0:-1,-1;75,209;75,209;
#975:
>0:-1,-1;75,211;75,211;
#976:
>0:-1,-1;76,2;76,3;
#977:
>0:-1,-1;76,40;97,40;118,41;99,41;118,41;99,41;118,41;99,41;118,41;99,41;118,41;99,41;118,41;99,41;118,41;99,41;118,41;99,41;118,41;99,41;118,41;99,41;118,41;99,41;118,41;99,41;118,41;99,41;118,41;99,41;118,41;99,41;118,41;99,41;118,41;99,41;118,41;99,41;118,41;99,41;118,41;99,41;118,41;99,41;118,41;99,41;118,41;99,41;118,41;99,41;118,41;99,41;118,41;99,41;118,41;99,41;118,41;99,41;118,41;99,41;118,41;99,41;118,41;99,41;118,41;99,41;118,41;99,41;118,41;99,41;118,41;99,41;118,41;99,41;118,41;99,41;118,41;99,41;118,41;99,41;118,41;99,41;118,41;99,41;118,41;99,41;118,41;99,41;118,41;99,41;118,41;99,41;118,41;99,41;118,41;99,41;118,41;99,41;118,41;99,41;118,41;99,41;118,41;99,41;118,41;99,41;118,41;99,41;118,41;99,41;118,41;99,41;118,41;99,41;118,41;99,41;118,41;99,41;118,41;99,41;118,41;99,41;118,41;99,41;
#978:
>0:-1,-1;76,42;77,42;
#979:
>0:-1,-1;76,56;95,56;94,57;
#980:
>0:-1,-1;76,57;97,58;
#981:
>0:-1,-1;76,98;95,99;94,99;
#982:
>0:-1,-1;76,114;76,114;
#983:
>0:-1,-1;76,119;55,119;
#984:
>0:-1,-1;76,119;76,119;
#985:
>0:-1,-1;76,134;76,134;
#986:
>0:-1,-1;76,140;76,140;
#987:
>0:-1,-1;76,157;95,158;114,158;93,158;112,158;
#988:
>0:-1,-1;76,163;76,165;57,165;56,165;75,166;95,167;114,167;115,167;115,169;114,170;
#989:
>0:-1,-1;76,167;57,167;36,167;55,167;36,167;55,167;36,167;55,167;36,167;55,167;36,167;55,167;36,167;55,167;36,167;55,167;36,167;55,167;36,167;55,167;36,167;55,167;36,167;55,167;36,167;55,167;36,167;55,167;36,167;55,167;36,167;55,167;36,167;55,167;36,167;55,167;36,167;55,167;36,167;55,167;36,167;55,167;36,167;55,167;36,167;55,167;36,167;55,167;36,167;55,167;36,167;55,167;36,167;55,167;36,167;55,167;36,167;55,167;36,167;55,167;36,167;55,167;36,167;55,167;36,167;55,167;36,167;55,167;36,167;55,167;36,167;55,167;36,167;55,167;36,167;55,167;36,167;55,167;36,167;55,167;36,167;55,167;36,167;55,167;36,167;55,167;36,167;55,167;36,167;55,167;36,167;55,167;36,167;55,167;36,167;55,167;36,167;55,167;36,167;55,167;36,167;55,167;36,167;55,167;36,167;55,167;36,167;55,167;36,167;55,167;36,167;55,167;36,167;55,167;36,167;55,167;36,167;55,167;36,167;55,167;36,167;55,167;36,167;55,167;
#990:
>0:-1,-1;76,176;56,177;56,178;36,178;15,178;36,178;15,178;36,178;15,178;36,178;15,178;36,178;15,178;36,178;15,178;36,178;15,178;36,178;15,178;36,178;15,178;36,178;15,178;36,178;15,178;36,178;15,178;36,178;15,178;36,178;15,178;36,178;15,178;36,178;15,178;36,178;15,178;36,178;15,178;36,178;15,178;36,178;15,178;36,178;15,178;36,178;15,178;36,178;15,178;36,178;15,178;36,178;15,178;36,178;15,178;36,178;15,178;36,178;15,178;36,178;15,178;36,178;15,178;36,178;15,178;36,178;15,178;36,178;15,178;36,178;15,178;36,178;15,178;36,178;15,178;36,178;15,178;36,178;15,178;36,178;15,178;36,178;15,178;36,178;15,178;36,178;15,178;36,178;15,178;36,178;15,178;36,178;15,178;36,178;15,178;36,178;15,178;36,178;15,178;36,178;15,178;36,178;15,178;36,178;15,178;36,178;15,178;36,178;15,178;36,178;15,178;36,178;15,178;36,178;15,178;36,178;15,178;36,178;15,178;36,178;15,178;36,178;15,178;36,178;
#991:
>0:-1,-1;76,195;76,195;
#992:
>0:-1,-1;76,199;97,199;77,199;96,200;116,200;136,200;135,200;135,201;114,202;
#993:
>0:-1,-1;76,201;57,202;
#994:
>0:-1,-1;76,202;57,202;
#995:
>0:-1,-1;76,215;76,217;75,218;55,219;
#996:
>0:-1,-1;76,217;75,218;55,219;
#997:
>0:-1,-1;76,222;56,222;55,222;
#998:
>0:-1,-1;77,5;78,5;78,6;58,6;38,6;
#999:
>0:-1,-1;77,7;57,7;37,8;37,9;56,9;75,9;
#1000:
>0:-1,-1;77,28;77,28;
#1001:
>0:-1,-1;77,33;77,33;
#1002:
>0:-1,-1;77,95;76,95;55,95;
#1003:
>0:-1,-1;77,109;58,109;37,110;58,110;78,110;97,110;96,110;
#1004:
>0:-1,-1;77,156;58,156;
#1005:
>0:-1,-1;77,156;78,156;59,157;39,158;38,158;38,159;19,159;38,159;19,159;38,159;19,159;38,159;19,159;38,159;19,159;38,159;19,159;38,159;19,159;38,159;19,159;38,159;19,159;38,159;19,159;38,159;19,159;38,159;19,159;38,159;19,159;38,159;19,159;38,159;19,159;38,159;19,159;38,159;19,159;38,159;19,159;38,159;19,159;38,159;19,159;38,159;19,159;38,159;19,159;38,159;19,159;38,159;19,159;38,159;19,159;38,159;19,159;38,159;19,159;38,159;19,159;38,159;19,159;38,159;19,159;38,159;19,159;38,159;19,159;38,159;19,159;38,159;19,159;38,159;19,159;38,159;19,159;38,159;19,159;38,159;19,159;38,159;19,159;38,159;19,159;38,159;19,159;38,159;19,159;38,159;19,159;38,159;19,159;38,159;19,159;38,159;19,159;38,159;19,159;38,159;19,159;38,159;19,159;38,159;19,159;38,159;19,159;38,159;19,159;38,159;19,159;38,159;19,159;38,159;19,159;38,159;19,159;38,159;19,159;38,159;19,159;38,159;19,159;38,159;
#1006:
>0:-1,-1;77,177;58,177;59,177;78,178;58,179;37,179;38,179;
#1007:
>0:-1,-1;77,183;77,183;
#1008:
>0:-1,-1;77,199;96,200;116,200;136,200;135,200;135,201;114,202;
#1009:
>0:-1,-1;77,213;77,213;
#1010:
>0:-1,-1;77,219;98,219;
#1011:
>0:-1,-1;77,220;98,221;78,221;77,221;
#1012:
>0:-1,-1;78,1;78,2;
#1013:
>0:-1,-1;78,2;78,2;
#1014:
>0:-1,-1;78,7;97,7;76,8;57,9;78,10;97,10;118,10;138,11;
#1015:
>0:-1,-1;78,7;78,7;
#1016:
>0:-1,-1;78,57;79,58;98,59;
#1017:
>0:-1,-1;78,70;99,71;98,71;97,72;78,72;
#1018:
>0:-1,-1;78,79;78,80;99,81;98,82;
#1019:
>0:-1,-1;78,95;59,96;
#1020:
>0:-1,-1;78,155;78,155;
#1021:
>0:-1,-1;79,44;98,44;117,44;96,45;76,45;56,46;75,47;95,48;75,49;75,50;75,51;75,53;74,53;55,54;55,56;
#1022:
>0:-1,-1;79,65;79,65;
#1023:
>0:-1,-1;79,81;98,81;
#1024:
>0:-1,-1;79,81;79,81;
#1025:
>0:-1,-1;79,82;99,82;119,82;
#1026:
>0:-1,-1;79,89;58,89;59,89;79,89;58,89;59,89;79,89;58,89;59,89;79,89;58,89;59,89;79,89;58,89;59,89;79,89;58,89;59,89;79,89;58,89;59,89;79,89;58,89;59,89;79,89;58,89;59,89;79,89;58,89;59,89;79,89;58,89;59,89;79,89;58,89;59,89;79,89;58,89;59,89;79,89;58,89;59,89;79,89;58,89;59,89;79,89;58,89;59,89;79,89;58,89;59,89;79,89;58,89;59,89;79,89;58,89;59,89;79,89;58,89;59,89;79,89;58,89;59,89;79,89;58,89;59,89;79,89;58,89;59,89;79,89;58,89;59,89;79,89;58,89;59,89;79,89;58,89;59,89;79,89;58,89;59,89;79,89;58,89;59,89;79,89;58,89;59,89;79,89;58,89;59,89;79,89;58,89;59,89;79,89;58,89;59,89;79,89;58,89;59,89;79,89;58,89;59,89;79,89;58,89;59,89;79,89;58,89;59,89;79,89;58,89;59,89;79,89;58,89;59,89;79,89;58,89;59,89;79,89;58,89;59,89;79,89;58,89;59,89;79,89;
#1027:
>0:-1,-1;79,112;78,112;99,112;118,112;98,113;99,113;
#1028:
>0:-1,-1;79,173;99,174;
#1029:
>0:-1,-1;79,198;99,198;
#1030:
>0:-1,-1;80,42;101,43;
#1031:
>0:-1,-1;80,48;60,49;
#1032:
>0:-1,-1;80,98;61,99;
#1033:
>0:-1,-1;80,118;80,120;80,121;81,121;101,122;
#1034:
>0:-1,-1;80,119;80,119;
#1035:
>0:-1,-1;80,122;101,122;
#1036:
>0:-1,-1;80,130;61,130;60,131;
#1037:
>0:-1,-1;80,130;101,131;122,132;141,132;
#1038:
>0:-1,-1;80,142;61,143;62,144;
#1039:
>0:-1,-1;80,146;60,146;40,146;
#1040:
>0:-1,-1;80,146;101,146;101,148;122,149;143,149;144,149;143,149;144,149;143,149;144,149;143,149;144,149;143,149;144,149;143,149;144,149;143,149;144,149;143,149;144,149;143,149;144,149;143,149;144,149;143,149;144,149;143,149;144,149;143,149;144,149;143,149;144,149;143,149;144,149;143,149;144,149;143,149;144,149;143,149;144,149;143,149;144,149;143,149;144,149;143,149;144,149;143,149;144,149;143,149;144,149;143,149;144,149;143,149;144,149;143,149;144,149;143,149;144,149;143,149;144,149;143,149;144,149;143,149;144,149;143,149;144,149;143,149;144,149;143,149;144,149;143,149;144,149;143,149;144,149;143,149;144,149;143,149;144,149;143,149;144,149;143,149;144,149;143,149;144,149;143,149;144,149;143,149;144,149;143,149;144,149;143,149;144,149;143,149;144,149;143,149;144,149;143,149;144,149;143,149;144,149;143,149;144,149;143,149;144,149;143,149;144,149;143,149;144,149;143,149;144,149;143,149;144,149;143,149;144,149;143,149;144,149;143,149;144,149;143,149;144,149;143,149;144,149;143,149;144,149;
#1041:
>0:-1,-1;80,181;81,181;
#1042:
>0:-1,-1;80,184;80,185;
#1043:
>0:-1,-1;80,191;100,191;
#1044:
>0:-1,-1;80,196;61,197;
#1045:
>0:-1,-1;80,228;100,229;80,230;
#1046:
>0:-1,-1;81,13;82,13;63,14;63,15;
#1047:
>0:-1,-1;81,18;82,18;
#1048:
>0:-1,-1;81,29;82,30;83,31;63,31;63,32;62,33;43,34;22,34;2,34;1,35;
#1049:
>0:-1,-1;81,33;81,35;62,36;62,37;
#1050:
>0:-1,-1;81,40;60,41;41,41;22,42;42,42;22,42;42,42;22,42;42,42;22,42;42,42;22,42;42,42;22,42;42,42;22,42;42,42;22,42;42,42;22,42;42,42;22,42;42,42;22,42;42,42;22,42;42,42;22,42;42,42;22,42;42,42;22,42;42,42;22,42;42,42;22,42;42,42;22,42;42,42;22,42;42,42;22,42;42,42;22,42;42,42;22,42;42,42;22,42;42,42;22,42;42,42;22,42;42,42;22,42;42,42;22,42;42,42;22,42;42,42;22,42;42,42;22,42;42,42;22,42;42,42;22,42;42,42;22,42;42,42;22,42;42,42;22,42;42,42;22,42;42,42;22,42;42,42;22,42;42,42;22,42;42,42;22,42;42,42;22,42;42,42;22,42;42,42;22,42;42,42;22,42;42,42;22,42;42,42;22,42;42,42;22,42;42,42;22,42;42,42;22,42;42,42;22,42;42,42;22,42;42,42;22,42;42,42;22,42;42,42;22,42;42,42;22,42;42,42;22,42;42,42;22,42;42,42;22,42;42,42;22,42;42,42;22,42;42,42;22,42;
#1051:
>0:-1,-1;81,40;82,40;83,41;83,42;103,43;102,43;121,43;142,44;123,44;102,44;103,45;124,45;145,46;
#1052:
>0:-1,-1;81,69;61,69;81,69;61,69;81,69;61,69;81,69;61,69;81,69;61,69;81,69;61,69;81,69;61,69;81,69;61,69;81,69;61,69;81,69;61,69;81,69;61,69;81,69;61,69;81,69;61,69;81,69;61,69;81,69;61,69;81,69;61,69;81,69;61,69;81,69;61,69;81,69;61,69;81,69;61,69;81,69;61,69;81,69;61,69;81,69;61,69;81,69;61,69;81,69;61,69;81,69;61,69;81,69;61,69;81,69;61,69;81,69;61,69;81,69;61,69;81,69;61,69;81,69;61,69;81,69;61,69;81,69;61,69;81,69;61,69;81,69;61,69;81,69;61,69;81,69;61,69;81,69;61,69;81,69;61,69;81,69;61,69;81,69;61,69;81,69;61,69;81,69;61,69;81,69;61,69;81,69;61,69;81,69;61,69;81,69;61,69;81,69;61,69;81,69;61,69;81,69;61,69;81,69;61,69;81,69;61,69;81,69;61,69;81,69;61,69;81,69;61,69;81,69;61,69;81,69;61,69;81,69;61,69;81,69;61,69;81,69;61,69;81,69;61,69;
#1053:
>0:-1,-1;81,76;81,76;
#1054:
>0:-1,-1;81,96;60,97;81,98;
#1055:
>0:-1,-1;81,96;81,98;
#1056:
>0:-1,-1;81,96;100,96;101,96;120,96;120,97;121,97;120,97;121,97;120,97;121,97;120,97;121,97;120,97;121,97;120,97;121,97;120,97;121,97;120,97;121,97;120,97;121,97;120,97;121,97;120,97;121,97;120,97;121,97;120,97;121,97;120,97;121,97;120,97;121,97;120,97;121,97;120,97;121,97;120,97;121,97;120,97;121,97;120,97;121,97;120,97;121,97;120,97;121,97;120,97;121,97;120,97;121,97;120,97;121,97;120,97;121,97;120,97;121,97;120,97;121,97;120,97;121,97;120,97;121,97;120,97;121,97;120,97;121,97;120,97;121,97;120,97;121,97;120,97;121,97;120,97;121,97;120,97;121,97;120,97;121,97;120,97;121,97;120,97;121,97;120,97;121,97;120,97;121,97;120,97;121,97;120,97;121,97;120,97;121,97;120,97;121,97;120,97;121,97;120,97;121,97;120,97;121,97;120,97;121,97;120,97;121,97;120,97;121,97;120,97;121,97;120,97;121,97;120,97;121,97;120,97;121,97;120,97;121,97;120,97;121,97;120,97;121,97;120,97;121,97;
#1057:
>0:-1,-1;81,107;102,108;103,109;123,109;142,110;121,111;141,112;141,114;141,115;
#1058:
>0:-1,-1;81,123;61,123;
#1059:
>0:-1,-1;81,123;81,125;80,126;
#1060:
>0:-1,-1;81,123;81,123;
#1061:
>0:-1,-1;81,166;100,167;101,167;81,167;
#1062:
>0:-1,-1;81,168;81,168;
#1063:
>0:-1,-1;81,170;81,170;
#1064:
>0:-1,-1;81,172;81,172;
#1065:
>0:-1,-1;81,193;81,193;
#1066:
>0:-1,-1;81,210;100,211;101,212;101,213;82,214;
#1067:
>0:-1,-1;81,218;101,218;101,219;
#1068:
>0:-1,-1;81,222;81,222;
#1069:
>0:-1,-1;81,234;62,235;
#1070:
>0:-1,-1;82,19;101,20;100,20;
#1071:
>0:-1,-1;82,66;102,66;121,67;121,69;
#1072:
>0:-1,-1;82,66;82,66;
#1073:
>0:-1,-1;82,94;62,95;
#1074:
>0:-1,-1;82,97;62,97;83,98;84,99;65,99;86,100;106,100;127,100;126,101;
#1075:
>0:-1,-1;82,140;101,140;100,140;101,140;100,140;101,140;100,140;101,140;100,140;101,140;100,140;101,140;100,140;101,140;100,140;101,140;100,140;101,140;100,140;101,140;100,140;101,140;100,140;101,140;100,140;101,140;100,140;101,140;100,140;101,140;100,140;101,140;100,140;101,140;100,140;101,140;100,140;101,140;100,140;101,140;100,140;101,140;100,140;101,140;100,140;101,140;100,140;101,140;100,140;101,140;100,140;101,140;100,140;101,140;100,140;101,140;100,140;101,140;100,140;101,140;100,140;101,140;100,140;101,140;100,140;101,140;100,140;101,140;100,140;101,140;100,140;101,140;100,140;101,140;100,140;101,140;100,140;101,140;100,140;101,140;100,140;101,140;100,140;101,140;100,140;101,140;100,140;101,140;100,140;101,140;100,140;101,140;100,140;101,140;100,140;101,140;100,140;101,140;100,140;101,140;100,140;101,140;100,140;101,140;100,140;101,140;100,140;101,140;100,140;101,140;100,140;101,140;100,140;101,140;100,140;101,140;100,140;101,140;100,140;101,140;100,140;101,140;100,140;101,140;
#1076:
>0:-1,-1;82,176;82,176;
#1077:
>0:-1,-1;83,17;103,18;103,19;82,19;101,20;100,20;
#1078:
>0:-1,-1;83,18;62,19;42,20;22,20;3,21;3,22;23,23;3,23;22,23;3,23;22,23;3,23;22,23;3,23;22,23;3,23;22,23;3,23;22,23;3,23;22,23;3,23;22,23;3,23;22,23;3,23;22,23;3,23;22,23;3,23;22,23;3,23;22,23;3,23;22,23;3,23;22,23;3,23;22,23;3,23;22,23;3,23;22,23;3,23;22,23;3,23;22,23;3,23;22,23;3,23;22,23;3,23;22,23;3,23;22,23;3,23;22,23;3,23;22,23;3,23;22,23;3,23;22,23;3,23;22,23;3,23;22,23;3,23;22,23;3,23;22,23;3,23;22,23;3,23;22,23;3,23;22,23;3,23;22,23;3,23;22,23;3,23;22,23;3,23;22,23;3,23;22,23;3,23;22,23;3,23;22,23;3,23;22,23;3,23;22,23;3,23;22,23;3,23;22,23;3,23;22,23;3,23;22,23;3,23;22,23;3,23;22,23;3,23;22,23;3,23;22,23;3,23;22,23;3,23;22,23;3,23;22,23;3,23;22,23;3,23;22,23;3,23;22,23;3,23;
#1079:
>0:-1,-1;83,22;84,23;
#1080:
>0:-1,-1;83,75;82,75;
#1081:
>0:-1,-1;83,75;83,76;102,77;81,78;81,79;
#1082:
>0:-1,-1;83,95;102,96;102,97;123,98;103,99;124,99;105,99;
#1083:
>0:-1,-1;83,119;63,120;64,120;64,121;
#1084:
>0:-1,-1;83,121;83,121;
#1085:
>0:-1,-1;83,135;64,136;63,137;62,137;81,137;81,139;
#1086:
>0:-1,-1;83,189;82,189;102,189;103,190;
#1087:
>0:-1,-1;83,196;84,196;104,196;103,196;124,197;123,197;124,198;
#1088:
>0:-1,-1;83,205;102,206;102,207;101,207;82,208;81,209;
#1089:
>0:-1,-1;83,225;82,226;
#1090:
>0:-1,-1;84,78;105,79;104,79;125,79;125,81;
#1091:
>0:-1,-1;84,91;64,92;84,93;
#1092:
>0:-1,-1;84,125;84,125;
#1093:
>0:-1,-1;84,172;83,173;
#1094:
>0:-1,-1;84,194;64,194;44,194;44,195;23,196;22,196;42,196;
#1095:
>0:-1,-1;84,198;104,199;
#1096:
>0:-1,-1;84,213;84,215;83,216;64,216;43,216;63,216;82,217;
#1097:
>0:-1,-1;84,227;104,227;125,228;145,229;166,230;166,231;165,232;
#1098:
>0:-1,-1;84,230;105,231;
#1099:
>0:-1,-1;84,230;84,230;
#1100:
>0:-1,-1;85,3;84,4;65,4;
#1101:
>0:-1,-1;85,23;85,23;
#1102:
>0:-1,-1;85,52;105,52;
#1103:
>0:-1,-1;85,99;85,99;
#1104:
>0:-1,-1;85,110;104,111;124,112;
#1105:
>0:-1,-1;85,114;66,114;67,114;
#1106:
>0:-1,-1;85,129;105,129;
#1107:
>0:-1,-1;85,187;66,188;
#1108:
>0:-1,-1;85,187;104,187;105,187;84,188;64,189;63,189;
#1109:
>0:-1,-1;85,193;64,194;44,194;44,195;23,196;22,196;42,196;
#1110:
>0:-1,-1;85,218;65,218;46,218;46,219;47,220;
#1111:
>0:-1,-1;85,223;106,223;
#1112:
>0:-1,-1;86,5;66,6;65,7;44,8;64,9;
#1113:
>0:-1,-1;86,5;86,7;
#1114:
>0:-1,-1;86,29;85,29;105,29;104,29;124,29;124,30;123,31;143,31;142,32;123,32;
#1115:
>0:-1,-1;86,32;86,33;85,34;104,34;85,34;104,34;85,34;104,34;85,34;104,34;85,34;104,34;85,34;104,34;85,34;104,34;85,34;104,34;85,34;104,34;85,34;104,34;85,34;104,34;85,34;104,34;85,34;104,34;85,34;104,34;85,34;104,34;85,34;104,34;85,34;104,34;85,34;104,34;85,34;104,34;85,34;104,34;85,34;104,34;85,34;104,34;85,34;104,34;85,34;104,34;85,34;104,34;85,34;104,34;85,34;104,34;85,34;104,34;85,34;104,34;85,34;104,34;85,34;104,34;85,34;104,34;85,34;104,34;85,34;104,34;85,34;104,34;85,34;104,34;85,34;104,34;85,34;104,34;85,34;104,34;85,34;104,34;85,34;104,34;85,34;104,34;85,34;104,34;85,34;104,34;85,34;104,34;85,34;104,34;85,34;104,34;85,34;104,34;85,34;104,34;85,34;104,34;85,34;104,34;85,34;104,34;85,34;104,34;85,34;104,34;85,34;104,34;85,34;104,34;85,34;104,34;85,34;104,34;85,34;104,34;85,34;104,34;85,34;104,34;
#1116:
>0:-1,-1;86,35;107,36;88,36;87,36;68,37;
#1117:
>0:-1,-1;86,85;86,85;
#1118:
>0:-1,-1;86,85;86,85;
#1119:
>0:-1,-1;86,103;86,103;
#1120:
>0:-1,-1;86,117;87,118;66,118;67,118;47,119;48,119;69,120;50,120;50,121;31,121;52,121;51,122;30,122;29,122;50,122;
#1121:
>0:-1,-1;86,164;67,165;66,165;87,165;
#1122:
>0:-1,-1;86,207;67,207;46,207;
#1123:
>0:-1,-1;86,222;85,223;106,223;
#1124:
>0:-1,-1;87,6;68,7;47,7;
#1125:
>0:-1,-1;87,10;88,10;108,11;128,11;149,11;148,11;169,11;188,12;
#1126:
>0:-1,-1;87,25;87,25;
#1127:
>0:-1,-1;87,47;87,47;
#1128:
>0:-1,-1;87,54;87,54;
#1129:
>0:-1,-1;87,72;66,72;66,74;47,75;
#1130:
>0:-1,-1;87,107;87,107;
#1131:
>0:-1,-1;87,136;86,136;
#1132:
>0:-1,-1;87,147;86,148;106,148;87,149;66,149;
#1133:
>0:-1,-1;87,184;87,186;106,186;107,186;128,187;
#1134:
>0:-1,-1;87,194;66,194;45,194;25,194;4,195;24,195;
#1135:
>0:-1,-1;87,207;67,207;46,207;
#1136:
>0:-1,-1;87,211;67,211;47,211;26,211;45,211;45,212;64,212;63,213;82,214;
#1137:
>0:-1,-1;87,213;88,213;67,214;47,215;67,216;
#1138:
>0:-1,-1;87,217;87,219;88,220;68,220;67,221;66,222;
#1139:
>0:-1,-1;88,30;68,31;69,32;69,34;49,35;70,35;50,36;30,37;31,38;
#1140:
>0:-1,-1;88,66;88,66;
#1141:
>0:-1,-1;88,77;88,77;
#1142:
>0:-1,-1;88,80;69,80;50,81;
#1143:
>0:-1,-1;88,98;89,99;88,100;67,101;
#1144:
>0:-1,-1;88,136;88,137;69,137;89,138;90,138;91,138;91,139;111,139;131,140;151,140;132,141;153,142;
#1145:
>0:-1,-1;88,147;108,147;
#1146:
>0:-1,-1;88,166;108,167;109,167;128,168;
#1147:
>0:-1,-1;88,189;108,189;
#1148:
>0:-1,-1;88,199;108,200;
#1149:
>0:-1,-1;88,201;88,201;
#1150:
>0:-1,-1;89,0;89,0;
#1151:
>0:-1,-1;89,10;70,11;69,12;88,13;67,13;67,15;46,16;46,17;65,17;64,17;45,18;64,19;
#1152:
>0:-1,-1;89,14;90,14;91,15;111,16;132,16;112,17;
#1153:
>0:-1,-1;89,30;108,31;107,31;
#1154:
>0:-1,-1;89,68;88,69;68,69;89,70;109,70;
#1155:
>0:-1,-1;89,80;90,80;
#1156:
>0:-1,-1;89,86;89,86;
#1157:
>0:-1,-1;89,87;68,88;69,88;68,88;69,88;68,88;69,88;68,88;69,88;68,88;69,88;68,88;69,88;68,88;69,88;68,88;69,88;68,88;69,88;68,88;69,88;68,88;69,88;68,88;69,88;68,88;69,88;68,88;69,88;68,88;69,88;68,88;69,88;68,88;69,88;68,88;69,88;68,88;69,88;68,88;69,88;68,88;69,88;68,88;69,88;68,88;69,88;68,88;69,88;68,88;69,88;68,88;69,88;68,88;69,88;68,88;69,88;68,88;69,88;68,88;69,88;68,88;69,88;68,88;69,88;68,88;69,88;68,88;69,88;68,88;69,88;68,88;69,88;68,88;69,88;68,88;69,88;68,88;69,88;68,88;69,88;68,88;69,88;68,88;69,88;68,88;69,88;68,88;69,88;68,88;69,88;68,88;69,88;68,88;69,88;68,88;69,88;68,88;69,88;68,88;69,88;68,88;69,88;68,88;69,88;68,88;69,88;68,88;69,88;68,88;69,88;68,88;69,88;68,88;69,88;68,88;69,88;68,88;69,88;68,88;69,88;68,88;69,88;68,88;
#1158:
>0:-1,-1;89,87;89,88;69,89;68,90;68,91;
#1159:
>0:-1,-1;89,134;109,134;89,134;109,134;89,134;109,134;89,134;109,134;89,134;109,134;89,134;109,134;89,134;109,134;89,134;109,134;89,134;109,134;89,134;109,134;89,134;109,134;89,134;109,134;89,134;109,134;89,134;109,134;89,134;109,134;89,134;109,134;89,134;109,134;89,134;109,134;89,134;109,134;89,134;109,134;89,134;109,134;89,134;109,134;89,134;109,134;89,134;109,134;89,134;109,134;89,134;109,134;89,134;109,134;89,134;109,134;89,134;109,134;89,134;109,134;89,134;109,134;89,134;109,134;89,134;109,134;89,134;109,134;89,134;109,134;89,134;109,134;89,134;109,134;89,134;109,134;89,134;109,134;89,134;109,134;89,134;109,134;89,134;109,134;89,134;109,134;89,134;109,134;89,134;109,134;89,134;109,134;89,134;109,134;89,134;109,134;89,134;109,134;89,134;109,134;89,134;109,134;89,134;109,134;89,134;109,134;89,134;109,134;89,134;109,134;89,134;109,134;89,134;109,134;89,134;109,134;89,134;109,134;89,134;109,134;89,134;109,134;89,134;109,134;
#1160:
>0:-1,-1;89,141;88,142;
#1161:
>0:-1,-1;89,180;69,181;69,183;70,183;51,183;
#1162:
>0:-1,-1;89,209;68,210;48,211;48,212;27,212;26,213;
#1163:
>0:-1,-1;89,232;69,233;89,234;88,235;107,235;106,236;
#1164:
>0:-1,-1;90,14;91,15;111,16;132,16;112,17;
#1165:
>0:-1,-1;90,29;110,30;90,30;90,32;110,32;110,33;89,33;
#1166:
>0:-1,-1;90,55;91,55;91,57;112,58;93,58;93,59;
#1167:
>0:-1,-1;90,55;91,56;110,56;109,57;110,57;91,58;
#1168:
>0:-1,-1;90,96;89,97;109,97;89,98;70,98;49,99;
#1169:
>0:-1,-1;90,97;110,98;89,99;88,100;67,101;
#1170:
>0:-1,-1;90,109;89,110;70,110;51,110;31,111;32,112;51,112;50,112;51,112;50,112;51,112;50,112;51,112;50,112;51,112;50,112;51,112;50,112;51,112;50,112;51,112;50,112;51,112;50,112;51,112;50,112;51,112;50,112;51,112;50,112;51,112;50,112;51,112;50,112;51,112;50,112;51,112;50,112;51,112;50,112;51,112;50,112;51,112;50,112;51,112;50,112;51,112;50,112;51,112;50,112;51,112;50,112;51,112;50,112;51,112;50,112;51,112;50,112;51,112;50,112;51,112;50,112;51,112;50,112;51,112;50,112;51,112;50,112;51,112;50,112;51,112;50,112;51,112;50,112;51,112;50,112;51,112;50,112;51,112;50,112;51,112;50,112;51,112;50,112;51,112;50,112;51,112;50,112;51,112;50,112;51,112;50,112;51,112;50,112;51,112;50,112;51,112;50,112;51,112;50,112;51,112;50,112;51,112;50,112;51,112;50,112;51,112;50,112;51,112;50,112;51,112;50,112;51,112;50,112;51,112;50,112;51,112;50,112;51,112;50,112;51,112;50,112;51,112;50,112;
#1171:
>0:-1,-1;90,111;91,111;71,111;71,112;
#1172:
>0:-1,-1;90,124;89,124;68,125;
#1173:
>0:-1,-1;90,131;90,131;
#1174:
>0:-1,-1;90,154;90,154;
#1175:
>0:-1,-1;90,162;91,162;90,163;109,163;130,164;131,165;
#1176:
>0:-1,-1;90,176;90,176;
#1177:
>0:-1,-1;90,185;110,186;110,187;111,188;
#1178:
>0:-1,-1;90,187;70,187;71,187;70,188;70,189;91,189;110,190;110,192;129,192;150,192;149,193;170,194;171,195;170,196;189,196;170,197;150,197;149,198;170,199;
#1179:
>0:-1,-1;90,217;70,218;70,219;
#1180:
>0:-1,-1;90,217;90,217;
#1181:
>0:-1,-1;90,225;111,225;
#1182:
>0:-1,-1;91,38;72,38;73,38;93,39;73,39;
#1183:
>0:-1,-1;91,39;71,40;
#1184:
>0:-1,-1;91,45;91,46;
#1185:
>0:-1,-1;91,94;92,95;72,96;71,96;52,96;32,96;33,97;33,99;
#1186:
>0:-1,-1;91,124;90,125;110,126;
#1187:
>0:-1,-1;91,134;71,135;52,135;
#1188:
>0:-1,-1;91,150;72,150;
#1189:
>0:-1,-1;91,154;90,155;91,155;
#1190:
>0:-1,-1;91,192;91,192;
#1191:
>0:-1,-1;91,196;91,198;112,198;133,199;134,200;114,201;133,201;133,202;
#1192:
>0:-1,-1;92,21;112,22;
#1193:
>0:-1,-1;92,24;92,24;
#1194:
>0:-1,-1;92,26;91,26;92,27;73,27;93,27;74,27;
#1195:
>0:-1,-1;92,140;73,141;52,142;73,143;53,143;
#1196:
>0:-1,-1;92,140;93,141;
#1197:
>0:-1,-1;92,140;92,140;
#1198:
>0:-1,-1;92,154;91,155;
#1199:
>0:-1,-1;92,178;112,179;91,179;112,180;132,180;
#1200:
>0:-1,-1;92,179;92,179;
#1201:
>0:-1,-1;92,216;93,217;113,217;134,218;
#1202:
>0:-1,-1;92,216;92,216;
#1203:
>0:-1,-1;93,6;73,7;73,9;54,9;35,9;56,9;75,9;
#1204:
>0:-1,-1;93,8;74,8;54,8;
#1205:
>0:-1,-1;93,75;113,76;
#1206:
>0:-1,-1;93,79;72,79;71,80;91,81;111,82;
#1207:
>0:-1,-1;93,94;72,94;51,94;
#1208:
>0:-1,-1;93,104;72,104;53,105;33,105;54,105;75,106;56,106;
#1209:
>0:-1,-1;93,110;94,110;95,111;94,112;94,114;
#1210:
>0:-1,-1;93,112;93,114;73,115;73,116;72,116;
#1211:
>0:-1,-1;93,174;93,174;
#1212:
>0:-1,-1;93,178;93,178;
#1213:
>0:-1,-1;93,223;93,225;
#1214:
>0:-1,-1;94,2;114,3;
#1215:
>0:-1,-1;94,5;73,5;54,6;55,7;54,8;
#1216:
>0:-1,-1;94,22;94,23;74,24;55,25;35,26;
#1217:
>0:-1,-1;94,77;94,77;
#1218:
>0:-1,-1;94,85;115,85;136,85;157,86;158,87;157,88;156,89;157,89;
#1219:
>0:-1,-1;94,85;94,85;
#1220:
>0:-1,-1;94,168;115,168;134,168;135,168;136,169;
#1221:
>0:-1,-1;94,180;94,180;
#1222:
>0:-1,-1;94,196;93,196;113,196;
#1223:
>0:-1,-1;94,218;75,219;
#1224:
>0:-1,-1;95,11;114,12;94,13;114,14;113,14;93,15;92,16;92,18;113,18;133,19;
#1225:
>0:-1,-1;95,29;94,30;114,30;94,31;93,32;73,33;92,34;72,35;91,36;
#1226:
>0:-1,-1;95,29;95,29;
#1227:
>0:-1,-1;95,78;95,78;
#1228:
>0:-1,-1;95,107;96,107;
#1229:
>0:-1,-1;95,128;95,128;
#1230:
>0:-1,-1;95,167;114,167;115,167;115,169;114,170;
#1231:
>0:-1,-1;95,181;116,182;135,182;134,183;113,184;94,185;95,185;116,185;117,186;136,187;
#1232:
>0:-1,-1;95,182;75,183;76,183;57,183;57,185;
#1233:
>0:-1,-1;96,4;97,5;117,5;
#1234:
>0:-1,-1;96,6;96,6;
#1235:
>0:-1,-1;96,15;116,15;96,15;116,15;96,15;116,15;96,15;116,15;96,15;116,15;96,15;116,15;96,15;116,15;96,15;116,15;96,15;116,15;96,15;116,15;96,15;116,15;96,15;116,15;96,15;116,15;96,15;116,15;96,15;116,15;96,15;116,15;96,15;116,15;96,15;116,15;96,15;116,15;96,15;116,15;96,15;116,15;96,15;116,15;96,15;116,15;96,15;116,15;96,15;116,15;96,15;116,15;96,15;116,15;96,15;116,15;96,15;116,15;96,15;116,15;96,15;116,15;96,15;116,15;96,15;116,15;96,15;116,15;96,15;116,15;96,15;116,15;96,15;116,15;96,15;116,15;96,15;116,15;96,15;116,15;96,15;116,15;96,15;116,15;96,15;116,15;96,15;116,15;96,15;116,15;96,15;116,15;96,15;116,15;96,15;116,15;96,15;116,15;96,15;116,15;96,15;116,15;96,15;116,15;96,15;116,15;96,15;116,15;96,15;116,15;96,15;116,15;96,15;116,15;96,15;116,15;96,15;116,15;96,15;116,15;96,15;116,15;96,15;116,15;
#1236:
>0:-1,-1;96,18;117,19;118,20;119,20;119,21;118,21;98,21;78,21;78,22;57,22;36,22;17,23;
#1237:
>0:-1,-1;96,21;116,21;136,22;135,23;
#1238:
>0:-1,-1;96,37;116,38;135,38;136,38;
#1239:
>0:-1,-1;96,49;96,49;
#1240:
>0:-1,-1;96,55;95,55;75,55;76,56;95,56;94,57;
#1241:
>0:-1,-1;96,63;116,64;117,65;96,66;115,66;96,67;115,67;116,68;116,70;96,70;77,70;
#1242:
>0:-1,-1;96,73;75,74;96,74;77,75;57,76;38,76;
#1243:
>0:-1,-1;96,82;116,82;95,83;114,84;113,84;113,85;
#1244:
>0:-1,-1;96,82;116,82;116,83;135,83;
#1245:
>0:-1,-1;96,82;116,83;135,83;
#1246:
>0:-1,-1;96,84;75,84;96,85;75,86;55,87;54,88;33,88;
#1247:
>0:-1,-1;96,137;96,138;115,138;95,139;95,141;76,141;95,142;
#1248:
>0:-1,-1;96,159;95,159;94,160;73,161;92,162;
#1249:
>0:-1,-1;96,159;95,159;
#1250:
>0:-1,-1;96,181;115,182;
#1251:
>0:-1,-1;96,184;116,185;117,186;136,187;
#1252:
>0:-1,-1;97,7;76,8;57,9;78,10;97,10;118,10;138,11;
#1253:
>0:-1,-1;97,7;77,7;57,7;37,8;37,9;56,9;75,9;
#1254:
>0:-1,-1;97,7;97,7;
#1255:
>0:-1,-1;97,25;117,25;
#1256:
>0:-1,-1;97,25;117,25;
#1257:
>0:-1,-1;97,38;96,39;77,40;
#1258:
>0:-1,-1;97,45;98,46;117,46;
#1259:
>0:-1,-1;97,141;118,142;99,143;118,143;118,145;138,146;138,147;
#1260:
>0:-1,-1;97,154;97,156;
#1261:
>0:-1,-1;97,186;78,186;
#1262:
>0:-1,-1;97,225;97,225;
#1263:
>0:-1,-1;97,229;97,229;
#1264:
>0:-1,-1;97,233;116,233;135,233;114,233;
#1265:
>0:-1,-1;97,233;97,233;
#1266:
>0:-1,-1;98,72;79,73;
#1267:
>0:-1,-1;98,87;98,89;
#1268:
>0:-1,-1;98,103;77,103;76,103;75,103;94,103;
#1269:
>0:-1,-1;98,114;99,114;98,115;117,116;117,118;118,119;139,119;118,120;138,121;158,122;159,122;139,122;119,122;98,123;
#1270:
>0:-1,-1;98,127;77,127;
#1271:
>0:-1,-1;98,129;119,130;118,130;119,130;118,130;119,130;118,130;119,130;118,130;119,130;118,130;119,130;118,130;119,130;118,130;119,130;118,130;119,130;118,130;119,130;118,130;119,130;118,130;119,130;118,130;119,130;118,130;119,130;118,130;119,130;118,130;119,130;118,130;119,130;118,130;119,130;118,130;119,130;118,130;119,130;118,130;119,130;118,130;119,130;118,130;119,130;118,130;119,130;118,130;119,130;118,130;119,130;118,130;119,130;118,130;119,130;118,130;119,130;118,130;119,130;118,130;119,130;118,130;119,130;118,130;119,130;118,130;119,130;118,130;119,130;118,130;119,130;118,130;119,130;118,130;119,130;118,130;119,130;118,130;119,130;118,130;119,130;118,130;119,130;118,130;119,130;118,130;119,130;118,130;119,130;118,130;119,130;118,130;119,130;118,130;119,130;118,130;119,130;118,130;119,130;118,130;119,130;118,130;119,130;118,130;119,130;118,130;119,130;118,130;119,130;118,130;119,130;118,130;119,130;118,130;119,130;118,130;119,130;118,130;119,130;118,130;119,130;118,130;119,130;
#1272:
>0:-1,-1;98,146;78,147;57,148;36,149;57,149;
#1273:
>0:-1,-1;98,146;118,147;139,147;138,148;139,148;138,148;139,148;138,148;139,148;138,148;139,148;138,148;139,148;138,148;139,148;138,148;139,148;138,148;139,148;138,148;139,148;138,148;139,148;138,148;139,148;138,148;139,148;138,148;139,148;138,148;139,148;138,148;139,148;138,148;139,148;138,148;139,148;138,148;139,148;138,148;139,148;138,148;139,148;138,148;139,148;138,148;139,148;138,148;139,148;138,148;139,148;138,148;139,148;138,148;139,148;138,148;139,148;138,148;139,148;138,148;139,148;138,148;139,148;138,148;139,148;138,148;139,148;138,148;139,148;138,148;139,148;138,148;139,148;138,148;139,148;138,148;139,148;138,148;139,148;138,148;139,148;138,148;139,148;138,148;139,148;138,148;139,148;138,148;139,148;138,148;139,148;138,148;139,148;138,148;139,148;138,148;139,148;138,148;139,148;138,148;139,148;138,148;139,148;138,148;139,148;138,148;139,148;138,148;139,148;138,148;139,148;138,148;139,148;138,148;139,148;138,148;139,148;138,148;139,148;138,148;139,148;138,148;139,148;138,148;
#1274:
>0:-1,-1;98,171;77,171;
#1275:
>0:-1,-1;98,219;98,219;
#1276:
>0:-1,-1;99,1;118,2;119,3;98,3;118,3;138,4;119,5;
#1277:
>0:-1,-1;99,3;99,5;99,7;
#1278:
>0:-1,-1;99,7;99,7;
#1279:
>0:-1,-1;99,27;79,27;78,28;97,29;78,29;
#1280:
>0:-1,-1;99,45;119,46;119,48;138,49;
#1281:
>0:-1,-1;99,50;79,51;98,51;98,52;79,53;
#1282:
>0:-1,-1;99,51;98,52;79,53;
#1283:
>0:-1,-1;99,64;79,65;
#1284:
>0:-1,-1;99,79;118,79;139,80;158,81;139,82;139,84;138,84;
#1285:
>0:-1,-1;99,96;118,96;137,97;138,97;119,98;118,98;
#1286:
>0:-1,-1;99,103;118,103;
#1287:
>0:-1,-1;99,115;118,116;99,116;98,116;118,117;117,117;137,118;
#1288:
>0:-1,-1;99,122;79,123;79,125;79,127;58,127;
#1289:
>0:-1,-1;99,123;98,123;
#1290:
>0:-1,-1;99,125;99,125;
#1291:
>0:-1,-1;99,171;119,171;138,171;138,173;159,173;158,173;179,174;
#1292:
>0:-1,-1;99,173;99,173;
#1293:
>0:-1,-1;99,185;99,185;
#1294:
>0:-1,-1;100,12;100,12;
#1295:
>0:-1,-1;100,39;80,39;
#1296:
>0:-1,-1;100,54;100,54;
#1297:
>0:-1,-1;100,62;100,63;
#1298:
>0:-1,-1;100,76;81,77;
#1299:
>0:-1,-1;100,106;120,106;121,106;142,106;123,107;124,107;124,108;105,108;84,109;64,109;85,110;104,111;124,112;
#1300:
>0:-1,-1;100,180;101,180;121,180;102,180;103,181;
#1301:
>0:-1,-1;100,191;100,191;
#1302:
>0:-1,-1;100,192;120,192;
#1303:
>0:-1,-1;100,195;100,195;
#1304:
>0:-1,-1;100,200;120,201;120,202;141,202;122,202;143,203;122,204;
#1305:
>0:-1,-1;101,10;80,11;
#1306:
>0:-1,-1;101,75;120,75;
#1307:
>0:-1,-1;101,118;101,118;
#1308:
>0:-1,-1;101,138;101,138;
#1309:
>0:-1,-1;101,150;120,150;101,151;100,151;100,152;
#1310:
>0:-1,-1;101,217;121,218;121,220;142,220;
#1311:
>0:-1,-1;102,7;122,8;103,8;83,8;84,9;64,9;
#1312:
>0:-1,-1;102,32;121,32;102,32;121,32;102,32;121,32;102,32;121,32;102,32;121,32;102,32;121,32;102,32;121,32;102,32;121,32;102,32;121,32;102,32;121,32;102,32;121,32;102,32;121,32;102,32;121,32;102,32;121,32;102,32;121,32;102,32;121,32;102,32;121,32;102,32;121,32;102,32;121,32;102,32;121,32;102,32;121,32;102,32;121,32;102,32;121,32;102,32;121,32;102,32;121,32;102,32;121,32;102,32;121,32;102,32;121,32;102,32;121,32;102,32;121,32;102,32;121,32;102,32;121,32;102,32;121,32;102,32;121,32;102,32;121,32;102,32;121,32;102,32;121,32;102,32;121,32;102,32;121,32;102,32;121,32;102,32;121,32;102,32;121,32;102,32;121,32;102,32;121,32;102,32;121,32;102,32;121,32;102,32;121,32;102,32;121,32;102,32;121,32;102,32;121,32;102,32;121,32;102,32;121,32;102,32;121,32;102,32;121,32;102,32;121,32;102,32;121,32;102,32;121,32;102,32;121,32;102,32;121,32;102,32;121,32;102,32;121,32;102,32;121,32;
#1313:
>0:-1,-1;102,46;101,47;121,47;141,47;141,48;
#1314:
>0:-1,-1;102,51;121,52;
#1315:
>0:-1,-1;102,51;122,52;123,53;
#1316:
>0:-1,-1;102,54;121,54;142,54;162,54;143,54;143,55;164,56;185,56;
#1317:
>0:-1,-1;102,60;103,61;104,62;
#1318:
>0:-1,-1;102,132;101,133;80,133;61,134;
#1319:
>0:-1,-1;102,159;103,160;103,162;102,162;122,163;122,164;
#1320:
>0:-1,-1;102,188;82,188;
#1321:
>0:-1,-1;103,1;103,3;
#1322:
>0:-1,-1;103,29;103,29;
#1323:
>0:-1,-1;103,88;104,89;
#1324:
>0:-1,-1;103,133;103,135;123,136;103,137;84,138;65,138;
#1325:
>0:-1,-1;103,153;104,154;84,154;
#1326:
>0:-1,-1;103,228;84,228;
#1327:
>0:-1,-1;103,237;123,237;104,237;
#1328:
>0:-1,-1;103,238;83,238;
#1329:
>0:-1,-1;104,31;104,31;
#1330:
>0:-1,-1;104,51;124,52;103,52;82,52;
#1331:
>0:-1,-1;104,56;125,57;
#1332:
>0:-1,-1;104,85;104,86;105,87;84,87;
#1333:
>0:-1,-1;104,85;104,85;
#1334:
>0:-1,-1;104,98;103,98;103,99;124,99;105,99;
#1335:
>0:-1,-1;104,103;123,104;143,104;163,105;183,106;183,107;164,107;183,107;164,107;183,107;164,107;183,107;164,107;183,107;164,107;183,107;164,107;183,107;164,107;183,107;164,107;183,107;164,107;183,107;164,107;183,107;164,107;183,107;164,107;183,107;164,107;183,107;164,107;183,107;164,107;183,107;164,107;183,107;164,107;183,107;164,107;183,107;164,107;183,107;164,107;183,107;164,107;183,107;164,107;183,107;164,107;183,107;164,107;183,107;164,107;183,107;164,107;183,107;164,107;183,107;164,107;183,107;164,107;183,107;164,107;183,107;164,107;183,107;164,107;183,107;164,107;183,107;164,107;183,107;164,107;183,107;164,107;183,107;164,107;183,107;164,107;183,107;164,107;183,107;164,107;183,107;164,107;183,107;164,107;183,107;164,107;183,107;164,107;183,107;164,107;183,107;164,107;183,107;164,107;183,107;164,107;183,107;164,107;183,107;164,107;183,107;164,107;183,107;164,107;183,107;164,107;183,107;164,107;183,107;164,107;183,107;164,107;183,107;164,107;183,107;164,107;183,107;164,107;183,107;
#1336:
>0:-1,-1;104,103;104,103;
#1337:
>0:-1,-1;104,140;83,141;103,142;
#1338:
>0:-1,-1;104,167;85,167;64,168;
#1339:
>0:-1,-1;104,206;123,207;
#1340:
>0:-1,-1;104,208;104,208;
#1341:
>0:-1,-1;104,232;103,233;
#1342:
>0:-1,-1;104,232;123,232;
#1343:
>0:-1,-1;105,26;124,27;104,27;104,28;123,29;143,29;144,30;124,31;125,31;104,31;
#1344:
>0:-1,-1;105,35;84,35;83,35;
#1345:
>0:-1,-1;105,63;124,64;145,64;146,65;165,66;144,66;
#1346:
>0:-1,-1;105,70;104,71;84,72;65,72;45,72;66,72;66,74;47,75;
#1347:
>0:-1,-1;105,151;105,151;
#1348:
>0:-1,-1;105,210;126,211;106,211;
#1349:
>0:-1,-1;105,237;85,237;66,237;
#1350:
>0:-1,-1;106,28;127,29;
#1351:
>0:-1,-1;106,93;107,94;
#1352:
>0:-1,-1;106,95;106,96;
#1353:
>0:-1,-1;106,102;106,102;
#1354:
>0:-1,-1;106,105;105,106;124,107;124,108;105,108;84,109;64,109;85,110;104,111;124,112;
#1355:
>0:-1,-1;106,105;105,106;
#1356:
>0:-1,-1;106,109;125,110;104,111;124,112;
#1357:
>0:-1,-1;106,109;125,110;105,111;84,112;105,112;126,113;106,113;106,115;
#1358:
>0:-1,-1;106,113;106,115;
#1359:
>0:-1,-1;106,123;107,124;128,125;
#1360:
>0:-1,-1;106,125;105,126;126,127;127,127;106,127;
#1361:
>0:-1,-1;106,133;107,133;
#1362:
>0:-1,-1;106,147;107,147;126,148;147,148;
#1363:
>0:-1,-1;106,147;127,148;
#1364:
>0:-1,-1;106,205;105,206;104,206;123,207;
#1365:
>0:-1,-1;106,205;127,206;128,206;148,207;169,207;150,207;
#1366:
>0:-1,-1;106,234;105,234;124,235;145,236;124,236;125,237;106,237;106,238;127,239;108,239;127,239;108,239;127,239;108,239;127,239;108,239;127,239;108,239;127,239;108,239;127,239;108,239;127,239;108,239;127,239;108,239;127,239;108,239;127,239;108,239;127,239;108,239;127,239;108,239;127,239;108,239;127,239;108,239;127,239;108,239;127,239;108,239;127,239;108,239;127,239;108,239;127,239;108,239;127,239;108,239;127,239;108,239;127,239;108,239;127,239;108,239;127,239;108,239;127,239;108,239;127,239;108,239;127,239;108,239;127,239;108,239;127,239;108,239;127,239;108,239;127,239;108,239;127,239;108,239;127,239;108,239;127,239;108,239;127,239;108,239;127,239;108,239;127,239;108,239;127,239;108,239;127,239;108,239;127,239;108,239;127,239;108,239;127,239;108,239;127,239;108,239;127,239;108,239;127,239;108,239;127,239;108,239;127,239;108,239;127,239;108,239;127,239;108,239;127,239;108,239;127,239;108,239;127,239;108,239;127,239;108,239;127,239;108,239;127,239;108,239;127,239;108,239;127,239;108,239;
#1367:
>0:-1,-1;106,235;86,235;66,236;
#1368:
>0:-1,-1;107,21;107,21;
#1369:
>0:-1,-1;107,59;126,60;145,61;126,61;106,61;86,61;85,62;86,62;67,62;68,63;
#1370:
>0:-1,-1;107,68;86,69;107,69;127,69;107,69;127,69;107,69;127,69;107,69;127,69;107,69;127,69;107,69;127,69;107,69;127,69;107,69;127,69;107,69;127,69;107,69;127,69;107,69;127,69;107,69;127,69;107,69;127,69;107,69;127,69;107,69;127,69;107,69;127,69;107,69;127,69;107,69;127,69;107,69;127,69;107,69;127,69;107,69;127,69;107,69;127,69;107,69;127,69;107,69;127,69;107,69;127,69;107,69;127,69;107,69;127,69;107,69;127,69;107,69;127,69;107,69;127,69;107,69;127,69;107,69;127,69;107,69;127,69;107,69;127,69;107,69;127,69;107,69;127,69;107,69;127,69;107,69;127,69;107,69;127,69;107,69;127,69;107,69;127,69;107,69;127,69;107,69;127,69;107,69;127,69;107,69;127,69;107,69;127,69;107,69;127,69;107,69;127,69;107,69;127,69;107,69;127,69;107,69;127,69;107,69;127,69;107,69;127,69;107,69;127,69;107,69;127,69;107,69;127,69;107,69;127,69;107,69;127,69;107,69;127,69;107,69;127,69;107,69;127,69;
#1371:
>0:-1,-1;107,78;127,79;107,80;88,81;107,81;128,81;149,82;148,82;167,82;166,83;185,83;205,83;224,84;
#1372:
>0:-1,-1;107,115;127,116;127,118;
#1373:
>0:-1,-1;107,138;107,140;88,141;89,142;
#1374:
>0:-1,-1;107,148;107,148;
#1375:
>0:-1,-1;107,150;107,150;
#1376:
>0:-1,-1;107,153;126,154;
#1377:
>0:-1,-1;107,164;86,165;105,165;104,166;125,166;
#1378:
>0:-1,-1;107,164;126,164;127,165;128,166;127,166;126,166;126,168;145,169;144,170;144,172;165,172;144,172;165,172;144,172;165,172;144,172;165,172;144,172;165,172;144,172;165,172;144,172;165,172;144,172;165,172;144,172;165,172;144,172;165,172;144,172;165,172;144,172;165,172;144,172;165,172;144,172;165,172;144,172;165,172;144,172;165,172;144,172;165,172;144,172;165,172;144,172;165,172;144,172;165,172;144,172;165,172;144,172;165,172;144,172;165,172;144,172;165,172;144,172;165,172;144,172;165,172;144,172;165,172;144,172;165,172;144,172;165,172;144,172;165,172;144,172;165,172;144,172;165,172;144,172;165,172;144,172;165,172;144,172;165,172;144,172;165,172;144,172;165,172;144,172;165,172;144,172;165,172;144,172;165,172;144,172;165,172;144,172;165,172;144,172;165,172;144,172;165,172;144,172;165,172;144,172;165,172;144,172;165,172;144,172;165,172;144,172;165,172;144,172;165,172;144,172;165,172;144,172;165,172;144,172;165,172;144,172;165,172;144,172;165,172;144,172;165,172;144,172;165,172;144,172;
#1379:
>0:-1,-1;107,166;107,166;
#1380:
>0:-1,-1;107,169;127,169;
#1381:
>0:-1,-1;107,174;88,175;
#1382:
>0:-1,-1;107,208;107,208;
#1383:
>0:-1,-1;107,229;108,229;109,230;88,230;69,231;89,232;69,233;89,234;88,235;107,235;106,236;
#1384:
>0:-1,-1;107,230;128,230;
#1385:
>0:-1,-1;108,0;88,0;87,1;108,2;127,2;
#1386:
>0:-1,-1;108,43;108,43;
#1387:
>0:-1,-1;108,117;108,117;
#1388:
>0:-1,-1;108,124;108,126;129,126;148,126;
#1389:
>0:-1,-1;108,159;128,159;148,159;127,160;148,160;
#1390:
>0:-1,-1;108,173;129,174;
#1391:
>0:-1,-1;108,175;127,175;126,175;125,176;104,176;84,176;104,177;124,177;
#1392:
>0:-1,-1;108,176;88,176;107,177;106,177;107,177;106,177;107,177;106,177;107,177;106,177;107,177;106,177;107,177;106,177;107,177;106,177;107,177;106,177;107,177;106,177;107,177;106,177;107,177;106,177;107,177;106,177;107,177;106,177;107,177;106,177;107,177;106,177;107,177;106,177;107,177;106,177;107,177;106,177;107,177;106,177;107,177;106,177;107,177;106,177;107,177;106,177;107,177;106,177;107,177;106,177;107,177;106,177;107,177;106,177;107,177;106,177;107,177;106,177;107,177;106,177;107,177;106,177;107,177;106,177;107,177;106,177;107,177;106,177;107,177;106,177;107,177;106,177;107,177;106,177;107,177;106,177;107,177;106,177;107,177;106,177;107,177;106,177;107,177;106,177;107,177;106,177;107,177;106,177;107,177;106,177;107,177;106,177;107,177;106,177;107,177;106,177;107,177;106,177;107,177;106,177;107,177;106,177;107,177;106,177;107,177;106,177;107,177;106,177;107,177;106,177;107,177;106,177;107,177;106,177;107,177;106,177;107,177;106,177;107,177;106,177;107,177;106,177;107,177;106,177;
#1393:
>0:-1,-1;108,218;108,218;
#1394:
>0:-1,-1;109,4;128,4;108,4;
#1395:
>0:-1,-1;109,24;110,24;129,24;129,26;128,27;109,27;89,27;90,28;110,28;
#1396:
>0:-1,-1;109,60;89,60;89,62;
#1397:
>0:-1,-1;109,69;130,69;
#1398:
>0:-1,-1;109,71;108,71;89,71;70,71;
#1399:
>0:-1,-1;109,129;88,129;68,130;49,130;
#1400:
>0:-1,-1;109,141;90,141;
#1401:
>0:-1,-1;109,142;128,143;148,144;
#1402:
>0:-1,-1;109,153;110,154;
#1403:
>0:-1,-1;109,177;130,178;109,179;110,180;89,181;70,181;69,182;90,183;
#1404:
>0:-1,-1;109,231;88,232;108,232;89,233;68,234;88,234;
#1405:
>0:-1,-1;109,235;88,235;107,235;106,236;
#1406:
>0:-1,-1;109,239;129,239;108,239;127,239;108,239;127,239;108,239;127,239;108,239;127,239;108,239;127,239;108,239;127,239;108,239;127,239;108,239;127,239;108,239;127,239;108,239;127,239;108,239;127,239;108,239;127,239;108,239;127,239;108,239;127,239;108,239;127,239;108,239;127,239;108,239;127,239;108,239;127,239;108,239;127,239;108,239;127,239;108,239;127,239;108,239;127,239;108,239;127,239;108,239;127,239;108,239;127,239;108,239;127,239;108,239;127,239;108,239;127,239;108,239;127,239;108,239;127,239;108,239;127,239;108,239;127,239;108,239;127,239;108,239;127,239;108,239;127,239;108,239;127,239;108,239;127,239;108,239;127,239;108,239;127,239;108,239;127,239;108,239;127,239;108,239;127,239;108,239;127,239;108,239;127,239;108,239;127,239;108,239;127,239;108,239;127,239;108,239;127,239;108,239;127,239;108,239;127,239;108,239;127,239;108,239;127,239;108,239;127,239;108,239;127,239;108,239;127,239;108,239;127,239;108,239;127,239;108,239;127,239;108,239;127,239;108,239;127,239;108,239;127,239;
#1407:
>0:-1,-1;110,12;111,13;110,14;
#1408:
>0:-1,-1;110,15;110,15;
#1409:
>0:-1,-1;110,64;131,64;152,65;153,65;154,66;
#1410:
>0:-1,-1;110,88;130,89;130,91;110,92;90,92;90,93;69,94;49,94;48,95;29,96;9,96;30,96;9,97;30,98;9,99;
#1411:
>0:-1,-1;110,135;90,135;90,136;
#1412:
>0:-1,-1;110,135;91,136;110,136;
#1413:
>0:-1,-1;110,162;89,162;69,162;90,162;91,162;90,163;109,163;130,164;131,165;
#1414:
>0:-1,-1;110,212;129,212;
#1415:
>0:-1,-1;110,234;90,235;90,237;110,237;
#1416:
>0:-1,-1;111,0;91,1;92,2;113,2;114,2;
#1417:
>0:-1,-1;111,0;112,1;131,2;
#1418:
>0:-1,-1;111,10;111,10;
#1419:
>0:-1,-1;111,15;111,15;
#1420:
>0:-1,-1;111,20;90,20;109,20;88,21;88,23;108,24;108,25;107,26;
#1421:
>0:-1,-1;111,42;110,42;90,42;110,43;89,44;68,44;48,44;47,45;47,47;26,48;45,49;44,49;24,50;43,50;63,50;82,50;102,51;121,52;
#1422:
>0:-1,-1;111,67;111,67;
#1423:
>0:-1,-1;111,71;111,71;
#1424:
>0:-1,-1;111,83;132,83;133,83;153,83;174,84;175,84;195,85;176,85;
#1425:
>0:-1,-1;111,131;131,131;152,131;
#1426:
>0:-1,-1;111,145;110,145;130,146;149,146;129,147;
#1427:
>0:-1,-1;111,158;112,158;
#1428:
>0:-1,-1;111,179;111,179;
#1429:
>0:-1,-1;111,186;111,186;
#1430:
>0:-1,-1;111,226;92,227;91,228;
#1431:
>0:-1,-1;111,237;111,237;
#1432:
>0:-1,-1;112,100;111,101;90,101;111,101;90,101;111,101;90,101;111,101;90,101;111,101;90,101;111,101;90,101;111,101;90,101;111,101;90,101;111,101;90,101;111,101;90,101;111,101;90,101;111,101;90,101;111,101;90,101;111,101;90,101;111,101;90,101;111,101;90,101;111,101;90,101;111,101;90,101;111,101;90,101;111,101;90,101;111,101;90,101;111,101;90,101;111,101;90,101;111,101;90,101;111,101;90,101;111,101;90,101;111,101;90,101;111,101;90,101;111,101;90,101;111,101;90,101;111,101;90,101;111,101;90,101;111,101;90,101;111,101;90,101;111,101;90,101;111,101;90,101;111,101;90,101;111,101;90,101;111,101;90,101;111,101;90,101;111,101;90,101;111,101;90,101;111,101;90,101;111,101;90,101;111,101;90,101;111,101;90,101;111,101;90,101;111,101;90,101;111,101;90,101;111,101;90,101;111,101;90,101;111,101;90,101;111,101;90,101;111,101;90,101;111,101;90,101;111,101;90,101;111,101;90,101;111,101;90,101;111,101;90,101;111,101;90,101;111,101;90,101;111,101;
#1433:
>0:-1,-1;112,119;112,119;
#1434:
>0:-1,-1;112,126;93,127;
#1435:
>0:-1,-1;112,144;91,145;72,146;
#1436:
>0:-1,-1;112,171;92,172;113,172;114,173;115,174;115,176;116,177;
#1437:
>0:-1,-1;112,171;111,171;132,171;111,171;132,171;111,171;132,171;111,171;132,171;111,171;132,171;111,171;132,171;111,171;132,171;111,171;132,171;111,171;132,171;111,171;132,171;111,171;132,171;111,171;132,171;111,171;132,171;111,171;132,171;111,171;132,171;111,171;132,171;111,171;132,171;111,171;132,171;111,171;132,171;111,171;132,171;111,171;132,171;111,171;132,171;111,171;132,171;111,171;132,171;111,171;132,171;111,171;132,171;111,171;132,171;111,171;132,171;111,171;132,171;111,171;132,171;111,171;132,171;111,171;132,171;111,171;132,171;111,171;132,171;111,171;132,171;111,171;132,171;111,171;132,171;111,171;132,171;111,171;132,171;111,171;132,171;111,171;132,171;111,171;132,171;111,171;132,171;111,171;132,171;111,171;132,171;111,171;132,171;111,171;132,171;111,171;132,171;111,171;132,171;111,171;132,171;111,171;132,171;111,171;132,171;111,171;132,171;111,171;132,171;111,171;132,171;111,171;132,171;111,171;132,171;111,171;132,171;111,171;132,171;111,171;132,171;111,171;132,171;111,171;
#1438:
>0:-1,-1;112,183;91,184;110,184;130,184;
#1439:
>0:-1,-1;112,200;112,200;
#1440:
>0:-1,-1;112,200;112,200;
#1441:
>0:-1,-1;112,231;132,232;
#1442:
>0:-1,-1;113,7;112,7;113,8;132,9;
#1443:
>0:-1,-1;113,25;132,25;152,25;171,25;150,25;149,25;168,25;149,26;170,27;190,28;
#1444:
>0:-1,-1;113,34;114,34;
#1445:
>0:-1,-1;113,35;114,36;134,37;134,38;154,39;174,40;154,40;154,42;175,42;155,42;
#1446:
>0:-1,-1;113,39;94,39;
#1447:
>0:-1,-1;113,42;132,43;
#1448:
>0:-1,-1;113,91;113,91;
#1449:
>0:-1,-1;113,95;113,96;
#1450:
>0:-1,-1;113,135;113,135;
#1451:
>0:-1,-1;113,179;92,180;111,181;90,182;69,182;90,183;
#1452:
>0:-1,-1;113,179;134,179;115,179;96,180;
#1453:
>0:-1,-1;113,212;112,212;132,213;133,213;
#1454:
>0:-1,-1;113,215;92,215;73,215;
#1455:
>0:-1,-1;113,217;134,218;
#1456:
>0:-1,-1;113,234;113,236;134,237;
#1457:
>0:-1,-1;114,21;113,22;134,22;154,22;134,22;154,22;134,22;154,22;134,22;154,22;134,22;154,22;134,22;154,22;134,22;154,22;134,22;154,22;134,22;154,22;134,22;154,22;134,22;154,22;134,22;154,22;134,22;154,22;134,22;154,22;134,22;154,22;134,22;154,22;134,22;154,22;134,22;154,22;134,22;154,22;134,22;154,22;134,22;154,22;134,22;154,22;134,22;154,22;134,22;154,22;134,22;154,22;134,22;154,22;134,22;154,22;134,22;154,22;134,22;154,22;134,22;154,22;134,22;154,22;134,22;154,22;134,22;154,22;134,22;154,22;134,22;154,22;134,22;154,22;134,22;154,22;134,22;154,22;134,22;154,22;134,22;154,22;134,22;154,22;134,22;154,22;134,22;154,22;134,22;154,22;134,22;154,22;134,22;154,22;134,22;154,22;134,22;154,22;134,22;154,22;134,22;154,22;134,22;154,22;134,22;154,22;134,22;154,22;134,22;154,22;134,22;154,22;134,22;154,22;134,22;154,22;134,22;154,22;134,22;154,22;134,22;154,22;134,22;154,22;
#1458:
>0:-1,-1;114,68;134,68;134,69;134,70;
#1459:
>0:-1,-1;114,83;113,83;114,84;113,84;113,85;
#1460:
>0:-1,-1;114,115;113,116;133,116;132,116;111,117;90,118;
#1461:
>0:-1,-1;114,118;95,118;
#1462:
>0:-1,-1;114,145;94,146;114,147;
#1463:
>0:-1,-1;114,171;95,172;114,172;133,172;113,173;134,174;114,174;
#1464:
>0:-1,-1;114,183;114,183;
#1465:
>0:-1,-1;115,9;96,9;95,10;96,10;77,11;57,11;37,12;18,12;18,14;18,16;18,17;19,17;39,17;59,18;78,19;
#1466:
>0:-1,-1;115,22;95,22;75,22;56,23;75,23;74,23;95,24;95,26;
#1467:
>0:-1,-1;115,33;96,34;96,36;
#1468:
>0:-1,-1;115,61;94,62;73,62;73,63;92,63;73,63;92,63;73,63;92,63;73,63;92,63;73,63;92,63;73,63;92,63;73,63;92,63;73,63;92,63;73,63;92,63;73,63;92,63;73,63;92,63;73,63;92,63;73,63;92,63;73,63;92,63;73,63;92,63;73,63;92,63;73,63;92,63;73,63;92,63;73,63;92,63;73,63;92,63;73,63;92,63;73,63;92,63;73,63;92,63;73,63;92,63;73,63;92,63;73,63;92,63;73,63;92,63;73,63;92,63;73,63;92,63;73,63;92,63;73,63;92,63;73,63;92,63;73,63;92,63;73,63;92,63;73,63;92,63;73,63;92,63;73,63;92,63;73,63;92,63;73,63;92,63;73,63;92,63;73,63;92,63;73,63;92,63;73,63;92,63;73,63;92,63;73,63;92,63;73,63;92,63;73,63;92,63;73,63;92,63;73,63;92,63;73,63;92,63;73,63;92,63;73,63;92,63;73,63;92,63;73,63;92,63;73,63;92,63;73,63;92,63;73,63;92,63;73,63;92,63;73,63;92,63;73,63;92,63;73,63;
#1469:
>0:-1,-1;115,152;115,152;
#1470:
>0:-1,-1;115,197;116,198;137,198;156,198;
#1471:
>0:-1,-1;115,215;115,215;
#1472:
>0:-1,-1;115,232;134,232;134,234;133,235;114,236;94,237;95,237;115,238;94,239;73,239;94,239;73,239;94,239;73,239;94,239;73,239;94,239;73,239;94,239;73,239;94,239;73,239;94,239;73,239;94,239;73,239;94,239;73,239;94,239;73,239;94,239;73,239;94,239;73,239;94,239;73,239;94,239;73,239;94,239;73,239;94,239;73,239;94,239;73,239;94,239;73,239;94,239;73,239;94,239;73,239;94,239;73,239;94,239;73,239;94,239;73,239;94,239;73,239;94,239;73,239;94,239;73,239;94,239;73,239;94,239;73,239;94,239;73,239;94,239;73,239;94,239;73,239;94,239;73,239;94,239;73,239;94,239;73,239;94,239;73,239;94,239;73,239;94,239;73,239;94,239;73,239;94,239;73,239;94,239;73,239;94,239;73,239;94,239;73,239;94,239;73,239;94,239;73,239;94,239;73,239;94,239;73,239;94,239;73,239;94,239;73,239;94,239;73,239;94,239;73,239;94,239;73,239;94,239;73,239;94,239;73,239;94,239;73,239;94,239;73,239;94,239;73,239;94,239;73,239;
#1473:
>0:-1,-1;115,238;94,239;73,239;94,239;73,239;94,239;73,239;94,239;73,239;94,239;73,239;94,239;73,239;94,239;73,239;94,239;73,239;94,239;73,239;94,239;73,239;94,239;73,239;94,239;73,239;94,239;73,239;94,239;73,239;94,239;73,239;94,239;73,239;94,239;73,239;94,239;73,239;94,239;73,239;94,239;73,239;94,239;73,239;94,239;73,239;94,239;73,239;94,239;73,239;94,239;73,239;94,239;73,239;94,239;73,239;94,239;73,239;94,239;73,239;94,239;73,239;94,239;73,239;94,239;73,239;94,239;73,239;94,239;73,239;94,239;73,239;94,239;73,239;94,239;73,239;94,239;73,239;94,239;73,239;94,239;73,239;94,239;73,239;94,239;73,239;94,239;73,239;94,239;73,239;94,239;73,239;94,239;73,239;94,239;73,239;94,239;73,239;94,239;73,239;94,239;73,239;94,239;73,239;94,239;73,239;94,239;73,239;94,239;73,239;94,239;73,239;94,239;73,239;94,239;73,239;94,239;73,239;94,239;73,239;94,239;73,239;94,239;73,239;94,239;
#1474:
>0:-1,-1;116,7;116,9;115,9;96,9;95,10;96,10;77,11;57,11;37,12;18,12;18,14;18,16;18,17;19,17;39,17;59,18;78,19;
#1475:
>0:-1,-1;116,102;117,103;116,103;116,104;96,105;116,106;96,106;76,106;95,107;96,107;
#1476:
>0:-1,-1;116,132;135,132;
#1477:
>0:-1,-1;116,136;95,136;75,136;95,136;75,136;95,136;75,136;95,136;75,136;95,136;75,136;95,136;75,136;95,136;75,136;95,136;75,136;95,136;75,136;95,136;75,136;95,136;75,136;95,136;75,136;95,136;75,136;95,136;75,136;95,136;75,136;95,136;75,136;95,136;75,136;95,136;75,136;95,136;75,136;95,136;75,136;95,136;75,136;95,136;75,136;95,136;75,136;95,136;75,136;95,136;75,136;95,136;75,136;95,136;75,136;95,136;75,136;95,136;75,136;95,136;75,136;95,136;75,136;95,136;75,136;95,136;75,136;95,136;75,136;95,136;75,136;95,136;75,136;95,136;75,136;95,136;75,136;95,136;75,136;95,136;75,136;95,136;75,136;95,136;75,136;95,136;75,136;95,136;75,136;95,136;75,136;95,136;75,136;95,136;75,136;95,136;75,136;95,136;75,136;95,136;75,136;95,136;75,136;95,136;75,136;95,136;75,136;95,136;75,136;95,136;75,136;95,136;75,136;95,136;75,136;95,136;75,136;95,136;75,136;95,136;75,136;95,136;75,136;95,136;
#1478:
>0:-1,-1;116,168;136,169;
#1479:
>0:-1,-1;116,224;96,224;
#1480:
>0:-1,-1;117,35;137,35;
#1481:
>0:-1,-1;117,91;137,92;
#1482:
>0:-1,-1;117,121;117,123;117,124;
#1483:
>0:-1,-1;117,123;117,124;
#1484:
>0:-1,-1;117,152;118,153;117,154;
#1485:
>0:-1,-1;117,192;96,193;96,195;95,196;74,196;75,196;76,196;
#1486:
>0:-1,-1;117,192;117,192;
#1487:
>0:-1,-1;117,212;96,213;116,213;95,213;95,215;
#1488:
>0:-1,-1;117,225;117,225;
#1489:
>0:-1,-1;118,6;137,6;
#1490:
>0:-1,-1;118,17;138,18;158,19;
#1491:
>0:-1,-1;118,30;118,30;
#1492:
>0:-1,-1;118,33;139,33;119,34;138,34;
#1493:
>0:-1,-1;118,43;118,43;
#1494:
>0:-1,-1;118,101;97,102;
#1495:
>0:-1,-1;118,124;99,125;
#1496:
>0:-1,-1;118,157;117,158;
#1497:
>0:-1,-1;118,163;119,163;138,164;158,164;138,165;118,165;138,165;118,165;138,165;118,165;138,165;118,165;138,165;118,165;138,165;118,165;138,165;118,165;138,165;118,165;138,165;118,165;138,165;118,165;138,165;118,165;138,165;118,165;138,165;118,165;138,165;118,165;138,165;118,165;138,165;118,165;138,165;118,165;138,165;118,165;138,165;118,165;138,165;118,165;138,165;118,165;138,165;118,165;138,165;118,165;138,165;118,165;138,165;118,165;138,165;118,165;138,165;118,165;138,165;118,165;138,165;118,165;138,165;118,165;138,165;118,165;138,165;118,165;138,165;118,165;138,165;118,165;138,165;118,165;138,165;118,165;138,165;118,165;138,165;118,165;138,165;118,165;138,165;118,165;138,165;118,165;138,165;118,165;138,165;118,165;138,165;118,165;138,165;118,165;138,165;118,165;138,165;118,165;138,165;118,165;138,165;118,165;138,165;118,165;138,165;118,165;138,165;118,165;138,165;118,165;138,165;118,165;138,165;118,165;138,165;118,165;138,165;118,165;138,165;118,165;138,165;118,165;138,165;118,165;
#1498:
>0:-1,-1;118,179;98,180;98,181;99,181;119,181;139,182;
#1499:
>0:-1,-1;118,197;118,197;
#1500:
>0:-1,-1;119,7;99,8;118,8;117,8;96,8;97,9;96,9;95,10;96,10;77,11;57,11;37,12;18,12;18,14;18,16;18,17;19,17;39,17;59,18;78,19;
#1501:
>0:-1,-1;119,11;119,13;119,14;98,15;97,16;98,16;79,16;98,16;79,16;98,16;79,16;98,16;79,16;98,16;79,16;98,16;79,16;98,16;79,16;98,16;79,16;98,16;79,16;98,16;79,16;98,16;79,16;98,16;79,16;98,16;79,16;98,16;79,16;98,16;79,16;98,16;79,16;98,16;79,16;98,16;79,16;98,16;79,16;98,16;79,16;98,16;79,16;98,16;79,16;98,16;79,16;98,16;79,16;98,16;79,16;98,16;79,16;98,16;79,16;98,16;79,16;98,16;79,16;98,16;79,16;98,16;79,16;98,16;79,16;98,16;79,16;98,16;79,16;98,16;79,16;98,16;79,16;98,16;79,16;98,16;79,16;98,16;79,16;98,16;79,16;98,16;79,16;98,16;79,16;98,16;79,16;98,16;79,16;98,16;79,16;98,16;79,16;98,16;79,16;98,16;79,16;98,16;79,16;98,16;79,16;98,16;79,16;98,16;79,16;98,16;79,16;98,16;79,16;98,16;79,16;98,16;79,16;98,16;79,16;98,16;79,16;98,16;79,16;98,16;
#1502:
>0:-1,-1;119,49;99,49;118,49;119,49;99,49;118,49;119,49;99,49;118,49;119,49;99,49;118,49;119,49;99,49;118,49;119,49;99,49;118,49;119,49;99,49;118,49;119,49;99,49;118,49;119,49;99,49;118,49;119,49;99,49;118,49;119,49;99,49;118,49;119,49;99,49;118,49;119,49;99,49;118,49;119,49;99,49;118,49;119,49;99,49;118,49;119,49;99,49;118,49;119,49;99,49;118,49;119,49;99,49;118,49;119,49;99,49;118,49;119,49;99,49;118,49;119,49;99,49;118,49;119,49;99,49;118,49;119,49;99,49;118,49;119,49;99,49;118,49;119,49;99,49;118,49;119,49;99,49;118,49;119,49;99,49;118,49;119,49;99,49;118,49;119,49;99,49;118,49;119,49;99,49;118,49;119,49;99,49;118,49;119,49;99,49;118,49;119,49;99,49;118,49;119,49;99,49;118,49;119,49;99,49;118,49;119,49;99,49;118,49;119,49;99,49;118,49;119,49;99,49;118,49;119,49;99,49;118,49;119,49;99,49;118,49;119,49;99,49;118,49;119,49;
#1503:
>0:-1,-1;119,60;98,60;119,61;
#1504:
>0:-1,-1;119,64;119,64;
#1505:
>0:-1,-1;119,72;98,72;79,73;
#1506:
>0:-1,-1;119,108;98,109;
#1507:
>0:-1,-1;119,109;139,109;
#1508:
>0:-1,-1;119,152;119,153;
#1509:
>0:-1,-1;120,52;100,53;81,54;81,55;102,55;
#1510:
>0:-1,-1;120,73;120,75;
#1511:
>0:-1,-1;120,84;120,86;
#1512:
>0:-1,-1;120,84;141,84;120,84;120,86;
#1513:
>0:-1,-1;120,87;101,87;100,88;
#1514:
>0:-1,-1;120,111;141,112;141,114;141,115;
#1515:
>0:-1,-1;120,112;141,113;
#1516:
>0:-1,-1;120,115;141,115;
#1517:
>0:-1,-1;120,128;141,129;162,129;163,129;144,130;163,130;162,131;162,133;
#1518:
>0:-1,-1;120,141;141,142;
#1519:
>0:-1,-1;121,35;101,36;82,36;62,36;62,37;
#1520:
>0:-1,-1;121,43;142,44;123,44;102,44;103,45;124,45;145,46;
#1521:
>0:-1,-1;121,67;121,69;
#1522:
>0:-1,-1;121,70;100,71;
#1523:
>0:-1,-1;121,75;140,75;160,76;
#1524:
>0:-1,-1;121,123;140,123;121,124;102,125;
#1525:
>0:-1,-1;121,194;121,194;
#1526:
>0:-1,-1;121,204;140,205;
#1527:
>0:-1,-1;121,206;121,208;121,210;
#1528:
>0:-1,-1;121,217;121,217;
#1529:
>0:-1,-1;121,222;120,222;121,222;120,222;121,222;120,222;121,222;120,222;121,222;120,222;121,222;120,222;121,222;120,222;121,222;120,222;121,222;120,222;121,222;120,222;121,222;120,222;121,222;120,222;121,222;120,222;121,222;120,222;121,222;120,222;121,222;120,222;121,222;120,222;121,222;120,222;121,222;120,222;121,222;120,222;121,222;120,222;121,222;120,222;121,222;120,222;121,222;120,222;121,222;120,222;121,222;120,222;121,222;120,222;121,222;120,222;121,222;120,222;121,222;120,222;121,222;120,222;121,222;120,222;121,222;120,222;121,222;120,222;121,222;120,222;121,222;120,222;121,222;120,222;121,222;120,222;121,222;120,222;121,222;120,222;121,222;120,222;121,222;120,222;121,222;120,222;121,222;120,222;121,222;120,222;121,222;120,222;121,222;120,222;121,222;120,222;121,222;120,222;121,222;120,222;121,222;120,222;121,222;120,222;121,222;120,222;121,222;120,222;121,222;120,222;121,222;120,222;121,222;120,222;121,222;120,222;121,222;120,222;121,222;120,222;121,222;120,222;121,222;120,222;
#1530:
>0:-1,-1;122,10;122,10;
#1531:
>0:-1,-1;122,16;121,17;120,17;141,18;
#1532:
>0:-1,-1;122,17;122,17;
#1533:
>0:-1,-1;122,20;101,20;100,20;
#1534:
>0:-1,-1;122,42;143,42;122,43;142,43;
#1535:
>0:-1,-1;122,46;121,47;141,47;141,48;
#1536:
>0:-1,-1;122,72;102,73;81,74;82,74;63,74;43,75;63,75;
#1537:
>0:-1,-1;122,75;143,76;164,76;
#1538:
>0:-1,-1;122,100;122,100;
#1539:
>0:-1,-1;122,148;141,148;142,148;143,149;144,149;143,149;144,149;143,149;144,149;143,149;144,149;143,149;144,149;143,149;144,149;143,149;144,149;143,149;144,149;143,149;144,149;143,149;144,149;143,149;144,149;143,149;144,149;143,149;144,149;143,149;144,149;143,149;144,149;143,149;144,149;143,149;144,149;143,149;144,149;143,149;144,149;143,149;144,149;143,149;144,149;143,149;144,149;143,149;144,149;143,149;144,149;143,149;144,149;143,149;144,149;143,149;144,149;143,149;144,149;143,149;144,149;143,149;144,149;143,149;144,149;143,149;144,149;143,149;144,149;143,149;144,149;143,149;144,149;143,149;144,149;143,149;144,149;143,149;144,149;143,149;144,149;143,149;144,149;143,149;144,149;143,149;144,149;143,149;144,149;143,149;144,149;143,149;144,149;143,149;144,149;143,149;144,149;143,149;144,149;143,149;144,149;143,149;144,149;143,149;144,149;143,149;144,149;143,149;144,149;143,149;144,149;143,149;144,149;143,149;144,149;143,149;144,149;143,149;144,149;143,149;144,149;143,149;144,149;143,149;
#1540:
>0:-1,-1;122,171;103,171;83,172;103,172;84,172;83,173;
#1541:
>0:-1,-1;122,171;121,172;140,173;120,174;120,175;141,176;121,177;121,178;140,179;120,180;140,181;
#1542:
>0:-1,-1;122,181;101,181;120,182;101,183;80,184;80,185;
#1543:
>0:-1,-1;122,183;122,185;101,186;100,186;120,186;140,186;161,186;162,186;183,186;203,187;
#1544:
>0:-1,-1;122,208;122,208;
#1545:
>0:-1,-1;122,229;102,230;83,231;82,231;102,232;101,232;122,232;142,232;122,233;101,234;81,234;62,235;
#1546:
>0:-1,-1;122,230;121,230;121,232;121,234;
#1547:
>0:-1,-1;122,239;101,239;80,239;100,239;120,239;
#1548:
>0:-1,-1;123,13;142,14;123,15;102,16;102,18;123,18;
#1549:
>0:-1,-1;123,28;123,29;143,29;144,30;124,31;125,31;104,31;
#1550:
>0:-1,-1;123,47;144,47;163,47;
#1551:
>0:-1,-1;123,81;144,82;124,83;125,83;126,83;
#1552:
>0:-1,-1;123,81;123,81;
#1553:
>0:-1,-1;123,83;123,85;142,86;161,87;
#1554:
>0:-1,-1;123,83;142,84;121,85;100,85;120,86;
#1555:
>0:-1,-1;123,97;144,98;
#1556:
>0:-1,-1;123,100;123,100;
#1557:
>0:-1,-1;123,119;123,120;
#1558:
>0:-1,-1;123,124;123,126;
#1559:
>0:-1,-1;123,125;143,126;143,128;
#1560:
>0:-1,-1;123,128;122,128;101,129;81,129;82,130;
#1561:
>0:-1,-1;123,135;123,136;103,137;84,138;65,138;
#1562:
>0:-1,-1;123,142;103,142;
#1563:
>0:-1,-1;123,157;123,157;
#1564:
>0:-1,-1;123,182;124,182;
#1565:
>0:-1,-1;123,201;142,202;141,203;120,204;101,205;82,206;103,207;84,208;64,209;
#1566:
>0:-1,-1;123,231;142,232;122,233;101,234;81,234;62,235;
#1567:
>0:-1,-1;123,237;102,237;81,238;62,239;42,239;41,239;40,239;41,239;40,239;41,239;40,239;41,239;40,239;41,239;40,239;41,239;40,239;41,239;40,239;41,239;40,239;41,239;40,239;41,239;40,239;41,239;40,239;41,239;40,239;41,239;40,239;41,239;40,239;41,239;40,239;41,239;40,239;41,239;40,239;41,239;40,239;41,239;40,239;41,239;40,239;41,239;40,239;41,239;40,239;41,239;40,239;41,239;40,239;41,239;40,239;41,239;40,239;41,239;40,239;41,239;40,239;41,239;40,239;41,239;40,239;41,239;40,239;41,239;40,239;41,239;40,239;41,239;40,239;41,239;40,239;41,239;40,239;41,239;40,239;41,239;40,239;41,239;40,239;41,239;40,239;41,239;40,239;41,239;40,239;41,239;40,239;41,239;40,239;41,239;40,239;41,239;40,239;41,239;40,239;41,239;40,239;41,239;40,239;41,239;40,239;41,239;40,239;41,239;40,239;41,239;40,239;41,239;40,239;41,239;40,239;41,239;40,239;41,239;40,239;41,239;40,239;41,239;40,239;41,239;
#1568:
>0:-1,-1;123,237;104,237;
#1569:
>0:-1,-1;124,0;105,1;86,1;
#1570:
>0:-1,-1;124,2;123,3;123,4;
#1571:
>0:-1,-1;124,2;123,3;142,4;122,5;121,5;141,6;160,6;
#1572:
>0:-1,-1;124,29;124,30;123,31;143,31;142,32;123,32;
#1573:
>0:-1,-1;124,38;103,39;102,40;
#1574:
>0:-1,-1;124,48;103,48;123,49;143,50;123,51;103,51;84,52;84,53;65,53;
#1575:
>0:-1,-1;124,83;125,83;126,83;
#1576:
>0:-1,-1;124,91;143,91;142,91;
#1577:
>0:-1,-1;124,100;145,100;164,101;165,102;166,102;
#1578:
>0:-1,-1;124,104;103,104;122,104;122,106;
#1579:
>0:-1,-1;124,104;124,104;
#1580:
>0:-1,-1;124,205;124,207;
#1581:
>0:-1,-1;124,216;123,216;122,217;123,218;
#1582:
>0:-1,-1;124,236;125,237;106,237;106,238;127,239;108,239;127,239;108,239;127,239;108,239;127,239;108,239;127,239;108,239;127,239;108,239;127,239;108,239;127,239;108,239;127,239;108,239;127,239;108,239;127,239;108,239;127,239;108,239;127,239;108,239;127,239;108,239;127,239;108,239;127,239;108,239;127,239;108,239;127,239;108,239;127,239;108,239;127,239;108,239;127,239;108,239;127,239;108,239;127,239;108,239;127,239;108,239;127,239;108,239;127,239;108,239;127,239;108,239;127,239;108,239;127,239;108,239;127,239;108,239;127,239;108,239;127,239;108,239;127,239;108,239;127,239;108,239;127,239;108,239;127,239;108,239;127,239;108,239;127,239;108,239;127,239;108,239;127,239;108,239;127,239;108,239;127,239;108,239;127,239;108,239;127,239;108,239;127,239;108,239;127,239;108,239;127,239;108,239;127,239;108,239;127,239;108,239;127,239;108,239;127,239;108,239;127,239;108,239;127,239;108,239;127,239;108,239;127,239;108,239;127,239;108,239;127,239;108,239;127,239;108,239;127,239;108,239;127,239;108,239;
#1583:
>0:-1,-1;125,13;104,13;125,13;
#1584:
>0:-1,-1;125,13;126,13;126,15;105,16;124,17;
#1585:
>0:-1,-1;125,23;145,24;165,25;144,25;124,25;
#1586:
>0:-1,-1;125,28;105,28;86,29;85,29;105,29;104,29;124,29;124,30;123,31;143,31;142,32;123,32;
#1587:
>0:-1,-1;125,28;105,28;86,29;87,29;88,30;68,31;69,32;69,34;49,35;70,35;50,36;30,37;31,38;
#1588:
>0:-1,-1;125,31;104,31;
#1589:
>0:-1,-1;125,39;105,40;85,41;85,42;106,42;107,43;127,43;128,44;148,44;
#1590:
>0:-1,-1;125,39;126,40;
#1591:
>0:-1,-1;125,55;125,56;125,57;
#1592:
>0:-1,-1;125,68;125,68;
#1593:
>0:-1,-1;125,80;124,80;
#1594:
>0:-1,-1;125,80;125,80;
#1595:
>0:-1,-1;125,87;145,87;124,88;143,88;144,88;
#1596:
>0:-1,-1;125,93;125,95;126,96;126,98;146,98;125,98;126,98;146,98;125,98;126,98;146,98;125,98;126,98;146,98;125,98;126,98;146,98;125,98;126,98;146,98;125,98;126,98;146,98;125,98;126,98;146,98;125,98;126,98;146,98;125,98;126,98;146,98;125,98;126,98;146,98;125,98;126,98;146,98;125,98;126,98;146,98;125,98;126,98;146,98;125,98;126,98;146,98;125,98;126,98;146,98;125,98;126,98;146,98;125,98;126,98;146,98;125,98;126,98;146,98;125,98;126,98;146,98;125,98;126,98;146,98;125,98;126,98;146,98;125,98;126,98;146,98;125,98;126,98;146,98;125,98;126,98;146,98;125,98;126,98;146,98;125,98;126,98;146,98;125,98;126,98;146,98;125,98;126,98;146,98;125,98;126,98;146,98;125,98;126,98;146,98;125,98;126,98;146,98;125,98;126,98;146,98;125,98;126,98;146,98;125,98;126,98;146,98;125,98;126,98;146,98;125,98;126,98;146,98;125,98;126,98;146,98;125,98;126,98;146,98;125,98;126,98;146,98;125,98;126,98;
#1597:
>0:-1,-1;125,107;146,107;126,108;106,108;86,109;
#1598:
>0:-1,-1;125,111;125,111;
#1599:
>0:-1,-1;125,216;125,216;
#1600:
>0:-1,-1;125,220;144,220;
#1601:
>0:-1,-1;125,223;144,223;165,223;145,224;145,225;146,225;165,225;185,226;166,227;146,228;
#1602:
>0:-1,-1;125,233;106,234;105,234;124,235;145,236;124,236;125,237;106,237;106,238;127,239;108,239;127,239;108,239;127,239;108,239;127,239;108,239;127,239;108,239;127,239;108,239;127,239;108,239;127,239;108,239;127,239;108,239;127,239;108,239;127,239;108,239;127,239;108,239;127,239;108,239;127,239;108,239;127,239;108,239;127,239;108,239;127,239;108,239;127,239;108,239;127,239;108,239;127,239;108,239;127,239;108,239;127,239;108,239;127,239;108,239;127,239;108,239;127,239;108,239;127,239;108,239;127,239;108,239;127,239;108,239;127,239;108,239;127,239;108,239;127,239;108,239;127,239;108,239;127,239;108,239;127,239;108,239;127,239;108,239;127,239;108,239;127,239;108,239;127,239;108,239;127,239;108,239;127,239;108,239;127,239;108,239;127,239;108,239;127,239;108,239;127,239;108,239;127,239;108,239;127,239;108,239;127,239;108,239;127,239;108,239;127,239;108,239;127,239;108,239;127,239;108,239;127,239;108,239;127,239;108,239;127,239;108,239;127,239;108,239;127,239;108,239;127,239;108,239;127,239;
#1603:
>0:-1,-1;126,2;107,2;128,3;128,5;
#1604:
>0:-1,-1;126,13;126,15;105,16;124,17;
#1605:
>0:-1,-1;126,22;106,22;126,23;106,23;
#1606:
>0:-1,-1;126,43;146,43;126,44;147,44;128,45;148,46;168,47;189,47;170,47;170,48;149,49;169,49;170,50;150,50;
#1607:
>0:-1,-1;126,103;126,103;
#1608:
>0:-1,-1;126,149;107,150;
#1609:
>0:-1,-1;126,157;107,158;
#1610:
>0:-1,-1;126,204;127,204;
#1611:
>0:-1,-1;126,227;106,227;
#1612:
>0:-1,-1;126,230;126,230;
#1613:
>0:-1,-1;126,234;147,235;126,236;145,237;
#1614:
>0:-1,-1;127,8;127,8;
#1615:
>0:-1,-1;127,69;107,69;127,69;107,69;127,69;107,69;127,69;107,69;127,69;107,69;127,69;107,69;127,69;107,69;127,69;107,69;127,69;107,69;127,69;107,69;127,69;107,69;127,69;107,69;127,69;107,69;127,69;107,69;127,69;107,69;127,69;107,69;127,69;107,69;127,69;107,69;127,69;107,69;127,69;107,69;127,69;107,69;127,69;107,69;127,69;107,69;127,69;107,69;127,69;107,69;127,69;107,69;127,69;107,69;127,69;107,69;127,69;107,69;127,69;107,69;127,69;107,69;127,69;107,69;127,69;107,69;127,69;107,69;127,69;107,69;127,69;107,69;127,69;107,69;127,69;107,69;127,69;107,69;127,69;107,69;127,69;107,69;127,69;107,69;127,69;107,69;127,69;107,69;127,69;107,69;127,69;107,69;127,69;107,69;127,69;107,69;127,69;107,69;127,69;107,69;127,69;107,69;127,69;107,69;127,69;107,69;127,69;107,69;127,69;107,69;127,69;107,69;127,69;107,69;127,69;107,69;127,69;107,69;127,69;107,69;127,69;107,69;127,69;107,69;
#1616:
>0:-1,-1;127,73;127,73;
#1617:
>0:-1,-1;127,74;108,75;107,75;107,76;
#1618:
>0:-1,-1;127,81;128,82;
#1619:
>0:-1,-1;127,85;107,86;88,87;87,88;68,88;69,88;68,88;69,88;68,88;69,88;68,88;69,88;68,88;69,88;68,88;69,88;68,88;69,88;68,88;69,88;68,88;69,88;68,88;69,88;68,88;69,88;68,88;69,88;68,88;69,88;68,88;69,88;68,88;69,88;68,88;69,88;68,88;69,88;68,88;69,88;68,88;69,88;68,88;69,88;68,88;69,88;68,88;69,88;68,88;69,88;68,88;69,88;68,88;69,88;68,88;69,88;68,88;69,88;68,88;69,88;68,88;69,88;68,88;69,88;68,88;69,88;68,88;69,88;68,88;69,88;68,88;69,88;68,88;69,88;68,88;69,88;68,88;69,88;68,88;69,88;68,88;69,88;68,88;69,88;68,88;69,88;68,88;69,88;68,88;69,88;68,88;69,88;68,88;69,88;68,88;69,88;68,88;69,88;68,88;69,88;68,88;69,88;68,88;69,88;68,88;69,88;68,88;69,88;68,88;69,88;68,88;69,88;68,88;69,88;68,88;69,88;68,88;69,88;68,88;69,88;68,88;69,88;68,88;69,88;
#1620:
>0:-1,-1;127,119;107,119;107,120;107,121;
#1621:
>0:-1,-1;127,130;127,130;
#1622:
>0:-1,-1;127,160;148,160;
#1623:
>0:-1,-1;127,190;148,190;168,190;169,190;189,190;
#1624:
>0:-1,-1;127,197;107,197;128,198;107,199;86,199;86,201;
#1625:
>0:-1,-1;128,67;147,67;148,68;
#1626:
>0:-1,-1;128,74;129,74;149,75;
#1627:
>0:-1,-1;128,138;107,138;107,140;88,141;89,142;
#1628:
>0:-1,-1;128,173;108,174;107,174;88,175;
#1629:
>0:-1,-1;128,178;147,178;
#1630:
>0:-1,-1;128,207;147,207;128,208;148,209;167,209;
#1631:
>0:-1,-1;128,222;147,223;
#1632:
>0:-1,-1;129,5;129,6;
#1633:
>0:-1,-1;129,11;108,12;108,14;109,15;128,15;148,15;148,16;167,17;146,17;167,17;146,17;167,17;146,17;167,17;146,17;167,17;146,17;167,17;146,17;167,17;146,17;167,17;146,17;167,17;146,17;167,17;146,17;167,17;146,17;167,17;146,17;167,17;146,17;167,17;146,17;167,17;146,17;167,17;146,17;167,17;146,17;167,17;146,17;167,17;146,17;167,17;146,17;167,17;146,17;167,17;146,17;167,17;146,17;167,17;146,17;167,17;146,17;167,17;146,17;167,17;146,17;167,17;146,17;167,17;146,17;167,17;146,17;167,17;146,17;167,17;146,17;167,17;146,17;167,17;146,17;167,17;146,17;167,17;146,17;167,17;146,17;167,17;146,17;167,17;146,17;167,17;146,17;167,17;146,17;167,17;146,17;167,17;146,17;167,17;146,17;167,17;146,17;167,17;146,17;167,17;146,17;167,17;146,17;167,17;146,17;167,17;146,17;167,17;146,17;167,17;146,17;167,17;146,17;167,17;146,17;167,17;146,17;167,17;146,17;167,17;146,17;167,17;146,17;167,17;
#1634:
>0:-1,-1;129,11;129,11;
#1635:
>0:-1,-1;129,12;130,12;
#1636:
>0:-1,-1;129,13;110,14;
#1637:
>0:-1,-1;129,31;108,32;107,33;126,33;105,33;124,33;104,34;85,34;104,34;85,34;104,34;85,34;104,34;85,34;104,34;85,34;104,34;85,34;104,34;85,34;104,34;85,34;104,34;85,34;104,34;85,34;104,34;85,34;104,34;85,34;104,34;85,34;104,34;85,34;104,34;85,34;104,34;85,34;104,34;85,34;104,34;85,34;104,34;85,34;104,34;85,34;104,34;85,34;104,34;85,34;104,34;85,34;104,34;85,34;104,34;85,34;104,34;85,34;104,34;85,34;104,34;85,34;104,34;85,34;104,34;85,34;104,34;85,34;104,34;85,34;104,34;85,34;104,34;85,34;104,34;85,34;104,34;85,34;104,34;85,34;104,34;85,34;104,34;85,34;104,34;85,34;104,34;85,34;104,34;85,34;104,34;85,34;104,34;85,34;104,34;85,34;104,34;85,34;104,34;85,34;104,34;85,34;104,34;85,34;104,34;85,34;104,34;85,34;104,34;85,34;104,34;85,34;104,34;85,34;104,34;85,34;104,34;85,34;104,34;85,34;104,34;85,34;104,34;85,34;
#1638:
>0:-1,-1;129,59;129,60;
#1639:
>0:-1,-1;129,82;129,82;
#1640:
>0:-1,-1;129,87;129,87;
#1641:
>0:-1,-1;129,99;149,99;150,99;131,99;150,99;131,99;150,99;131,99;150,99;131,99;150,99;131,99;150,99;131,99;150,99;131,99;150,99;131,99;150,99;131,99;150,99;131,99;150,99;131,99;150,99;131,99;150,99;131,99;150,99;131,99;150,99;131,99;150,99;131,99;150,99;131,99;150,99;131,99;150,99;131,99;150,99;131,99;150,99;131,99;150,99;131,99;150,99;131,99;150,99;131,99;150,99;131,99;150,99;131,99;150,99;131,99;150,99;131,99;150,99;131,99;150,99;131,99;150,99;131,99;150,99;131,99;150,99;131,99;150,99;131,99;150,99;131,99;150,99;131,99;150,99;131,99;150,99;131,99;150,99;131,99;150,99;131,99;150,99;131,99;150,99;131,99;150,99;131,99;150,99;131,99;150,99;131,99;150,99;131,99;150,99;131,99;150,99;131,99;150,99;131,99;150,99;131,99;150,99;131,99;150,99;131,99;150,99;131,99;150,99;131,99;150,99;131,99;150,99;131,99;150,99;131,99;150,99;131,99;150,99;131,99;150,99;131,99;150,99;131,99;
#1642:
>0:-1,-1;129,119;128,120;127,121;146,121;166,121;
#1643:
>0:-1,-1;129,121;129,121;
#1644:
>0:-1,-1;129,152;128,153;107,153;126,154;
#1645:
>0:-1,-1;129,152;129,152;
#1646:
>0:-1,-1;129,184;128,185;148,185;168,186;169,186;
#1647:
>0:-1,-1;129,206;149,207;
#1648:
>0:-1,-1;129,230;148,231;128,231;108,231;
#1649:
>0:-1,-1;129,230;129,230;
#1650:
>0:-1,-1;130,2;111,3;110,3;131,3;
#1651:
>0:-1,-1;130,4;130,4;
#1652:
>0:-1,-1;130,33;130,33;
#1653:
>0:-1,-1;130,38;130,38;
#1654:
>0:-1,-1;130,57;130,59;150,59;169,59;190,60;
#1655:
>0:-1,-1;130,76;130,76;
#1656:
>0:-1,-1;130,100;151,101;
#1657:
>0:-1,-1;130,105;109,105;128,105;127,105;
#1658:
>0:-1,-1;130,108;130,108;
#1659:
>0:-1,-1;130,111;131,112;112,113;112,115;93,116;113,117;93,117;72,118;
#1660:
>0:-1,-1;130,111;151,112;150,113;129,113;128,114;108,114;107,115;127,116;127,118;
#1661:
>0:-1,-1;130,142;130,142;
#1662:
>0:-1,-1;130,151;129,152;128,153;107,153;126,154;
#1663:
>0:-1,-1;130,168;130,168;
#1664:
>0:-1,-1;130,174;129,175;
#1665:
>0:-1,-1;130,190;149,190;148,191;169,192;
#1666:
>0:-1,-1;130,192;129,192;150,192;149,193;170,194;171,195;170,196;189,196;170,197;150,197;149,198;170,199;
#1667:
>0:-1,-1;130,197;150,198;150,200;130,201;151,201;132,202;153,202;173,202;193,202;212,203;231,203;210,203;210,205;211,205;191,205;
#1668:
>0:-1,-1;130,199;130,200;150,200;130,201;151,201;132,202;153,202;173,202;193,202;212,203;231,203;210,203;210,205;211,205;191,205;
#1669:
>0:-1,-1;130,216;111,217;90,217;70,218;70,219;
#1670:
>0:-1,-1;130,232;130,232;
#1671:
>0:-1,-1;131,66;111,66;
#1672:
>0:-1,-1;131,111;152,112;
#1673:
>0:-1,-1;131,113;150,113;129,113;128,114;108,114;107,115;127,116;127,118;
#1674:
>0:-1,-1;131,123;152,124;171,124;172,124;173,125;194,126;195,127;
#1675:
>0:-1,-1;131,125;131,125;
#1676:
>0:-1,-1;131,171;131,171;
#1677:
>0:-1,-1;131,173;132,174;132,176;113,176;94,176;73,176;93,177;
#1678:
>0:-1,-1;131,177;111,177;
#1679:
>0:-1,-1;131,180;131,180;
#1680:
>0:-1,-1;131,199;130,199;130,200;150,200;130,201;151,201;132,202;153,202;173,202;193,202;212,203;231,203;210,203;210,205;211,205;191,205;
#1681:
>0:-1,-1;132,8;133,9;153,9;172,10;172,11;191,12;171,13;
#1682:
>0:-1,-1;132,34;132,35;112,36;112,37;
#1683:
>0:-1,-1;132,46;131,46;112,47;111,48;91,48;71,48;90,48;71,49;90,50;111,50;90,51;70,52;49,52;28,52;8,53;28,53;27,54;
#1684:
>0:-1,-1;132,78;133,78;133,79;113,79;133,79;113,79;133,79;113,79;133,79;113,79;133,79;113,79;133,79;113,79;133,79;113,79;133,79;113,79;133,79;113,79;133,79;113,79;133,79;113,79;133,79;113,79;133,79;113,79;133,79;113,79;133,79;113,79;133,79;113,79;133,79;113,79;133,79;113,79;133,79;113,79;133,79;113,79;133,79;113,79;133,79;113,79;133,79;113,79;133,79;113,79;133,79;113,79;133,79;113,79;133,79;113,79;133,79;113,79;133,79;113,79;133,79;113,79;133,79;113,79;133,79;113,79;133,79;113,79;133,79;113,79;133,79;113,79;133,79;113,79;133,79;113,79;133,79;113,79;133,79;113,79;133,79;113,79;133,79;113,79;133,79;113,79;133,79;113,79;133,79;113,79;133,79;113,79;133,79;113,79;133,79;113,79;133,79;113,79;133,79;113,79;133,79;113,79;133,79;113,79;133,79;113,79;133,79;113,79;133,79;113,79;133,79;113,79;133,79;113,79;133,79;113,79;133,79;113,79;133,79;113,79;133,79;113,79;133,79;113,79;
#1685:
>0:-1,-1;132,94;133,95;152,95;
#1686:
>0:-1,-1;132,96;113,96;
#1687:
>0:-1,-1;132,104;152,104;151,104;172,105;
#1688:
>0:-1,-1;132,156;153,156;132,157;111,157;110,158;
#1689:
>0:-1,-1;132,157;111,157;110,158;
#1690:
>0:-1,-1;132,181;133,182;154,182;134,182;133,183;112,183;91,184;110,184;130,184;
#1691:
>0:-1,-1;132,187;152,188;
#1692:
>0:-1,-1;132,190;112,190;92,190;71,190;
#1693:
>0:-1,-1;132,203;133,204;
#1694:
>0:-1,-1;132,227;112,227;132,227;112,227;132,227;112,227;132,227;112,227;132,227;112,227;132,227;112,227;132,227;112,227;132,227;112,227;132,227;112,227;132,227;112,227;132,227;112,227;132,227;112,227;132,227;112,227;132,227;112,227;132,227;112,227;132,227;112,227;132,227;112,227;132,227;112,227;132,227;112,227;132,227;112,227;132,227;112,227;132,227;112,227;132,227;112,227;132,227;112,227;132,227;112,227;132,227;112,227;132,227;112,227;132,227;112,227;132,227;112,227;132,227;112,227;132,227;112,227;132,227;112,227;132,227;112,227;132,227;112,227;132,227;112,227;132,227;112,227;132,227;112,227;132,227;112,227;132,227;112,227;132,227;112,227;132,227;112,227;132,227;112,227;132,227;112,227;132,227;112,227;132,227;112,227;132,227;112,227;132,227;112,227;132,227;112,227;132,227;112,227;132,227;112,227;132,227;112,227;132,227;112,227;132,227;112,227;132,227;112,227;132,227;112,227;132,227;112,227;132,227;112,227;132,227;112,227;132,227;112,227;132,227;112,227;132,227;112,227;132,227;112,227;
#1695:
>0:-1,-1;133,0;114,1;134,1;114,2;
#1696:
>0:-1,-1;133,46;134,47;154,48;173,48;152,49;132,50;113,50;92,51;93,51;94,51;75,51;75,53;74,53;55,54;55,56;
#1697:
>0:-1,-1;133,46;154,46;153,47;
#1698:
>0:-1,-1;133,64;133,64;
#1699:
>0:-1,-1;133,68;153,68;172,68;192,69;171,69;
#1700:
>0:-1,-1;133,68;153,69;
#1701:
>0:-1,-1;133,71;152,71;133,72;113,73;
#1702:
>0:-1,-1;133,105;133,105;
#1703:
>0:-1,-1;133,147;132,148;131,149;132,149;152,149;132,149;152,149;132,149;152,149;132,149;152,149;132,149;152,149;132,149;152,149;132,149;152,149;132,149;152,149;132,149;152,149;132,149;152,149;132,149;152,149;132,149;152,149;132,149;152,149;132,149;152,149;132,149;152,149;132,149;152,149;132,149;152,149;132,149;152,149;132,149;152,149;132,149;152,149;132,149;152,149;132,149;152,149;132,149;152,149;132,149;152,149;132,149;152,149;132,149;152,149;132,149;152,149;132,149;152,149;132,149;152,149;132,149;152,149;132,149;152,149;132,149;152,149;132,149;152,149;132,149;152,149;132,149;152,149;132,149;152,149;132,149;152,149;132,149;152,149;132,149;152,149;132,149;152,149;132,149;152,149;132,149;152,149;132,149;152,149;132,149;152,149;132,149;152,149;132,149;152,149;132,149;152,149;132,149;152,149;132,149;152,149;132,149;152,149;132,149;152,149;132,149;152,149;132,149;152,149;132,149;152,149;132,149;152,149;132,149;152,149;132,149;152,149;132,149;152,149;132,149;152,149;132,149;152,149;132,149;
#1704:
>0:-1,-1;133,147;154,148;174,149;
#1705:
>0:-1,-1;133,161;112,161;111,162;
#1706:
>0:-1,-1;133,162;154,163;
#1707:
>0:-1,-1;133,181;112,181;132,182;153,182;
#1708:
>0:-1,-1;134,37;134,38;154,39;174,40;154,40;154,42;175,42;155,42;
#1709:
>0:-1,-1;134,89;134,91;154,92;153,92;172,93;191,94;
#1710:
>0:-1,-1;134,93;115,94;134,94;
#1711:
>0:-1,-1;134,136;154,137;135,137;155,138;156,138;
#1712:
>0:-1,-1;134,153;115,153;116,154;
#1713:
>0:-1,-1;134,182;133,183;112,183;91,184;110,184;130,184;
#1714:
>0:-1,-1;134,205;133,205;
#1715:
>0:-1,-1;134,226;155,227;
#1716:
>0:-1,-1;135,1;156,2;157,3;
#1717:
>0:-1,-1;135,4;134,4;113,5;94,5;73,5;54,6;55,7;54,8;
#1718:
>0:-1,-1;135,29;156,30;
#1719:
>0:-1,-1;135,48;156,49;135,49;135,50;156,50;177,51;178,51;159,51;179,52;199,53;
#1720:
>0:-1,-1;135,54;115,55;95,56;94,57;
#1721:
>0:-1,-1;135,81;135,83;
#1722:
>0:-1,-1;135,116;136,117;156,117;136,117;156,117;136,117;156,117;136,117;156,117;136,117;156,117;136,117;156,117;136,117;156,117;136,117;156,117;136,117;156,117;136,117;156,117;136,117;156,117;136,117;156,117;136,117;156,117;136,117;156,117;136,117;156,117;136,117;156,117;136,117;156,117;136,117;156,117;136,117;156,117;136,117;156,117;136,117;156,117;136,117;156,117;136,117;156,117;136,117;156,117;136,117;156,117;136,117;156,117;136,117;156,117;136,117;156,117;136,117;156,117;136,117;156,117;136,117;156,117;136,117;156,117;136,117;156,117;136,117;156,117;136,117;156,117;136,117;156,117;136,117;156,117;136,117;156,117;136,117;156,117;136,117;156,117;136,117;156,117;136,117;156,117;136,117;156,117;136,117;156,117;136,117;156,117;136,117;156,117;136,117;156,117;136,117;156,117;136,117;156,117;136,117;156,117;136,117;156,117;136,117;156,117;136,117;156,117;136,117;156,117;136,117;156,117;136,117;156,117;136,117;156,117;136,117;156,117;136,117;156,117;136,117;156,117;136,117;156,117;136,117;
#1723:
>0:-1,-1;135,126;156,126;
#1724:
>0:-1,-1;135,156;156,156;135,156;156,156;135,156;156,156;135,156;156,156;135,156;156,156;135,156;156,156;135,156;156,156;135,156;156,156;135,156;156,156;135,156;156,156;135,156;156,156;135,156;156,156;135,156;156,156;135,156;156,156;135,156;156,156;135,156;156,156;135,156;156,156;135,156;156,156;135,156;156,156;135,156;156,156;135,156;156,156;135,156;156,156;135,156;156,156;135,156;156,156;135,156;156,156;135,156;156,156;135,156;156,156;135,156;156,156;135,156;156,156;135,156;156,156;135,156;156,156;135,156;156,156;135,156;156,156;135,156;156,156;135,156;156,156;135,156;156,156;135,156;156,156;135,156;156,156;135,156;156,156;135,156;156,156;135,156;156,156;135,156;156,156;135,156;156,156;135,156;156,156;135,156;156,156;135,156;156,156;135,156;156,156;135,156;156,156;135,156;156,156;135,156;156,156;135,156;156,156;135,156;156,156;135,156;156,156;135,156;156,156;135,156;156,156;135,156;156,156;135,156;156,156;135,156;156,156;135,156;156,156;135,156;156,156;135,156;156,156;135,156;156,156;
#1725:
>0:-1,-1;135,156;135,156;
#1726:
>0:-1,-1;135,164;135,164;
#1727:
>0:-1,-1;135,164;135,164;
#1728:
>0:-1,-1;135,197;136,197;156,198;
#1729:
>0:-1,-1;135,211;114,212;
#1730:
>0:-1,-1;135,232;155,233;154,234;135,235;116,235;135,236;154,236;175,237;155,238;135,238;135,239;134,239;133,239;
#1731:
>0:-1,-1;135,232;155,233;176,233;197,233;
#1732:
>0:-1,-1;135,233;114,233;
#1733:
>0:-1,-1;136,57;136,57;
#1734:
>0:-1,-1;136,67;155,67;155,68;155,69;134,70;
#1735:
>0:-1,-1;136,74;155,74;134,75;
#1736:
>0:-1,-1;136,89;136,89;
#1737:
>0:-1,-1;136,187;136,187;
#1738:
>0:-1,-1;136,207;135,207;
#1739:
>0:-1,-1;136,229;117,230;136,230;157,231;136,231;155,231;155,233;176,233;197,233;
#1740:
>0:-1,-1;136,229;136,230;157,231;136,231;155,231;155,233;176,233;197,233;
#1741:
>0:-1,-1;136,233;117,234;
#1742:
>0:-1,-1;136,237;135,237;134,238;154,238;135,239;134,239;133,239;
#1743:
>0:-1,-1;137,15;137,16;138,17;139,17;158,18;138,19;139,19;118,20;119,20;119,21;118,21;98,21;78,21;78,22;57,22;36,22;17,23;
#1744:
>0:-1,-1;137,31;118,32;97,33;96,33;76,34;76,35;
#1745:
>0:-1,-1;137,80;138,80;117,80;136,80;157,80;138,80;117,80;136,80;157,80;138,80;117,80;136,80;157,80;138,80;117,80;136,80;157,80;138,80;117,80;136,80;157,80;138,80;117,80;136,80;157,80;138,80;117,80;136,80;157,80;138,80;117,80;136,80;157,80;138,80;117,80;136,80;157,80;138,80;117,80;136,80;157,80;138,80;117,80;136,80;157,80;138,80;117,80;136,80;157,80;138,80;117,80;136,80;157,80;138,80;117,80;136,80;157,80;138,80;117,80;136,80;157,80;138,80;117,80;136,80;157,80;138,80;117,80;136,80;157,80;138,80;117,80;136,80;157,80;138,80;117,80;136,80;157,80;138,80;117,80;136,80;157,80;138,80;117,80;136,80;157,80;138,80;117,80;136,80;157,80;138,80;117,80;136,80;157,80;138,80;117,80;136,80;157,80;138,80;117,80;136,80;157,80;138,80;117,80;136,80;157,80;138,80;117,80;136,80;157,80;138,80;117,80;136,80;157,80;138,80;117,80;136,80;157,80;138,80;117,80;136,80;157,80;138,80;117,80;136,80;
#1746:
>0:-1,-1;137,81;158,81;139,82;139,84;138,84;
#1747:
>0:-1,-1;137,122;118,122;138,123;118,124;99,125;
#1748:
>0:-1,-1;137,127;136,128;135,128;
#1749:
>0:-1,-1;137,132;116,133;
#1750:
>0:-1,-1;137,139;116,140;115,140;115,142;135,142;116,142;137,142;116,143;117,144;116,145;136,145;115,145;114,145;94,146;114,147;
#1751:
>0:-1,-1;137,144;138,145;
#1752:
>0:-1,-1;137,146;136,147;155,147;176,148;155,148;
#1753:
>0:-1,-1;137,146;157,146;176,147;177,147;196,148;
#1754:
>0:-1,-1;137,148;116,149;115,149;135,149;
#1755:
>0:-1,-1;137,173;137,173;
#1756:
>0:-1,-1;137,181;118,181;117,182;
#1757:
>0:-1,-1;137,194;138,195;159,195;178,195;
#1758:
>0:-1,-1;137,194;157,195;176,195;177,196;
#1759:
>0:-1,-1;137,195;137,196;116,197;136,198;136,200;135,200;135,201;114,202;
#1760:
>0:-1,-1;137,195;137,196;
#1761:
>0:-1,-1;137,213;158,214;139,214;159,214;158,214;139,214;159,214;158,214;139,214;159,214;158,214;139,214;159,214;158,214;139,214;159,214;158,214;139,214;159,214;158,214;139,214;159,214;158,214;139,214;159,214;158,214;139,214;159,214;158,214;139,214;159,214;158,214;139,214;159,214;158,214;139,214;159,214;158,214;139,214;159,214;158,214;139,214;159,214;158,214;139,214;159,214;158,214;139,214;159,214;158,214;139,214;159,214;158,214;139,214;159,214;158,214;139,214;159,214;158,214;139,214;159,214;158,214;139,214;159,214;158,214;139,214;159,214;158,214;139,214;159,214;158,214;139,214;159,214;158,214;139,214;159,214;158,214;139,214;159,214;158,214;139,214;159,214;158,214;139,214;159,214;158,214;139,214;159,214;158,214;139,214;159,214;158,214;139,214;159,214;158,214;139,214;159,214;158,214;139,214;159,214;158,214;139,214;159,214;158,214;139,214;159,214;158,214;139,214;159,214;158,214;139,214;159,214;158,214;139,214;159,214;158,214;139,214;159,214;158,214;139,214;159,214;158,214;139,214;159,214;
#1762:
>0:-1,-1;138,39;159,39;139,39;158,39;138,40;159,41;139,42;118,42;
#1763:
>0:-1,-1;138,55;157,55;176,56;196,56;
#1764:
>0:-1,-1;138,88;157,89;
#1765:
>0:-1,-1;138,110;118,110;139,111;
#1766:
>0:-1,-1;138,111;159,111;
#1767:
>0:-1,-1;138,145;138,145;
#1768:
>0:-1,-1;138,185;119,186;
#1769:
>0:-1,-1;138,217;138,217;
#1770:
>0:-1,-1;139,22;118,23;
#1771:
>0:-1,-1;139,29;139,29;
#1772:
>0:-1,-1;139,31;139,31;
#1773:
>0:-1,-1;139,50;139,50;
#1774:
>0:-1,-1;139,76;139,76;
#1775:
>0:-1,-1;139,121;118,121;
#1776:
>0:-1,-1;139,135;118,136;117,137;98,137;77,138;56,138;76,138;96,139;115,139;95,140;
#1777:
>0:-1,-1;139,138;139,138;
#1778:
>0:-1,-1;139,159;118,160;117,161;117,162;116,162;136,162;116,163;136,163;155,163;134,164;153,165;
#1779:
>0:-1,-1;139,177;138,177;
#1780:
>0:-1,-1;139,183;139,183;
#1781:
>0:-1,-1;139,189;139,189;
#1782:
>0:-1,-1;139,201;139,201;
#1783:
>0:-1,-1;139,203;138,203;118,203;98,203;118,204;99,205;119,205;99,206;118,206;97,207;96,208;
#1784:
>0:-1,-1;139,226;119,226;98,227;78,227;
#1785:
>0:-1,-1;139,234;158,235;159,236;
#1786:
>0:-1,-1;139,238;139,238;
#1787:
>0:-1,-1;139,238;139,238;
#1788:
>0:-1,-1;140,3;141,4;161,4;180,4;181,5;182,6;183,6;183,8;
#1789:
>0:-1,-1;140,57;121,57;121,58;
#1790:
>0:-1,-1;140,65;120,65;
#1791:
>0:-1,-1;140,98;140,98;
#1792:
>0:-1,-1;140,102;140,102;
#1793:
>0:-1,-1;140,109;140,109;
#1794:
>0:-1,-1;140,141;120,142;121,142;100,143;81,143;101,144;80,145;80,147;60,148;80,149;80,151;101,152;101,153;102,153;102,155;121,156;120,156;
#1795:
>0:-1,-1;140,141;120,142;
#1796:
>0:-1,-1;140,141;141,141;160,141;161,142;140,143;121,143;140,144;161,145;
#1797:
>0:-1,-1;140,147;140,147;
#1798:
>0:-1,-1;140,160;121,161;121,162;141,162;
#1799:
>0:-1,-1;140,166;140,166;
#1800:
>0:-1,-1;140,166;140,166;
#1801:
>0:-1,-1;140,226;161,227;142,227;163,228;164,228;165,228;
#1802:
>0:-1,-1;141,45;141,46;141,48;
#1803:
>0:-1,-1;141,57;121,58;120,58;140,59;160,60;180,61;200,61;201,62;202,63;
#1804:
>0:-1,-1;141,57;121,58;121,59;
#1805:
>0:-1,-1;141,94;120,95;101,95;
#1806:
>0:-1,-1;141,96;160,96;161,97;182,98;
#1807:
>0:-1,-1;141,124;142,125;
#1808:
>0:-1,-1;141,129;162,129;163,129;144,130;163,130;162,131;162,133;
#1809:
>0:-1,-1;141,142;141,142;
#1810:
>0:-1,-1;141,167;161,168;142,168;122,168;122,170;101,170;81,170;
#1811:
>0:-1,-1;142,1;142,1;
#1812:
>0:-1,-1;142,9;141,9;141,11;
#1813:
>0:-1,-1;142,39;141,39;140,40;161,41;
#1814:
>0:-1,-1;142,112;161,112;182,112;163,113;184,114;205,115;205,117;186,117;206,117;
#1815:
>0:-1,-1;142,113;121,113;
#1816:
>0:-1,-1;142,116;161,116;
#1817:
>0:-1,-1;142,139;142,139;
#1818:
>0:-1,-1;142,174;143,174;144,174;
#1819:
>0:-1,-1;142,174;163,174;143,175;162,176;142,176;
#1820:
>0:-1,-1;142,185;142,185;
#1821:
>0:-1,-1;142,193;162,194;163,194;142,194;
#1822:
>0:-1,-1;142,206;122,207;
#1823:
>0:-1,-1;142,209;162,210;143,210;164,211;185,212;205,213;224,214;
#1824:
>0:-1,-1;143,2;124,3;145,4;126,4;107,5;107,6;126,7;106,8;126,9;105,10;105,12;
#1825:
>0:-1,-1;143,21;143,21;
#1826:
>0:-1,-1;143,46;162,47;
#1827:
>0:-1,-1;143,53;122,54;123,55;124,55;105,56;106,57;105,57;
#1828:
>0:-1,-1;143,59;124,60;
#1829:
>0:-1,-1;143,89;143,89;
#1830:
>0:-1,-1;143,109;163,109;143,110;142,111;142,112;161,112;182,112;163,113;184,114;205,115;205,117;186,117;206,117;
#1831:
>0:-1,-1;143,127;143,127;
#1832:
>0:-1,-1;143,143;142,144;163,145;
#1833:
>0:-1,-1;143,144;163,144;163,146;162,147;
#1834:
>0:-1,-1;143,180;143,181;124,182;
#1835:
>0:-1,-1;143,191;122,192;
#1836:
>0:-1,-1;144,58;124,59;103,60;
#1837:
>0:-1,-1;144,82;124,83;125,83;126,83;
#1838:
>0:-1,-1;144,120;144,120;
#1839:
>0:-1,-1;144,138;123,139;123,140;104,141;105,141;85,142;
#1840:
>0:-1,-1;144,149;143,149;144,149;143,149;144,149;143,149;144,149;143,149;144,149;143,149;144,149;143,149;144,149;143,149;144,149;143,149;144,149;143,149;144,149;143,149;144,149;143,149;144,149;143,149;144,149;143,149;144,149;143,149;144,149;143,149;144,149;143,149;144,149;143,149;144,149;143,149;144,149;143,149;144,149;143,149;144,149;143,149;144,149;143,149;144,149;143,149;144,149;143,149;144,149;143,149;144,149;143,149;144,149;143,149;144,149;143,149;144,149;143,149;144,149;143,149;144,149;143,149;144,149;143,149;144,149;143,149;144,149;143,149;144,149;143,149;144,149;143,149;144,149;143,149;144,149;143,149;144,149;143,149;144,149;143,149;144,149;143,149;144,149;143,149;144,149;143,149;144,149;143,149;144,149;143,149;144,149;143,149;144,149;143,149;144,149;143,149;144,149;143,149;144,149;143,149;144,149;143,149;144,149;143,149;144,149;143,149;144,149;143,149;144,149;143,149;144,149;143,149;144,149;143,149;144,149;143,149;144,149;143,149;144,149;143,149;144,149;143,149;144,149;143,149;
#1841:
>0:-1,-1;144,188;144,188;
#1842:
>0:-1,-1;144,199;123,199;144,199;124,200;
#1843:
>0:-1,-1;144,199;124,200;
#1844:
>0:-1,-1;144,237;144,237;
#1845:
>0:-1,-1;145,82;165,83;146,84;125,84;104,85;104,86;105,87;84,87;
#1846:
>0:-1,-1;145,128;145,128;
#1847:
>0:-1,-1;145,135;145,135;
#1848:
>0:-1,-1;145,150;145,150;
#1849:
>0:-1,-1;145,155;145,155;
#1850:
>0:-1,-1;145,165;145,165;
#1851:
>0:-1,-1;145,167;146,168;166,169;
#1852:
>0:-1,-1;145,200;144,201;
#1853:
>0:-1,-1;145,200;145,200;
#1854:
>0:-1,-1;145,226;145,226;
#1855:
>0:-1,-1;145,227;146,228;
#1856:
>0:-1,-1;146,24;166,25;146,26;
#1857:
>0:-1,-1;146,54;146,54;
#1858:
>0:-1,-1;146,67;165,67;
#1859:
>0:-1,-1;146,81;167,82;166,83;185,83;205,83;224,84;
#1860:
>0:-1,-1;146,100;146,100;
#1861:
>0:-1,-1;146,158;146,158;
#1862:
>0:-1,-1;146,163;146,165;
#1863:
>0:-1,-1;146,163;147,163;148,164;167,165;148,166;
#1864:
>0:-1,-1;146,163;167,164;
#1865:
>0:-1,-1;146,172;146,172;
#1866:
>0:-1,-1;146,173;126,173;105,173;126,173;105,173;126,173;105,173;126,173;105,173;126,173;105,173;126,173;105,173;126,173;105,173;126,173;105,173;126,173;105,173;126,173;105,173;126,173;105,173;126,173;105,173;126,173;105,173;126,173;105,173;126,173;105,173;126,173;105,173;126,173;105,173;126,173;105,173;126,173;105,173;126,173;105,173;126,173;105,173;126,173;105,173;126,173;105,173;126,173;105,173;126,173;105,173;126,173;105,173;126,173;105,173;126,173;105,173;126,173;105,173;126,173;105,173;126,173;105,173;126,173;105,173;126,173;105,173;126,173;105,173;126,173;105,173;126,173;105,173;126,173;105,173;126,173;105,173;126,173;105,173;126,173;105,173;126,173;105,173;126,173;105,173;126,173;105,173;126,173;105,173;126,173;105,173;126,173;105,173;126,173;105,173;126,173;105,173;126,173;105,173;126,173;105,173;126,173;105,173;126,173;105,173;126,173;105,173;126,173;105,173;126,173;105,173;126,173;105,173;126,173;105,173;126,173;105,173;126,173;105,173;126,173;105,173;126,173;105,173;126,173;
#1867:
>0:-1,-1;146,184;145,185;145,186;
#1868:
>0:-1,-1;146,219;146,219;
#1869:
>0:-1,-1;147,0;166,1;165,1;144,2;143,2;124,3;145,4;126,4;107,5;107,6;126,7;106,8;126,9;105,10;105,12;
#1870:
>0:-1,-1;147,19;147,20;147,21;146,21;
#1871:
>0:-1,-1;147,38;167,39;146,40;
#1872:
>0:-1,-1;147,58;148,59;147,60;168,60;167,61;147,61;168,61;189,61;
#1873:
>0:-1,-1;147,74;128,74;129,74;149,75;
#1874:
>0:-1,-1;147,88;166,88;165,88;
#1875:
>0:-1,-1;147,103;147,103;
#1876:
>0:-1,-1;147,135;166,136;
#1877:
>0:-1,-1;147,137;147,137;
#1878:
>0:-1,-1;147,146;166,146;
#1879:
>0:-1,-1;147,156;128,156;147,156;128,156;147,156;128,156;147,156;128,156;147,156;128,156;147,156;128,156;147,156;128,156;147,156;128,156;147,156;128,156;147,156;128,156;147,156;128,156;147,156;128,156;147,156;128,156;147,156;128,156;147,156;128,156;147,156;128,156;147,156;128,156;147,156;128,156;147,156;128,156;147,156;128,156;147,156;128,156;147,156;128,156;147,156;128,156;147,156;128,156;147,156;128,156;147,156;128,156;147,156;128,156;147,156;128,156;147,156;128,156;147,156;128,156;147,156;128,156;147,156;128,156;147,156;128,156;147,156;128,156;147,156;128,156;147,156;128,156;147,156;128,156;147,156;128,156;147,156;128,156;147,156;128,156;147,156;128,156;147,156;128,156;147,156;128,156;147,156;128,156;147,156;128,156;147,156;128,156;147,156;128,156;147,156;128,156;147,156;128,156;147,156;128,156;147,156;128,156;147,156;128,156;147,156;128,156;147,156;128,156;147,156;128,156;147,156;128,156;147,156;128,156;147,156;128,156;147,156;128,156;147,156;128,156;147,156;128,156;147,156;128,156;
#1880:
>0:-1,-1;147,161;128,162;129,163;109,164;108,165;107,165;127,165;128,166;127,166;126,166;126,168;145,169;144,170;144,172;165,172;144,172;165,172;144,172;165,172;144,172;165,172;144,172;165,172;144,172;165,172;144,172;165,172;144,172;165,172;144,172;165,172;144,172;165,172;144,172;165,172;144,172;165,172;144,172;165,172;144,172;165,172;144,172;165,172;144,172;165,172;144,172;165,172;144,172;165,172;144,172;165,172;144,172;165,172;144,172;165,172;144,172;165,172;144,172;165,172;144,172;165,172;144,172;165,172;144,172;165,172;144,172;165,172;144,172;165,172;144,172;165,172;144,172;165,172;144,172;165,172;144,172;165,172;144,172;165,172;144,172;165,172;144,172;165,172;144,172;165,172;144,172;165,172;144,172;165,172;144,172;165,172;144,172;165,172;144,172;165,172;144,172;165,172;144,172;165,172;144,172;165,172;144,172;165,172;144,172;165,172;144,172;165,172;144,172;165,172;144,172;165,172;144,172;165,172;144,172;165,172;144,172;165,172;144,172;165,172;144,172;165,172;144,172;165,172;144,172;
#1881:
>0:-1,-1;147,192;148,192;147,192;
#1882:
>0:-1,-1;147,192;167,193;
#1883:
>0:-1,-1;147,195;167,195;186,195;186,197;186,199;187,199;186,200;205,201;204,202;203,202;
#1884:
>0:-1,-1;147,210;166,211;185,212;205,213;224,214;
#1885:
>0:-1,-1;147,219;147,219;
#1886:
>0:-1,-1;148,6;168,6;
#1887:
>0:-1,-1;148,31;129,31;108,32;107,33;126,33;105,33;124,33;104,34;85,34;104,34;85,34;104,34;85,34;104,34;85,34;104,34;85,34;104,34;85,34;104,34;85,34;104,34;85,34;104,34;85,34;104,34;85,34;104,34;85,34;104,34;85,34;104,34;85,34;104,34;85,34;104,34;85,34;104,34;85,34;104,34;85,34;104,34;85,34;104,34;85,34;104,34;85,34;104,34;85,34;104,34;85,34;104,34;85,34;104,34;85,34;104,34;85,34;104,34;85,34;104,34;85,34;104,34;85,34;104,34;85,34;104,34;85,34;104,34;85,34;104,34;85,34;104,34;85,34;104,34;85,34;104,34;85,34;104,34;85,34;104,34;85,34;104,34;85,34;104,34;85,34;104,34;85,34;104,34;85,34;104,34;85,34;104,34;85,34;104,34;85,34;104,34;85,34;104,34;85,34;104,34;85,34;104,34;85,34;104,34;85,34;104,34;85,34;104,34;85,34;104,34;85,34;104,34;85,34;104,34;85,34;104,34;85,34;104,34;85,34;104,34;85,34;104,34;85,34;104,34;
#1888:
>0:-1,-1;148,31;148,32;
#1889:
>0:-1,-1;148,45;147,46;168,47;189,47;170,47;170,48;149,49;169,49;170,50;150,50;
#1890:
>0:-1,-1;148,52;149,52;168,53;188,54;189,55;169,55;149,55;
#1891:
>0:-1,-1;148,71;147,72;
#1892:
>0:-1,-1;148,127;148,127;
#1893:
>0:-1,-1;148,139;169,139;148,140;167,140;188,140;168,141;169,142;188,143;207,143;
#1894:
>0:-1,-1;148,143;147,144;168,144;148,144;
#1895:
>0:-1,-1;148,155;148,157;
#1896:
>0:-1,-1;148,169;148,169;
#1897:
>0:-1,-1;148,179;147,179;167,179;148,179;147,179;167,179;148,179;147,179;167,179;148,179;147,179;167,179;148,179;147,179;167,179;148,179;147,179;167,179;148,179;147,179;167,179;148,179;147,179;167,179;148,179;147,179;167,179;148,179;147,179;167,179;148,179;147,179;167,179;148,179;147,179;167,179;148,179;147,179;167,179;148,179;147,179;167,179;148,179;147,179;167,179;148,179;147,179;167,179;148,179;147,179;167,179;148,179;147,179;167,179;148,179;147,179;167,179;148,179;147,179;167,179;148,179;147,179;167,179;148,179;147,179;167,179;148,179;147,179;167,179;148,179;147,179;167,179;148,179;147,179;167,179;148,179;147,179;167,179;148,179;147,179;167,179;148,179;147,179;167,179;148,179;147,179;167,179;148,179;147,179;167,179;148,179;147,179;167,179;148,179;147,179;167,179;148,179;147,179;167,179;148,179;147,179;167,179;148,179;147,179;167,179;148,179;147,179;167,179;148,179;147,179;167,179;148,179;147,179;167,179;148,179;147,179;167,179;148,179;147,179;167,179;148,179;147,179;167,179;148,179;
#1898:
>0:-1,-1;148,189;148,191;169,192;
#1899:
>0:-1,-1;148,199;148,199;
#1900:
>0:-1,-1;148,219;148,219;
#1901:
>0:-1,-1;148,221;167,221;167,223;186,223;206,223;206,224;
#1902:
>0:-1,-1;149,1;149,1;
#1903:
>0:-1,-1;149,10;130,11;131,11;
#1904:
>0:-1,-1;149,23;149,23;
#1905:
>0:-1,-1;149,35;149,35;
#1906:
>0:-1,-1;149,38;129,39;148,40;
#1907:
>0:-1,-1;149,49;129,50;149,50;148,50;
#1908:
>0:-1,-1;149,49;169,49;170,50;150,50;
#1909:
>0:-1,-1;149,71;148,72;148,74;148,75;169,75;150,76;169,76;
#1910:
>0:-1,-1;149,94;149,94;
#1911:
>0:-1,-1;149,96;149,97;128,98;127,99;127,100;126,101;
#1912:
>0:-1,-1;149,106;148,107;
#1913:
>0:-1,-1;149,115;130,115;
#1914:
>0:-1,-1;149,159;149,161;128,161;
#1915:
>0:-1,-1;149,175;170,176;150,176;130,176;151,177;171,177;190,178;191,178;192,179;212,180;211,181;210,182;211,183;191,183;171,184;190,184;191,185;212,186;192,186;
#1916:
>0:-1,-1;149,178;129,179;149,179;
#1917:
>0:-1,-1;149,182;168,183;168,185;
#1918:
>0:-1,-1;149,192;150,192;149,193;170,194;171,195;170,196;189,196;170,197;150,197;149,198;170,199;
#1919:
>0:-1,-1;149,192;150,193;150,195;170,195;
#1920:
>0:-1,-1;150,15;170,16;169,16;169,18;189,18;
#1921:
>0:-1,-1;150,37;169,38;170,39;149,39;149,40;
#1922:
>0:-1,-1;150,96;129,97;148,97;
#1923:
>0:-1,-1;150,101;150,102;
#1924:
>0:-1,-1;150,120;150,122;151,123;171,123;
#1925:
>0:-1,-1;150,120;150,120;
#1926:
>0:-1,-1;150,133;150,133;
#1927:
>0:-1,-1;150,142;151,142;131,142;
#1928:
>0:-1,-1;150,168;150,168;
#1929:
>0:-1,-1;150,213;129,214;149,214;150,214;
#1930:
>0:-1,-1;150,213;149,214;150,214;
#1931:
>0:-1,-1;150,224;129,224;129,226;129,228;108,228;
#1932:
>0:-1,-1;151,14;131,14;131,16;
#1933:
>0:-1,-1;151,84;151,84;
#1934:
>0:-1,-1;151,89;152,90;173,91;
#1935:
>0:-1,-1;151,100;151,100;
#1936:
>0:-1,-1;151,111;132,111;113,111;92,111;112,111;132,111;113,111;92,111;112,111;132,111;113,111;92,111;112,111;132,111;113,111;92,111;112,111;132,111;113,111;92,111;112,111;132,111;113,111;92,111;112,111;132,111;113,111;92,111;112,111;132,111;113,111;92,111;112,111;132,111;113,111;92,111;112,111;132,111;113,111;92,111;112,111;132,111;113,111;92,111;112,111;132,111;113,111;92,111;112,111;132,111;113,111;92,111;112,111;132,111;113,111;92,111;112,111;132,111;113,111;92,111;112,111;132,111;113,111;92,111;112,111;132,111;113,111;92,111;112,111;132,111;113,111;92,111;112,111;132,111;113,111;92,111;112,111;132,111;113,111;92,111;112,111;132,111;113,111;92,111;112,111;132,111;113,111;92,111;112,111;132,111;113,111;92,111;112,111;132,111;113,111;92,111;112,111;132,111;113,111;92,111;112,111;132,111;113,111;92,111;112,111;132,111;113,111;92,111;112,111;132,111;113,111;92,111;112,111;132,111;113,111;92,111;112,111;132,111;113,111;92,111;112,111;132,111;113,111;92,111;
#1937:
>0:-1,-1;151,161;151,161;
#1938:
>0:-1,-1;151,184;171,185;192,186;
#1939:
>0:-1,-1;151,186;132,186;112,187;132,188;111,189;
#1940:
>0:-1,-1;151,230;151,230;
#1941:
>0:-1,-1;152,4;131,4;
#1942:
>0:-1,-1;152,18;173,18;
#1943:
>0:-1,-1;152,40;152,40;
#1944:
>0:-1,-1;152,81;152,81;
#1945:
>0:-1,-1;152,90;173,91;
#1946:
>0:-1,-1;152,112;152,112;
#1947:
>0:-1,-1;152,140;151,140;132,141;153,142;
#1948:
>0:-1,-1;152,153;173,153;
#1949:
>0:-1,-1;152,155;132,155;132,156;153,156;132,157;111,157;110,158;
#1950:
>0:-1,-1;152,167;171,168;
#1951:
>0:-1,-1;152,168;171,169;190,169;209,169;
#1952:
>0:-1,-1;152,168;152,168;
#1953:
>0:-1,-1;152,169;173,170;
#1954:
>0:-1,-1;152,185;131,186;150,186;149,186;130,186;130,188;131,188;
#1955:
>0:-1,-1;152,205;152,207;152,209;
#1956:
>0:-1,-1;152,214;151,214;131,215;132,216;112,216;113,217;134,218;
#1957:
>0:-1,-1;152,227;171,227;192,228;
#1958:
>0:-1,-1;152,230;152,230;
#1959:
>0:-1,-1;153,49;133,50;
#1960:
>0:-1,-1;153,72;133,72;113,73;
#1961:
>0:-1,-1;153,80;132,81;111,82;
#1962:
>0:-1,-1;153,98;172,98;
#1963:
>0:-1,-1;153,98;173,98;193,98;213,98;233,98;214,99;194,99;
#1964:
>0:-1,-1;153,155;133,156;154,156;154,158;135,158;134,158;135,159;116,160;115,160;116,161;97,161;118,161;98,162;78,162;78,163;
#1965:
>0:-1,-1;153,179;153,181;173,182;
#1966:
>0:-1,-1;153,197;133,197;
#1967:
>0:-1,-1;153,199;172,199;173,199;194,199;194,201;214,202;195,202;175,202;156,203;155,204;155,205;134,206;113,206;92,206;93,206;73,206;73,207;92,208;
#1968:
>0:-1,-1;154,2;133,2;152,2;
#1969:
>0:-1,-1;154,15;134,16;
#1970:
>0:-1,-1;154,16;155,16;154,17;
#1971:
>0:-1,-1;154,36;175,36;175,37;156,38;137,38;136,39;157,39;137,40;158,40;138,41;139,42;118,42;
#1972:
>0:-1,-1;154,43;175,43;156,44;156,46;
#1973:
>0:-1,-1;154,47;153,48;
#1974:
>0:-1,-1;154,50;153,51;
#1975:
>0:-1,-1;154,50;153,51;
#1976:
>0:-1,-1;154,54;153,54;134,54;
#1977:
>0:-1,-1;154,67;174,67;193,67;172,68;192,69;171,69;
#1978:
>0:-1,-1;154,145;175,146;174,146;173,147;
#1979:
>0:-1,-1;154,160;154,161;175,162;154,163;
#1980:
>0:-1,-1;154,160;154,162;133,162;154,163;
#1981:
>0:-1,-1;154,171;155,171;
#1982:
>0:-1,-1;154,174;135,174;
#1983:
>0:-1,-1;154,197;133,198;114,198;113,199;94,199;
#1984:
>0:-1,-1;155,56;155,56;
#1985:
>0:-1,-1;155,97;155,97;
#1986:
>0:-1,-1;155,128;155,128;
#1987:
>0:-1,-1;155,130;135,130;155,130;155,132;175,133;175,135;196,136;217,136;198,136;179,136;179,138;
#1988:
>0:-1,-1;155,130;155,132;175,133;175,135;196,136;217,136;198,136;179,136;179,138;
#1989:
>0:-1,-1;155,156;174,157;194,157;173,157;173,158;173,160;172,161;191,162;
#1990:
>0:-1,-1;155,159;154,159;
#1991:
>0:-1,-1;155,171;155,171;
#1992:
>0:-1,-1;155,180;135,181;116,182;135,182;134,183;113,184;94,185;95,185;116,185;117,186;136,187;
#1993:
>0:-1,-1;155,190;135,190;
#1994:
>0:-1,-1;155,228;156,229;176,230;196,230;
#1995:
>0:-1,-1;156,25;137,25;156,26;137,26;116,27;117,27;137,27;158,28;158,30;137,31;118,32;97,33;96,33;76,34;76,35;
#1996:
>0:-1,-1;156,28;156,28;
#1997:
>0:-1,-1;156,61;156,61;
#1998:
>0:-1,-1;156,66;177,67;
#1999:
>0:-1,-1;156,83;156,83;
#2000:
>0:-1,-1;156,120;175,120;176,120;156,121;137,121;136,121;116,121;136,121;116,121;136,121;116,121;136,121;116,121;136,121;116,121;136,121;116,121;136,121;116,121;136,121;116,121;136,121;116,121;136,121;116,121;136,121;116,121;136,121;116,121;136,121;116,121;136,121;116,121;136,121;116,121;136,121;116,121;136,121;116,121;136,121;116,121;136,121;116,121;136,121;116,121;136,121;116,121;136,121;116,121;136,121;116,121;136,121;116,121;136,121;116,121;136,121;116,121;136,121;116,121;136,121;116,121;136,121;116,121;136,121;116,121;136,121;116,121;136,121;116,121;136,121;116,121;136,121;116,121;136,121;116,121;136,121;116,121;136,121;116,121;136,121;116,121;136,121;116,121;136,121;116,121;136,121;116,121;136,121;116,121;136,121;116,121;136,121;116,121;136,121;116,121;136,121;116,121;136,121;116,121;136,121;116,121;136,121;116,121;136,121;116,121;136,121;116,121;136,121;116,121;136,121;116,121;136,121;116,121;136,121;116,121;136,121;116,121;136,121;116,121;136,121;116,121;136,121;116,121;136,121;
#2001:
>0:-1,-1;156,141;176,142;197,142;177,143;177,144;
#2002:
>0:-1,-1;156,142;177,142;
#2003:
>0:-1,-1;156,146;157,147;
#2004:
>0:-1,-1;156,154;156,154;
#2005:
>0:-1,-1;156,159;175,159;196,160;
#2006:
>0:-1,-1;156,183;156,185;137,185;156,185;137,185;156,185;137,185;156,185;137,185;156,185;137,185;156,185;137,185;156,185;137,185;156,185;137,185;156,185;137,185;156,185;137,185;156,185;137,185;156,185;137,185;156,185;137,185;156,185;137,185;156,185;137,185;156,185;137,185;156,185;137,185;156,185;137,185;156,185;137,185;156,185;137,185;156,185;137,185;156,185;137,185;156,185;137,185;156,185;137,185;156,185;137,185;156,185;137,185;156,185;137,185;156,185;137,185;156,185;137,185;156,185;137,185;156,185;137,185;156,185;137,185;156,185;137,185;156,185;137,185;156,185;137,185;156,185;137,185;156,185;137,185;156,185;137,185;156,185;137,185;156,185;137,185;156,185;137,185;156,185;137,185;156,185;137,185;156,185;137,185;156,185;137,185;156,185;137,185;156,185;137,185;156,185;137,185;156,185;137,185;156,185;137,185;156,185;137,185;156,185;137,185;156,185;137,185;156,185;137,185;156,185;137,185;156,185;137,185;156,185;137,185;156,185;137,185;156,185;137,185;156,185;137,185;156,185;137,185;156,185;
#2007:
>0:-1,-1;157,59;178,59;158,59;159,59;179,60;
#2008:
>0:-1,-1;157,60;157,60;
#2009:
>0:-1,-1;157,61;157,61;
#2010:
>0:-1,-1;157,101;137,101;138,101;
#2011:
>0:-1,-1;157,101;177,101;157,102;138,102;118,103;
#2012:
>0:-1,-1;157,150;157,150;
#2013:
>0:-1,-1;157,167;157,167;
#2014:
>0:-1,-1;157,198;157,200;
#2015:
>0:-1,-1;157,203;157,204;
#2016:
>0:-1,-1;157,228;136,228;137,229;
#2017:
>0:-1,-1;158,15;158,16;137,17;136,18;
#2018:
>0:-1,-1;158,23;137,24;157,25;177,26;158,26;137,27;158,28;158,30;137,31;118,32;97,33;96,33;76,34;76,35;
#2019:
>0:-1,-1;158,90;157,90;138,91;118,92;
#2020:
>0:-1,-1;158,103;177,104;178,105;
#2021:
>0:-1,-1;158,121;138,121;158,122;159,122;139,122;119,122;98,123;
#2022:
>0:-1,-1;158,122;159,122;139,122;119,122;98,123;
#2023:
>0:-1,-1;158,147;158,147;
#2024:
>0:-1,-1;158,156;179,157;158,157;137,157;157,157;156,157;176,158;
#2025:
>0:-1,-1;158,158;177,158;198,159;218,159;
#2026:
>0:-1,-1;158,177;137,177;156,178;155,178;136,178;
#2027:
>0:-1,-1;158,197;158,197;
#2028:
>0:-1,-1;158,218;178,218;197,218;176,219;157,219;178,219;159,220;138,221;117,221;
#2029:
>0:-1,-1;158,218;178,218;197,218;177,219;158,220;158,221;159,222;138,223;118,224;119,224;
#2030:
>0:-1,-1;159,22;178,22;157,22;176,22;176,23;156,23;175,24;196,24;217,24;216,24;236,24;236,26;
#2031:
>0:-1,-1;159,28;159,28;
#2032:
>0:-1,-1;159,55;139,56;139,57;139,58;118,59;
#2033:
>0:-1,-1;159,77;139,78;119,78;98,78;
#2034:
>0:-1,-1;159,77;158,77;158,79;177,80;158,81;139,82;139,84;138,84;
#2035:
>0:-1,-1;159,131;138,131;118,131;
#2036:
>0:-1,-1;159,170;159,172;178,172;
#2037:
>0:-1,-1;159,185;159,185;
#2038:
>0:-1,-1;160,1;160,1;
#2039:
>0:-1,-1;160,8;181,8;162,8;142,8;
#2040:
>0:-1,-1;160,13;160,13;
#2041:
>0:-1,-1;160,15;160,15;
#2042:
>0:-1,-1;160,36;160,36;
#2043:
>0:-1,-1;160,56;160,56;
#2044:
>0:-1,-1;160,66;141,67;
#2045:
>0:-1,-1;160,130;160,130;
#2046:
>0:-1,-1;160,141;161,142;140,143;121,143;140,144;161,145;
#2047:
>0:-1,-1;160,175;180,176;181,177;201,178;202,178;
#2048:
>0:-1,-1;160,175;160,175;
#2049:
>0:-1,-1;160,176;181,177;201,178;202,178;
#2050:
>0:-1,-1;160,215;160,217;
#2051:
>0:-1,-1;160,215;180,215;
#2052:
>0:-1,-1;160,219;160,219;
#2053:
>0:-1,-1;161,2;182,2;162,3;162,4;182,5;
#2054:
>0:-1,-1;161,2;161,2;
#2055:
>0:-1,-1;161,14;161,16;180,17;201,18;222,19;
#2056:
>0:-1,-1;161,24;141,24;161,24;141,24;161,24;141,24;161,24;141,24;161,24;141,24;161,24;141,24;161,24;141,24;161,24;141,24;161,24;141,24;161,24;141,24;161,24;141,24;161,24;141,24;161,24;141,24;161,24;141,24;161,24;141,24;161,24;141,24;161,24;141,24;161,24;141,24;161,24;141,24;161,24;141,24;161,24;141,24;161,24;141,24;161,24;141,24;161,24;141,24;161,24;141,24;161,24;141,24;161,24;141,24;161,24;141,24;161,24;141,24;161,24;141,24;161,24;141,24;161,24;141,24;161,24;141,24;161,24;141,24;161,24;141,24;161,24;141,24;161,24;141,24;161,24;141,24;161,24;141,24;161,24;141,24;161,24;141,24;161,24;141,24;161,24;141,24;161,24;141,24;161,24;141,24;161,24;141,24;161,24;141,24;161,24;141,24;161,24;141,24;161,24;141,24;161,24;141,24;161,24;141,24;161,24;141,24;161,24;141,24;161,24;141,24;161,24;141,24;161,24;141,24;161,24;141,24;161,24;141,24;161,24;141,24;161,24;141,24;161,24;141,24;
#2057:
>0:-1,-1;161,38;162,39;142,40;
#2058:
>0:-1,-1;161,38;182,38;162,39;142,40;
#2059:
>0:-1,-1;161,43;161,43;
#2060:
>0:-1,-1;161,45;161,45;
#2061:
>0:-1,-1;161,95;181,95;181,96;160,97;160,98;160,99;
#2062:
>0:-1,-1;161,123;180,124;200,125;181,125;201,126;220,127;221,127;
#2063:
>0:-1,-1;161,175;161,175;
#2064:
>0:-1,-1;161,185;162,185;143,185;122,185;101,186;100,186;120,186;140,186;161,186;162,186;183,186;203,187;
#2065:
>0:-1,-1;161,213;141,213;122,213;122,215;102,215;
#2066:
>0:-1,-1;161,224;161,224;
#2067:
>0:-1,-1;162,13;162,13;
#2068:
>0:-1,-1;162,20;163,20;184,21;203,22;184,23;183,23;162,23;
#2069:
>0:-1,-1;162,26;181,26;181,28;161,28;181,28;161,28;181,28;161,28;181,28;161,28;181,28;161,28;181,28;161,28;181,28;161,28;181,28;161,28;181,28;161,28;181,28;161,28;181,28;161,28;181,28;161,28;181,28;161,28;181,28;161,28;181,28;161,28;181,28;161,28;181,28;161,28;181,28;161,28;181,28;161,28;181,28;161,28;181,28;161,28;181,28;161,28;181,28;161,28;181,28;161,28;181,28;161,28;181,28;161,28;181,28;161,28;181,28;161,28;181,28;161,28;181,28;161,28;181,28;161,28;181,28;161,28;181,28;161,28;181,28;161,28;181,28;161,28;181,28;161,28;181,28;161,28;181,28;161,28;181,28;161,28;181,28;161,28;181,28;161,28;181,28;161,28;181,28;161,28;181,28;161,28;181,28;161,28;181,28;161,28;181,28;161,28;181,28;161,28;181,28;161,28;181,28;161,28;181,28;161,28;181,28;161,28;181,28;161,28;181,28;161,28;181,28;161,28;181,28;161,28;181,28;161,28;181,28;161,28;181,28;161,28;181,28;161,28;181,28;161,28;
#2070:
>0:-1,-1;162,35;162,35;
#2071:
>0:-1,-1;162,42;141,42;122,42;143,42;122,43;142,43;
#2072:
>0:-1,-1;162,57;142,58;123,59;
#2073:
>0:-1,-1;162,75;162,75;
#2074:
>0:-1,-1;162,94;161,94;
#2075:
>0:-1,-1;162,112;182,112;163,113;184,114;205,115;205,117;186,117;206,117;
#2076:
>0:-1,-1;162,114;141,114;141,115;
#2077:
>0:-1,-1;162,127;163,127;163,128;162,128;141,129;162,129;163,129;144,130;163,130;162,131;162,133;
#2078:
>0:-1,-1;162,161;181,161;160,162;161,163;160,163;161,164;160,164;161,165;180,166;161,167;181,167;161,168;142,168;122,168;122,170;101,170;81,170;
#2079:
>0:-1,-1;162,194;163,194;142,194;
#2080:
>0:-1,-1;162,204;162,205;141,205;160,206;
#2081:
>0:-1,-1;162,219;162,221;141,221;142,222;
#2082:
>0:-1,-1;162,233;183,233;203,234;224,235;
#2083:
>0:-1,-1;162,238;162,238;
#2084:
>0:-1,-1;163,30;184,31;164,32;
#2085:
>0:-1,-1;163,34;162,35;
#2086:
>0:-1,-1;163,54;144,54;145,55;164,56;185,56;
#2087:
>0:-1,-1;163,105;183,106;183,107;164,107;183,107;164,107;183,107;164,107;183,107;164,107;183,107;164,107;183,107;164,107;183,107;164,107;183,107;164,107;183,107;164,107;183,107;164,107;183,107;164,107;183,107;164,107;183,107;164,107;183,107;164,107;183,107;164,107;183,107;164,107;183,107;164,107;183,107;164,107;183,107;164,107;183,107;164,107;183,107;164,107;183,107;164,107;183,107;164,107;183,107;164,107;183,107;164,107;183,107;164,107;183,107;164,107;183,107;164,107;183,107;164,107;183,107;164,107;183,107;164,107;183,107;164,107;183,107;164,107;183,107;164,107;183,107;164,107;183,107;164,107;183,107;164,107;183,107;164,107;183,107;164,107;183,107;164,107;183,107;164,107;183,107;164,107;183,107;164,107;183,107;164,107;183,107;164,107;183,107;164,107;183,107;164,107;183,107;164,107;183,107;164,107;183,107;164,107;183,107;164,107;183,107;164,107;183,107;164,107;183,107;164,107;183,107;164,107;183,107;164,107;183,107;164,107;183,107;164,107;183,107;164,107;183,107;164,107;183,107;164,107;
#2088:
>0:-1,-1;163,157;162,157;183,157;
#2089:
>0:-1,-1;163,184;144,185;145,185;145,186;
#2090:
>0:-1,-1;163,199;144,199;124,200;
#2091:
>0:-1,-1;163,232;162,232;
#2092:
>0:-1,-1;164,1;184,1;165,1;144,2;143,2;124,3;145,4;126,4;107,5;107,6;126,7;106,8;126,9;105,10;105,12;
#2093:
>0:-1,-1;164,8;144,9;123,10;
#2094:
>0:-1,-1;164,8;144,9;163,10;142,11;163,11;162,12;143,12;144,13;164,13;
#2095:
>0:-1,-1;164,18;163,19;
#2096:
>0:-1,-1;164,70;163,70;
#2097:
>0:-1,-1;164,70;165,71;
#2098:
>0:-1,-1;164,106;145,106;146,106;165,107;185,107;
#2099:
>0:-1,-1;164,120;183,120;
#2100:
>0:-1,-1;164,130;164,131;165,131;
#2101:
>0:-1,-1;164,141;164,141;
#2102:
>0:-1,-1;164,219;164,220;
#2103:
>0:-1,-1;165,5;164,6;164,8;144,9;
#2104:
>0:-1,-1;165,17;144,17;124,18;125,18;146,18;
#2105:
>0:-1,-1;165,33;165,33;
#2106:
>0:-1,-1;165,34;165,36;145,37;144,37;165,37;145,37;144,37;165,37;145,37;144,37;165,37;145,37;144,37;165,37;145,37;144,37;165,37;145,37;144,37;165,37;145,37;144,37;165,37;145,37;144,37;165,37;145,37;144,37;165,37;145,37;144,37;165,37;145,37;144,37;165,37;145,37;144,37;165,37;145,37;144,37;165,37;145,37;144,37;165,37;145,37;144,37;165,37;145,37;144,37;165,37;145,37;144,37;165,37;145,37;144,37;165,37;145,37;144,37;165,37;145,37;144,37;165,37;145,37;144,37;165,37;145,37;144,37;165,37;145,37;144,37;165,37;145,37;144,37;165,37;145,37;144,37;165,37;145,37;144,37;165,37;145,37;144,37;165,37;145,37;144,37;165,37;145,37;144,37;165,37;145,37;144,37;165,37;145,37;144,37;165,37;145,37;144,37;165,37;145,37;144,37;165,37;145,37;144,37;165,37;145,37;144,37;165,37;145,37;144,37;165,37;145,37;144,37;165,37;145,37;144,37;165,37;145,37;144,37;165,37;145,37;144,37;165,37;145,37;144,37;
#2107:
>0:-1,-1;165,34;184,34;184,36;185,37;165,38;184,38;204,39;
#2108:
>0:-1,-1;165,45;165,45;
#2109:
>0:-1,-1;165,66;144,66;
#2110:
>0:-1,-1;165,105;144,105;124,106;143,107;124,107;124,108;105,108;84,109;64,109;85,110;104,111;124,112;
#2111:
>0:-1,-1;165,136;165,136;
#2112:
>0:-1,-1;165,153;164,153;185,153;165,154;186,155;
#2113:
>0:-1,-1;166,9;166,11;185,11;186,12;
#2114:
>0:-1,-1;166,17;145,18;164,18;163,19;
#2115:
>0:-1,-1;166,37;166,37;
#2116:
>0:-1,-1;166,70;185,71;
#2117:
>0:-1,-1;166,86;166,86;
#2118:
>0:-1,-1;166,140;145,140;126,140;
#2119:
>0:-1,-1;166,156;167,157;168,158;167,158;168,158;167,158;168,158;167,158;168,158;167,158;168,158;167,158;168,158;167,158;168,158;167,158;168,158;167,158;168,158;167,158;168,158;167,158;168,158;167,158;168,158;167,158;168,158;167,158;168,158;167,158;168,158;167,158;168,158;167,158;168,158;167,158;168,158;167,158;168,158;167,158;168,158;167,158;168,158;167,158;168,158;167,158;168,158;167,158;168,158;167,158;168,158;167,158;168,158;167,158;168,158;167,158;168,158;167,158;168,158;167,158;168,158;167,158;168,158;167,158;168,158;167,158;168,158;167,158;168,158;167,158;168,158;167,158;168,158;167,158;168,158;167,158;168,158;167,158;168,158;167,158;168,158;167,158;168,158;167,158;168,158;167,158;168,158;167,158;168,158;167,158;168,158;167,158;168,158;167,158;168,158;167,158;168,158;167,158;168,158;167,158;168,158;167,158;168,158;167,158;168,158;167,158;168,158;167,158;168,158;167,158;168,158;167,158;168,158;167,158;168,158;167,158;168,158;167,158;168,158;167,158;168,158;167,158;168,158;167,158;
#2120:
>0:-1,-1;166,193;187,194;
#2121:
>0:-1,-1;166,198;166,198;
#2122:
>0:-1,-1;166,205;165,206;
#2123:
>0:-1,-1;166,209;165,209;184,209;203,209;223,210;204,210;185,211;
#2124:
>0:-1,-1;166,224;147,225;
#2125:
>0:-1,-1;166,227;146,228;
#2126:
>0:-1,-1;166,228;145,228;
#2127:
>0:-1,-1;166,228;187,228;206,229;227,230;
#2128:
>0:-1,-1;167,3;166,3;
#2129:
>0:-1,-1;167,6;186,7;167,7;166,7;166,8;145,9;165,9;
#2130:
>0:-1,-1;167,28;168,29;169,30;170,31;171,32;171,34;
#2131:
>0:-1,-1;167,54;187,55;168,56;188,57;207,58;
#2132:
>0:-1,-1;167,77;167,78;
#2133:
>0:-1,-1;167,83;167,83;
#2134:
>0:-1,-1;167,166;186,167;187,167;
#2135:
>0:-1,-1;167,187;167,187;
#2136:
>0:-1,-1;167,203;148,203;149,204;130,204;149,205;129,206;149,207;
#2137:
>0:-1,-1;167,224;146,225;165,225;185,226;166,227;146,228;
#2138:
>0:-1,-1;167,228;186,228;
#2139:
>0:-1,-1;168,2;168,2;
#2140:
>0:-1,-1;168,47;189,47;170,47;170,48;149,49;169,49;170,50;150,50;
#2141:
>0:-1,-1;168,60;167,61;147,61;168,61;189,61;
#2142:
>0:-1,-1;168,75;148,76;148,78;
#2143:
>0:-1,-1;168,95;168,95;
#2144:
>0:-1,-1;168,105;188,105;188,106;187,107;
#2145:
>0:-1,-1;168,105;188,106;187,107;
#2146:
>0:-1,-1;168,156;189,157;169,157;189,158;209,159;208,159;229,159;
#2147:
>0:-1,-1;168,162;168,163;149,164;149,165;
#2148:
>0:-1,-1;168,179;167,179;148,179;147,179;167,179;148,179;147,179;167,179;148,179;147,179;167,179;148,179;147,179;167,179;148,179;147,179;167,179;148,179;147,179;167,179;148,179;147,179;167,179;148,179;147,179;167,179;148,179;147,179;167,179;148,179;147,179;167,179;148,179;147,179;167,179;148,179;147,179;167,179;148,179;147,179;167,179;148,179;147,179;167,179;148,179;147,179;167,179;148,179;147,179;167,179;148,179;147,179;167,179;148,179;147,179;167,179;148,179;147,179;167,179;148,179;147,179;167,179;148,179;147,179;167,179;148,179;147,179;167,179;148,179;147,179;167,179;148,179;147,179;167,179;148,179;147,179;167,179;148,179;147,179;167,179;148,179;147,179;167,179;148,179;147,179;167,179;148,179;147,179;167,179;148,179;147,179;167,179;148,179;147,179;167,179;148,179;147,179;167,179;148,179;147,179;167,179;148,179;147,179;167,179;148,179;147,179;167,179;148,179;147,179;167,179;148,179;147,179;167,179;148,179;147,179;167,179;148,179;147,179;167,179;148,179;147,179;167,179;148,179;147,179;
#2149:
>0:-1,-1;168,185;168,185;
#2150:
>0:-1,-1;168,196;168,196;
#2151:
>0:-1,-1;168,206;168,206;
#2152:
>0:-1,-1;168,209;167,210;186,211;
#2153:
>0:-1,-1;168,215;168,215;
#2154:
>0:-1,-1;169,4;150,5;171,5;152,5;
#2155:
>0:-1,-1;169,23;169,24;169,25;148,25;
#2156:
>0:-1,-1;169,44;188,45;189,46;
#2157:
>0:-1,-1;169,51;150,51;129,52;110,52;
#2158:
>0:-1,-1;169,73;190,74;211,74;212,74;213,74;
#2159:
>0:-1,-1;169,82;189,82;170,82;
#2160:
>0:-1,-1;169,108;148,108;
#2161:
>0:-1,-1;169,122;170,122;151,123;171,123;
#2162:
>0:-1,-1;169,132;148,133;
#2163:
>0:-1,-1;169,184;190,184;191,185;212,186;192,186;
#2164:
>0:-1,-1;169,200;169,200;
#2165:
>0:-1,-1;169,219;170,220;169,220;169,222;188,223;169,224;169,226;149,226;129,227;
#2166:
>0:-1,-1;169,220;169,222;188,223;169,224;169,226;149,226;129,227;
#2167:
>0:-1,-1;170,19;170,20;189,21;169,21;
#2168:
>0:-1,-1;170,27;190,28;
#2169:
>0:-1,-1;170,51;170,51;
#2170:
>0:-1,-1;170,64;151,64;171,65;170,66;
#2171:
>0:-1,-1;170,75;169,76;
#2172:
>0:-1,-1;170,102;190,103;190,105;
#2173:
>0:-1,-1;170,157;170,157;
#2174:
>0:-1,-1;170,183;170,185;190,185;
#2175:
>0:-1,-1;170,183;170,183;
#2176:
>0:-1,-1;170,194;171,195;170,196;189,196;170,197;150,197;149,198;170,199;
#2177:
>0:-1,-1;170,204;171,204;172,204;192,205;193,206;214,206;215,206;
#2178:
>0:-1,-1;170,224;169,225;188,225;189,225;
#2179:
>0:-1,-1;170,236;151,236;151,237;
#2180:
>0:-1,-1;171,26;172,27;171,27;152,28;
#2181:
>0:-1,-1;171,98;171,98;
#2182:
>0:-1,-1;171,101;170,101;151,101;
#2183:
>0:-1,-1;171,107;190,107;169,107;168,108;169,109;188,109;
#2184:
>0:-1,-1;171,108;192,109;192,110;172,110;153,110;134,110;
#2185:
>0:-1,-1;171,115;170,116;
#2186:
>0:-1,-1;171,121;150,121;171,121;150,121;171,121;150,121;171,121;150,121;171,121;150,121;171,121;150,121;171,121;150,121;171,121;150,121;171,121;150,121;171,121;150,121;171,121;150,121;171,121;150,121;171,121;150,121;171,121;150,121;171,121;150,121;171,121;150,121;171,121;150,121;171,121;150,121;171,121;150,121;171,121;150,121;171,121;150,121;171,121;150,121;171,121;150,121;171,121;150,121;171,121;150,121;171,121;150,121;171,121;150,121;171,121;150,121;171,121;150,121;171,121;150,121;171,121;150,121;171,121;150,121;171,121;150,121;171,121;150,121;171,121;150,121;171,121;150,121;171,121;150,121;171,121;150,121;171,121;150,121;171,121;150,121;171,121;150,121;171,121;150,121;171,121;150,121;171,121;150,121;171,121;150,121;171,121;150,121;171,121;150,121;171,121;150,121;171,121;150,121;171,121;150,121;171,121;150,121;171,121;150,121;171,121;150,121;171,121;150,121;171,121;150,121;171,121;150,121;171,121;150,121;171,121;150,121;171,121;150,121;171,121;150,121;171,121;150,121;171,121;150,121;
#2187:
>0:-1,-1;171,130;171,130;
#2188:
>0:-1,-1;171,172;152,173;133,173;
#2189:
>0:-1,-1;171,176;152,176;131,176;132,176;113,176;94,176;73,176;93,177;
#2190:
>0:-1,-1;171,185;192,186;
#2191:
>0:-1,-1;171,191;171,191;
#2192:
>0:-1,-1;171,195;170,196;189,196;170,197;150,197;149,198;170,199;
#2193:
>0:-1,-1;171,201;152,202;
#2194:
>0:-1,-1;172,6;172,6;
#2195:
>0:-1,-1;172,8;153,9;172,10;172,11;191,12;171,13;
#2196:
>0:-1,-1;172,22;171,22;
#2197:
>0:-1,-1;172,86;153,86;132,86;
#2198:
>0:-1,-1;172,97;172,97;
#2199:
>0:-1,-1;172,97;172,97;
#2200:
>0:-1,-1;172,142;172,144;192,145;193,146;
#2201:
>0:-1,-1;172,165;171,165;191,165;191,166;212,167;
#2202:
>0:-1,-1;172,165;191,166;212,167;
#2203:
>0:-1,-1;172,189;193,189;193,191;172,191;173,191;193,191;172,191;173,191;193,191;172,191;173,191;193,191;172,191;173,191;193,191;172,191;173,191;193,191;172,191;173,191;193,191;172,191;173,191;193,191;172,191;173,191;193,191;172,191;173,191;193,191;172,191;173,191;193,191;172,191;173,191;193,191;172,191;173,191;193,191;172,191;173,191;193,191;172,191;173,191;193,191;172,191;173,191;193,191;172,191;173,191;193,191;172,191;173,191;193,191;172,191;173,191;193,191;172,191;173,191;193,191;172,191;173,191;193,191;172,191;173,191;193,191;172,191;173,191;193,191;172,191;173,191;193,191;172,191;173,191;193,191;172,191;173,191;193,191;172,191;173,191;193,191;172,191;173,191;193,191;172,191;173,191;193,191;172,191;173,191;193,191;172,191;173,191;193,191;172,191;173,191;193,191;172,191;173,191;193,191;172,191;173,191;193,191;172,191;173,191;193,191;172,191;173,191;193,191;172,191;173,191;193,191;172,191;173,191;193,191;172,191;173,191;193,191;172,191;173,191;193,191;172,191;173,191;193,191;172,191;
#2204:
>0:-1,-1;172,212;152,212;132,212;
#2205:
>0:-1,-1;172,232;193,233;172,234;
#2206:
>0:-1,-1;173,47;174,48;155,48;176,48;155,49;155,51;135,51;115,52;
#2207:
>0:-1,-1;173,67;173,67;
#2208:
>0:-1,-1;173,111;173,111;
#2209:
>0:-1,-1;173,112;173,114;152,115;152,116;172,117;
#2210:
>0:-1,-1;173,124;173,124;
#2211:
>0:-1,-1;173,141;173,143;193,144;194,145;195,146;214,147;
#2212:
>0:-1,-1;173,144;152,144;153,145;172,145;191,146;
#2213:
>0:-1,-1;173,145;173,145;
#2214:
>0:-1,-1;173,157;173,158;173,160;172,161;191,162;
#2215:
>0:-1,-1;173,169;192,169;
#2216:
>0:-1,-1;173,184;154,185;175,185;155,186;154,187;153,187;154,187;153,187;154,187;153,187;154,187;153,187;154,187;153,187;154,187;153,187;154,187;153,187;154,187;153,187;154,187;153,187;154,187;153,187;154,187;153,187;154,187;153,187;154,187;153,187;154,187;153,187;154,187;153,187;154,187;153,187;154,187;153,187;154,187;153,187;154,187;153,187;154,187;153,187;154,187;153,187;154,187;153,187;154,187;153,187;154,187;153,187;154,187;153,187;154,187;153,187;154,187;153,187;154,187;153,187;154,187;153,187;154,187;153,187;154,187;153,187;154,187;153,187;154,187;153,187;154,187;153,187;154,187;153,187;154,187;153,187;154,187;153,187;154,187;153,187;154,187;153,187;154,187;153,187;154,187;153,187;154,187;153,187;154,187;153,187;154,187;153,187;154,187;153,187;154,187;153,187;154,187;153,187;154,187;153,187;154,187;153,187;154,187;153,187;154,187;153,187;154,187;153,187;154,187;153,187;154,187;153,187;154,187;153,187;154,187;153,187;154,187;153,187;154,187;153,187;154,187;153,187;154,187;153,187;
#2217:
>0:-1,-1;174,4;173,4;154,4;173,4;154,4;173,4;154,4;173,4;154,4;173,4;154,4;173,4;154,4;173,4;154,4;173,4;154,4;173,4;154,4;173,4;154,4;173,4;154,4;173,4;154,4;173,4;154,4;173,4;154,4;173,4;154,4;173,4;154,4;173,4;154,4;173,4;154,4;173,4;154,4;173,4;154,4;173,4;154,4;173,4;154,4;173,4;154,4;173,4;154,4;173,4;154,4;173,4;154,4;173,4;154,4;173,4;154,4;173,4;154,4;173,4;154,4;173,4;154,4;173,4;154,4;173,4;154,4;173,4;154,4;173,4;154,4;173,4;154,4;173,4;154,4;173,4;154,4;173,4;154,4;173,4;154,4;173,4;154,4;173,4;154,4;173,4;154,4;173,4;154,4;173,4;154,4;173,4;154,4;173,4;154,4;173,4;154,4;173,4;154,4;173,4;154,4;173,4;154,4;173,4;154,4;173,4;154,4;173,4;154,4;173,4;154,4;173,4;154,4;173,4;154,4;173,4;154,4;173,4;154,4;173,4;154,4;173,4;154,4;173,4;
#2218:
>0:-1,-1;174,24;174,26;175,27;
#2219:
>0:-1,-1;174,26;175,27;
#2220:
>0:-1,-1;174,26;174,26;
#2221:
>0:-1,-1;174,118;153,119;172,120;192,120;191,120;171,120;150,120;150,122;151,123;171,123;
#2222:
>0:-1,-1;174,138;194,138;174,138;194,138;174,138;194,138;174,138;194,138;174,138;194,138;174,138;194,138;174,138;194,138;174,138;194,138;174,138;194,138;174,138;194,138;174,138;194,138;174,138;194,138;174,138;194,138;174,138;194,138;174,138;194,138;174,138;194,138;174,138;194,138;174,138;194,138;174,138;194,138;174,138;194,138;174,138;194,138;174,138;194,138;174,138;194,138;174,138;194,138;174,138;194,138;174,138;194,138;174,138;194,138;174,138;194,138;174,138;194,138;174,138;194,138;174,138;194,138;174,138;194,138;174,138;194,138;174,138;194,138;174,138;194,138;174,138;194,138;174,138;194,138;174,138;194,138;174,138;194,138;174,138;194,138;174,138;194,138;174,138;194,138;174,138;194,138;174,138;194,138;174,138;194,138;174,138;194,138;174,138;194,138;174,138;194,138;174,138;194,138;174,138;194,138;174,138;194,138;174,138;194,138;174,138;194,138;174,138;194,138;174,138;194,138;174,138;194,138;174,138;194,138;174,138;194,138;174,138;194,138;174,138;194,138;174,138;194,138;174,138;194,138;
#2223:
>0:-1,-1;174,146;173,147;
#2224:
>0:-1,-1;174,149;174,149;
#2225:
>0:-1,-1;174,179;193,180;
#2226:
>0:-1,-1;174,179;174,179;
#2227:
>0:-1,-1;174,179;174,179;
#2228:
>0:-1,-1;174,205;154,205;134,206;113,206;92,206;93,206;73,206;73,207;92,208;
#2229:
>0:-1,-1;174,205;154,205;175,205;156,205;177,205;156,205;177,205;156,205;177,205;156,205;177,205;156,205;177,205;156,205;177,205;156,205;177,205;156,205;177,205;156,205;177,205;156,205;177,205;156,205;177,205;156,205;177,205;156,205;177,205;156,205;177,205;156,205;177,205;156,205;177,205;156,205;177,205;156,205;177,205;156,205;177,205;156,205;177,205;156,205;177,205;156,205;177,205;156,205;177,205;156,205;177,205;156,205;177,205;156,205;177,205;156,205;177,205;156,205;177,205;156,205;177,205;156,205;177,205;156,205;177,205;156,205;177,205;156,205;177,205;156,205;177,205;156,205;177,205;156,205;177,205;156,205;177,205;156,205;177,205;156,205;177,205;156,205;177,205;156,205;177,205;156,205;177,205;156,205;177,205;156,205;177,205;156,205;177,205;156,205;177,205;156,205;177,205;156,205;177,205;156,205;177,205;156,205;177,205;156,205;177,205;156,205;177,205;156,205;177,205;156,205;177,205;156,205;177,205;156,205;177,205;156,205;177,205;156,205;177,205;156,205;177,205;156,205;177,205;156,205;
#2230:
>0:-1,-1;174,221;155,221;156,222;
#2231:
>0:-1,-1;174,221;155,221;
#2232:
>0:-1,-1;174,222;174,223;
#2233:
>0:-1,-1;174,234;174,236;155,237;175,238;195,239;196,239;215,239;236,239;216,239;237,239;
#2234:
>0:-1,-1;175,1;175,1;
#2235:
>0:-1,-1;175,14;196,14;196,16;216,16;195,17;
#2236:
>0:-1,-1;175,45;155,45;155,47;156,47;156,49;135,49;135,50;156,50;177,51;178,51;159,51;179,52;199,53;
#2237:
>0:-1,-1;175,45;156,45;137,46;156,47;156,49;135,49;135,50;156,50;177,51;178,51;159,51;179,52;199,53;
#2238:
>0:-1,-1;175,104;195,105;215,106;195,106;174,107;193,108;193,109;194,109;213,109;193,109;194,109;213,109;193,109;194,109;213,109;193,109;194,109;213,109;193,109;194,109;213,109;193,109;194,109;213,109;193,109;194,109;213,109;193,109;194,109;213,109;193,109;194,109;213,109;193,109;194,109;213,109;193,109;194,109;213,109;193,109;194,109;213,109;193,109;194,109;213,109;193,109;194,109;213,109;193,109;194,109;213,109;193,109;194,109;213,109;193,109;194,109;213,109;193,109;194,109;213,109;193,109;194,109;213,109;193,109;194,109;213,109;193,109;194,109;213,109;193,109;194,109;213,109;193,109;194,109;213,109;193,109;194,109;213,109;193,109;194,109;213,109;193,109;194,109;213,109;193,109;194,109;213,109;193,109;194,109;213,109;193,109;194,109;213,109;193,109;194,109;213,109;193,109;194,109;213,109;193,109;194,109;213,109;193,109;194,109;213,109;193,109;194,109;213,109;193,109;194,109;213,109;193,109;194,109;213,109;193,109;194,109;213,109;193,109;194,109;213,109;193,109;194,109;213,109;193,109;
#2239:
>0:-1,-1;175,116;176,116;
#2240:
>0:-1,-1;175,147;154,147;
#2241:
>0:-1,-1;175,154;175,154;
#2242:
>0:-1,-1;175,159;196,160;
#2243:
>0:-1,-1;175,169;176,170;197,170;198,171;198,172;197,173;218,173;198,174;
#2244:
>0:-1,-1;176,10;155,11;
#2245:
>0:-1,-1;176,22;176,23;156,23;175,24;196,24;217,24;216,24;236,24;236,26;
#2246:
>0:-1,-1;176,53;195,53;195,55;196,55;177,56;158,57;
#2247:
>0:-1,-1;176,74;197,75;218,76;219,76;199,76;178,77;157,78;178,79;158,80;158,81;139,82;139,84;138,84;
#2248:
>0:-1,-1;176,79;176,79;
#2249:
>0:-1,-1;176,130;176,132;195,132;216,133;215,134;234,134;
#2250:
>0:-1,-1;176,157;176,159;197,159;176,160;195,161;194,162;173,162;154,163;
#2251:
>0:-1,-1;176,160;195,161;194,162;173,162;154,163;
#2252:
>0:-1,-1;176,184;195,185;196,186;176,186;177,186;197,186;196,186;176,186;177,186;197,186;196,186;176,186;177,186;197,186;196,186;176,186;177,186;197,186;196,186;176,186;177,186;197,186;196,186;176,186;177,186;197,186;196,186;176,186;177,186;197,186;196,186;176,186;177,186;197,186;196,186;176,186;177,186;197,186;196,186;176,186;177,186;197,186;196,186;176,186;177,186;197,186;196,186;176,186;177,186;197,186;196,186;176,186;177,186;197,186;196,186;176,186;177,186;197,186;196,186;176,186;177,186;197,186;196,186;176,186;177,186;197,186;196,186;176,186;177,186;197,186;196,186;176,186;177,186;197,186;196,186;176,186;177,186;197,186;196,186;176,186;177,186;197,186;196,186;176,186;177,186;197,186;196,186;176,186;177,186;197,186;196,186;176,186;177,186;197,186;196,186;176,186;177,186;197,186;196,186;176,186;177,186;197,186;196,186;176,186;177,186;197,186;196,186;176,186;177,186;197,186;196,186;176,186;177,186;197,186;196,186;176,186;177,186;197,186;196,186;176,186;177,186;197,186;196,186;176,186;
#2253:
>0:-1,-1;176,191;175,192;195,193;174,194;
#2254:
>0:-1,-1;176,197;176,199;155,200;134,201;133,202;
#2255:
>0:-1,-1;176,211;156,211;155,211;156,211;155,211;156,211;155,211;156,211;155,211;156,211;155,211;156,211;155,211;156,211;155,211;156,211;155,211;156,211;155,211;156,211;155,211;156,211;155,211;156,211;155,211;156,211;155,211;156,211;155,211;156,211;155,211;156,211;155,211;156,211;155,211;156,211;155,211;156,211;155,211;156,211;155,211;156,211;155,211;156,211;155,211;156,211;155,211;156,211;155,211;156,211;155,211;156,211;155,211;156,211;155,211;156,211;155,211;156,211;155,211;156,211;155,211;156,211;155,211;156,211;155,211;156,211;155,211;156,211;155,211;156,211;155,211;156,211;155,211;156,211;155,211;156,211;155,211;156,211;155,211;156,211;155,211;156,211;155,211;156,211;155,211;156,211;155,211;156,211;155,211;156,211;155,211;156,211;155,211;156,211;155,211;156,211;155,211;156,211;155,211;156,211;155,211;156,211;155,211;156,211;155,211;156,211;155,211;156,211;155,211;156,211;155,211;156,211;155,211;156,211;155,211;156,211;155,211;156,211;155,211;156,211;155,211;156,211;155,211;156,211;
#2256:
>0:-1,-1;176,222;156,223;177,224;198,224;217,225;
#2257:
>0:-1,-1;177,14;177,16;177,17;176,17;195,17;
#2258:
>0:-1,-1;177,20;198,21;179,22;178,22;157,22;176,22;176,23;156,23;175,24;196,24;217,24;216,24;236,24;236,26;
#2259:
>0:-1,-1;177,40;177,40;
#2260:
>0:-1,-1;177,64;157,65;136,65;157,65;136,65;157,65;136,65;157,65;136,65;157,65;136,65;157,65;136,65;157,65;136,65;157,65;136,65;157,65;136,65;157,65;136,65;157,65;136,65;157,65;136,65;157,65;136,65;157,65;136,65;157,65;136,65;157,65;136,65;157,65;136,65;157,65;136,65;157,65;136,65;157,65;136,65;157,65;136,65;157,65;136,65;157,65;136,65;157,65;136,65;157,65;136,65;157,65;136,65;157,65;136,65;157,65;136,65;157,65;136,65;157,65;136,65;157,65;136,65;157,65;136,65;157,65;136,65;157,65;136,65;157,65;136,65;157,65;136,65;157,65;136,65;157,65;136,65;157,65;136,65;157,65;136,65;157,65;136,65;157,65;136,65;157,65;136,65;157,65;136,65;157,65;136,65;157,65;136,65;157,65;136,65;157,65;136,65;157,65;136,65;157,65;136,65;157,65;136,65;157,65;136,65;157,65;136,65;157,65;136,65;157,65;136,65;157,65;136,65;157,65;136,65;157,65;136,65;157,65;136,65;157,65;136,65;157,65;136,65;157,65;
#2261:
>0:-1,-1;177,64;196,65;
#2262:
>0:-1,-1;177,112;177,112;
#2263:
>0:-1,-1;177,167;176,168;195,169;215,170;216,170;196,171;
#2264:
>0:-1,-1;177,169;156,169;
#2265:
>0:-1,-1;177,174;177,174;
#2266:
>0:-1,-1;177,197;198,198;179,199;199,200;
#2267:
>0:-1,-1;177,205;156,205;177,205;156,205;177,205;156,205;177,205;156,205;177,205;156,205;177,205;156,205;177,205;156,205;177,205;156,205;177,205;156,205;177,205;156,205;177,205;156,205;177,205;156,205;177,205;156,205;177,205;156,205;177,205;156,205;177,205;156,205;177,205;156,205;177,205;156,205;177,205;156,205;177,205;156,205;177,205;156,205;177,205;156,205;177,205;156,205;177,205;156,205;177,205;156,205;177,205;156,205;177,205;156,205;177,205;156,205;177,205;156,205;177,205;156,205;177,205;156,205;177,205;156,205;177,205;156,205;177,205;156,205;177,205;156,205;177,205;156,205;177,205;156,205;177,205;156,205;177,205;156,205;177,205;156,205;177,205;156,205;177,205;156,205;177,205;156,205;177,205;156,205;177,205;156,205;177,205;156,205;177,205;156,205;177,205;156,205;177,205;156,205;177,205;156,205;177,205;156,205;177,205;156,205;177,205;156,205;177,205;156,205;177,205;156,205;177,205;156,205;177,205;156,205;177,205;156,205;177,205;156,205;177,205;156,205;177,205;156,205;177,205;156,205;
#2268:
>0:-1,-1;177,215;158,215;178,215;197,215;
#2269:
>0:-1,-1;177,221;177,221;
#2270:
>0:-1,-1;177,229;156,229;176,230;196,230;
#2271:
>0:-1,-1;178,10;159,10;158,11;179,12;179,13;199,13;198,14;198,15;198,16;219,17;
#2272:
>0:-1,-1;178,10;178,11;157,12;
#2273:
>0:-1,-1;178,90;178,91;199,91;178,91;199,91;178,91;199,91;178,91;199,91;178,91;199,91;178,91;199,91;178,91;199,91;178,91;199,91;178,91;199,91;178,91;199,91;178,91;199,91;178,91;199,91;178,91;199,91;178,91;199,91;178,91;199,91;178,91;199,91;178,91;199,91;178,91;199,91;178,91;199,91;178,91;199,91;178,91;199,91;178,91;199,91;178,91;199,91;178,91;199,91;178,91;199,91;178,91;199,91;178,91;199,91;178,91;199,91;178,91;199,91;178,91;199,91;178,91;199,91;178,91;199,91;178,91;199,91;178,91;199,91;178,91;199,91;178,91;199,91;178,91;199,91;178,91;199,91;178,91;199,91;178,91;199,91;178,91;199,91;178,91;199,91;178,91;199,91;178,91;199,91;178,91;199,91;178,91;199,91;178,91;199,91;178,91;199,91;178,91;199,91;178,91;199,91;178,91;199,91;178,91;199,91;178,91;199,91;178,91;199,91;178,91;199,91;178,91;199,91;178,91;199,91;178,91;199,91;178,91;199,91;178,91;199,91;178,91;199,91;178,91;
#2274:
>0:-1,-1;178,90;199,91;178,91;199,91;178,91;199,91;178,91;199,91;178,91;199,91;178,91;199,91;178,91;199,91;178,91;199,91;178,91;199,91;178,91;199,91;178,91;199,91;178,91;199,91;178,91;199,91;178,91;199,91;178,91;199,91;178,91;199,91;178,91;199,91;178,91;199,91;178,91;199,91;178,91;199,91;178,91;199,91;178,91;199,91;178,91;199,91;178,91;199,91;178,91;199,91;178,91;199,91;178,91;199,91;178,91;199,91;178,91;199,91;178,91;199,91;178,91;199,91;178,91;199,91;178,91;199,91;178,91;199,91;178,91;199,91;178,91;199,91;178,91;199,91;178,91;199,91;178,91;199,91;178,91;199,91;178,91;199,91;178,91;199,91;178,91;199,91;178,91;199,91;178,91;199,91;178,91;199,91;178,91;199,91;178,91;199,91;178,91;199,91;178,91;199,91;178,91;199,91;178,91;199,91;178,91;199,91;178,91;199,91;178,91;199,91;178,91;199,91;178,91;199,91;178,91;199,91;178,91;199,91;178,91;199,91;178,91;199,91;178,91;199,91;
#2275:
>0:-1,-1;178,90;178,90;
#2276:
>0:-1,-1;178,116;199,116;199,117;218,118;237,119;258,120;
#2277:
>0:-1,-1;178,116;199,117;218,118;237,119;258,120;
#2278:
>0:-1,-1;178,138;179,139;199,140;199,141;
#2279:
>0:-1,-1;178,143;197,144;218,144;217,144;198,145;219,145;198,146;179,147;198,147;217,147;197,147;197,149;198,150;179,151;158,152;178,152;177,152;
#2280:
>0:-1,-1;178,147;178,147;
#2281:
>0:-1,-1;178,169;179,170;158,170;159,170;159,172;178,172;
#2282:
>0:-1,-1;179,9;158,10;137,11;
#2283:
>0:-1,-1;179,9;159,10;158,11;179,12;179,13;199,13;198,14;198,15;198,16;219,17;
#2284:
>0:-1,-1;179,25;178,25;
#2285:
>0:-1,-1;179,30;179,30;
#2286:
>0:-1,-1;179,42;159,42;178,42;
#2287:
>0:-1,-1;179,50;198,50;218,51;197,52;
#2288:
>0:-1,-1;179,60;179,60;
#2289:
>0:-1,-1;179,74;179,74;
#2290:
>0:-1,-1;179,89;178,90;199,91;178,91;199,91;178,91;199,91;178,91;199,91;178,91;199,91;178,91;199,91;178,91;199,91;178,91;199,91;178,91;199,91;178,91;199,91;178,91;199,91;178,91;199,91;178,91;199,91;178,91;199,91;178,91;199,91;178,91;199,91;178,91;199,91;178,91;199,91;178,91;199,91;178,91;199,91;178,91;199,91;178,91;199,91;178,91;199,91;178,91;199,91;178,91;199,91;178,91;199,91;178,91;199,91;178,91;199,91;178,91;199,91;178,91;199,91;178,91;199,91;178,91;199,91;178,91;199,91;178,91;199,91;178,91;199,91;178,91;199,91;178,91;199,91;178,91;199,91;178,91;199,91;178,91;199,91;178,91;199,91;178,91;199,91;178,91;199,91;178,91;199,91;178,91;199,91;178,91;199,91;178,91;199,91;178,91;199,91;178,91;199,91;178,91;199,91;178,91;199,91;178,91;199,91;178,91;199,91;178,91;199,91;178,91;199,91;178,91;199,91;178,91;199,91;178,91;199,91;178,91;199,91;178,91;199,91;178,91;199,91;178,91;
#2291:
>0:-1,-1;179,114;159,115;178,116;199,117;218,118;237,119;258,120;
#2292:
>0:-1,-1;179,117;198,117;
#2293:
>0:-1,-1;179,180;179,180;
#2294:
>0:-1,-1;180,3;161,3;142,3;121,3;122,3;101,4;82,4;82,5;62,5;83,6;62,7;81,8;101,8;121,8;
#2295:
>0:-1,-1;180,20;181,21;
#2296:
>0:-1,-1;180,26;200,26;
#2297:
>0:-1,-1;180,26;180,26;
#2298:
>0:-1,-1;180,31;181,31;180,32;200,32;
#2299:
>0:-1,-1;180,36;201,37;201,38;200,39;200,41;200,43;200,44;221,44;200,44;221,44;200,44;221,44;200,44;221,44;200,44;221,44;200,44;221,44;200,44;221,44;200,44;221,44;200,44;221,44;200,44;221,44;200,44;221,44;200,44;221,44;200,44;221,44;200,44;221,44;200,44;221,44;200,44;221,44;200,44;221,44;200,44;221,44;200,44;221,44;200,44;221,44;200,44;221,44;200,44;221,44;200,44;221,44;200,44;221,44;200,44;221,44;200,44;221,44;200,44;221,44;200,44;221,44;200,44;221,44;200,44;221,44;200,44;221,44;200,44;221,44;200,44;221,44;200,44;221,44;200,44;221,44;200,44;221,44;200,44;221,44;200,44;221,44;200,44;221,44;200,44;221,44;200,44;221,44;200,44;221,44;200,44;221,44;200,44;221,44;200,44;221,44;200,44;221,44;200,44;221,44;200,44;221,44;200,44;221,44;200,44;221,44;200,44;221,44;200,44;221,44;200,44;221,44;200,44;221,44;200,44;221,44;200,44;221,44;200,44;221,44;200,44;221,44;200,44;221,44;
#2300:
>0:-1,-1;180,38;200,39;200,41;200,43;200,44;221,44;200,44;221,44;200,44;221,44;200,44;221,44;200,44;221,44;200,44;221,44;200,44;221,44;200,44;221,44;200,44;221,44;200,44;221,44;200,44;221,44;200,44;221,44;200,44;221,44;200,44;221,44;200,44;221,44;200,44;221,44;200,44;221,44;200,44;221,44;200,44;221,44;200,44;221,44;200,44;221,44;200,44;221,44;200,44;221,44;200,44;221,44;200,44;221,44;200,44;221,44;200,44;221,44;200,44;221,44;200,44;221,44;200,44;221,44;200,44;221,44;200,44;221,44;200,44;221,44;200,44;221,44;200,44;221,44;200,44;221,44;200,44;221,44;200,44;221,44;200,44;221,44;200,44;221,44;200,44;221,44;200,44;221,44;200,44;221,44;200,44;221,44;200,44;221,44;200,44;221,44;200,44;221,44;200,44;221,44;200,44;221,44;200,44;221,44;200,44;221,44;200,44;221,44;200,44;221,44;200,44;221,44;200,44;221,44;200,44;221,44;200,44;221,44;200,44;221,44;200,44;221,44;200,44;221,44;
#2301:
>0:-1,-1;180,53;180,53;
#2302:
>0:-1,-1;180,94;161,95;181,95;181,96;160,97;160,98;160,99;
#2303:
>0:-1,-1;180,99;180,99;
#2304:
>0:-1,-1;180,102;161,102;182,103;163,103;182,103;163,103;182,103;163,103;182,103;163,103;182,103;163,103;182,103;163,103;182,103;163,103;182,103;163,103;182,103;163,103;182,103;163,103;182,103;163,103;182,103;163,103;182,103;163,103;182,103;163,103;182,103;163,103;182,103;163,103;182,103;163,103;182,103;163,103;182,103;163,103;182,103;163,103;182,103;163,103;182,103;163,103;182,103;163,103;182,103;163,103;182,103;163,103;182,103;163,103;182,103;163,103;182,103;163,103;182,103;163,103;182,103;163,103;182,103;163,103;182,103;163,103;182,103;163,103;182,103;163,103;182,103;163,103;182,103;163,103;182,103;163,103;182,103;163,103;182,103;163,103;182,103;163,103;182,103;163,103;182,103;163,103;182,103;163,103;182,103;163,103;182,103;163,103;182,103;163,103;182,103;163,103;182,103;163,103;182,103;163,103;182,103;163,103;182,103;163,103;182,103;163,103;182,103;163,103;182,103;163,103;182,103;163,103;182,103;163,103;182,103;163,103;182,103;163,103;182,103;163,103;182,103;163,103;182,103;163,103;
#2305:
>0:-1,-1;180,121;180,122;
#2306:
>0:-1,-1;180,147;201,148;202,149;183,150;184,150;204,150;223,150;243,150;224,151;224,152;204,153;184,153;204,154;203,154;224,154;224,156;224,158;203,158;224,158;203,158;224,158;203,158;224,158;203,158;224,158;203,158;224,158;203,158;224,158;203,158;224,158;203,158;224,158;203,158;224,158;203,158;224,158;203,158;224,158;203,158;224,158;203,158;224,158;203,158;224,158;203,158;224,158;203,158;224,158;203,158;224,158;203,158;224,158;203,158;224,158;203,158;224,158;203,158;224,158;203,158;224,158;203,158;224,158;203,158;224,158;203,158;224,158;203,158;224,158;203,158;224,158;203,158;224,158;203,158;224,158;203,158;224,158;203,158;224,158;203,158;224,158;203,158;224,158;203,158;224,158;203,158;224,158;203,158;224,158;203,158;224,158;203,158;224,158;203,158;224,158;203,158;224,158;203,158;224,158;203,158;224,158;203,158;224,158;203,158;224,158;203,158;224,158;203,158;224,158;203,158;224,158;203,158;224,158;203,158;224,158;203,158;224,158;203,158;224,158;203,158;224,158;203,158;224,158;203,158;
#2307:
>0:-1,-1;180,147;180,147;
#2308:
>0:-1,-1;180,162;180,162;
#2309:
>0:-1,-1;180,174;160,174;160,176;181,177;201,178;202,178;
#2310:
>0:-1,-1;180,183;180,183;
#2311:
>0:-1,-1;180,201;180,201;
#2312:
>0:-1,-1;180,203;160,203;160,205;161,206;182,207;161,208;
#2313:
>0:-1,-1;180,203;201,203;
#2314:
>0:-1,-1;180,217;180,217;
#2315:
>0:-1,-1;181,29;181,29;
#2316:
>0:-1,-1;181,63;181,63;
#2317:
>0:-1,-1;181,78;180,79;181,80;202,81;182,82;183,83;
#2318:
>0:-1,-1;181,112;181,112;
#2319:
>0:-1,-1;181,118;162,119;
#2320:
>0:-1,-1;181,121;200,121;221,121;241,121;
#2321:
>0:-1,-1;181,130;201,131;181,132;162,133;
#2322:
>0:-1,-1;181,135;162,136;
#2323:
>0:-1,-1;181,168;181,168;
#2324:
>0:-1,-1;181,200;162,200;183,201;162,202;182,202;181,203;160,203;160,205;161,206;182,207;161,208;
#2325:
>0:-1,-1;181,216;202,217;203,217;182,218;
#2326:
>0:-1,-1;182,17;181,17;
#2327:
>0:-1,-1;182,41;182,41;
#2328:
>0:-1,-1;182,43;182,43;
#2329:
>0:-1,-1;182,94;202,94;183,95;202,95;203,96;
#2330:
>0:-1,-1;182,120;161,121;161,122;140,122;
#2331:
>0:-1,-1;182,143;202,143;222,144;242,144;263,145;242,146;241,147;262,148;281,149;
#2332:
>0:-1,-1;182,158;161,158;181,159;160,160;141,161;121,162;141,162;
#2333:
>0:-1,-1;182,238;202,239;182,239;
#2334:
>0:-1,-1;183,14;203,14;224,14;224,15;224,16;
#2335:
>0:-1,-1;183,28;203,29;202,29;222,30;
#2336:
>0:-1,-1;183,36;183,36;
#2337:
>0:-1,-1;183,52;183,52;
#2338:
>0:-1,-1;183,82;164,82;165,82;
#2339:
>0:-1,-1;183,89;183,89;
#2340:
>0:-1,-1;183,125;182,125;183,126;182,126;183,126;182,126;183,126;182,126;183,126;182,126;183,126;182,126;183,126;182,126;183,126;182,126;183,126;182,126;183,126;182,126;183,126;182,126;183,126;182,126;183,126;182,126;183,126;182,126;183,126;182,126;183,126;182,126;183,126;182,126;183,126;182,126;183,126;182,126;183,126;182,126;183,126;182,126;183,126;182,126;183,126;182,126;183,126;182,126;183,126;182,126;183,126;182,126;183,126;182,126;183,126;182,126;183,126;182,126;183,126;182,126;183,126;182,126;183,126;182,126;183,126;182,126;183,126;182,126;183,126;182,126;183,126;182,126;183,126;182,126;183,126;182,126;183,126;182,126;183,126;182,126;183,126;182,126;183,126;182,126;183,126;182,126;183,126;182,126;183,126;182,126;183,126;182,126;183,126;182,126;183,126;182,126;183,126;182,126;183,126;182,126;183,126;182,126;183,126;182,126;183,126;182,126;183,126;182,126;183,126;182,126;183,126;182,126;183,126;182,126;183,126;182,126;183,126;182,126;183,126;182,126;183,126;182,126;183,126;182,126;
#2341:
>0:-1,-1;183,163;203,163;183,163;203,163;183,163;203,163;183,163;203,163;183,163;203,163;183,163;203,163;183,163;203,163;183,163;203,163;183,163;203,163;183,163;203,163;183,163;203,163;183,163;203,163;183,163;203,163;183,163;203,163;183,163;203,163;183,163;203,163;183,163;203,163;183,163;203,163;183,163;203,163;183,163;203,163;183,163;203,163;183,163;203,163;183,163;203,163;183,163;203,163;183,163;203,163;183,163;203,163;183,163;203,163;183,163;203,163;183,163;203,163;183,163;203,163;183,163;203,163;183,163;203,163;183,163;203,163;183,163;203,163;183,163;203,163;183,163;203,163;183,163;203,163;183,163;203,163;183,163;203,163;183,163;203,163;183,163;203,163;183,163;203,163;183,163;203,163;183,163;203,163;183,163;203,163;183,163;203,163;183,163;203,163;183,163;203,163;183,163;203,163;183,163;203,163;183,163;203,163;183,163;203,163;183,163;203,163;183,163;203,163;183,163;203,163;183,163;203,163;183,163;203,163;183,163;203,163;183,163;203,163;183,163;203,163;183,163;203,163;183,163;203,163;
#2342:
>0:-1,-1;183,195;183,195;
#2343:
>0:-1,-1;183,204;183,205;
#2344:
>0:-1,-1;183,206;163,206;162,207;182,208;
#2345:
>0:-1,-1;183,227;183,227;
#2346:
>0:-1,-1;183,229;202,230;183,230;
#2347:
>0:-1,-1;183,229;183,229;
#2348:
>0:-1,-1;184,17;203,17;
#2349:
>0:-1,-1;184,35;184,35;
#2350:
>0:-1,-1;184,84;204,84;184,85;163,85;144,86;145,87;124,88;143,88;144,88;
#2351:
>0:-1,-1;184,119;165,119;144,120;
#2352:
>0:-1,-1;184,139;184,139;
#2353:
>0:-1,-1;184,154;204,155;
#2354:
>0:-1,-1;184,170;164,170;
#2355:
>0:-1,-1;184,172;184,172;
#2356:
>0:-1,-1;184,182;163,183;142,183;122,183;122,185;101,186;100,186;120,186;140,186;161,186;162,186;183,186;203,187;
#2357:
>0:-1,-1;184,190;184,192;
#2358:
>0:-1,-1;184,190;204,191;224,192;244,193;243,194;
#2359:
>0:-1,-1;184,222;184,222;
#2360:
>0:-1,-1;185,18;165,18;186,19;166,20;146,21;
#2361:
>0:-1,-1;185,25;164,26;
#2362:
>0:-1,-1;185,25;206,26;207,26;186,26;205,27;184,27;184,29;184,30;
#2363:
>0:-1,-1;185,30;165,30;
#2364:
>0:-1,-1;185,30;166,31;186,31;207,32;206,33;
#2365:
>0:-1,-1;185,43;186,44;167,45;167,47;168,47;189,47;170,47;170,48;149,49;169,49;170,50;150,50;
#2366:
>0:-1,-1;185,54;184,54;163,55;
#2367:
>0:-1,-1;185,56;185,56;
#2368:
>0:-1,-1;185,117;185,117;
#2369:
>0:-1,-1;185,141;185,141;
#2370:
>0:-1,-1;185,187;186,187;
#2371:
>0:-1,-1;185,195;185,195;
#2372:
>0:-1,-1;185,232;205,232;186,232;
#2373:
>0:-1,-1;186,15;186,15;
#2374:
>0:-1,-1;186,22;186,22;
#2375:
>0:-1,-1;186,66;186,66;
#2376:
>0:-1,-1;186,90;186,90;
#2377:
>0:-1,-1;186,162;207,163;206,163;207,164;187,164;
#2378:
>0:-1,-1;186,162;186,162;
#2379:
>0:-1,-1;186,192;186,192;
#2380:
>0:-1,-1;187,36;206,36;
#2381:
>0:-1,-1;187,61;207,62;207,64;187,65;167,66;168,67;
#2382:
>0:-1,-1;187,75;208,76;227,77;226,78;227,78;
#2383:
>0:-1,-1;187,108;187,110;
#2384:
>0:-1,-1;187,191;187,193;186,194;
#2385:
>0:-1,-1;187,202;167,202;167,204;166,205;165,206;
#2386:
>0:-1,-1;187,226;188,226;
#2387:
>0:-1,-1;188,23;207,23;206,24;
#2388:
>0:-1,-1;188,38;188,38;
#2389:
>0:-1,-1;188,132;208,132;207,133;
#2390:
>0:-1,-1;188,138;188,138;
#2391:
>0:-1,-1;188,149;188,150;187,150;
#2392:
>0:-1,-1;188,171;208,172;
#2393:
>0:-1,-1;188,190;207,190;
#2394:
>0:-1,-1;188,218;187,219;
#2395:
>0:-1,-1;189,1;189,3;
#2396:
>0:-1,-1;189,16;208,16;188,16;
#2397:
>0:-1,-1;189,27;209,27;188,28;
#2398:
>0:-1,-1;189,34;209,35;190,36;210,36;210,37;210,38;209,38;209,40;208,41;209,42;229,42;210,43;211,43;
#2399:
>0:-1,-1;189,63;210,63;230,63;
#2400:
>0:-1,-1;189,124;210,124;211,124;
#2401:
>0:-1,-1;189,134;190,135;171,135;172,135;172,137;
#2402:
>0:-1,-1;189,171;209,172;190,172;170,172;149,172;129,173;109,173;89,174;108,175;127,175;126,175;125,176;104,176;84,176;104,177;124,177;
#2403:
>0:-1,-1;189,209;189,209;
#2404:
>0:-1,-1;189,224;190,225;190,227;191,227;172,227;192,228;
#2405:
>0:-1,-1;190,21;209,22;210,23;191,24;212,25;232,25;232,26;
#2406:
>0:-1,-1;190,94;170,95;151,96;
#2407:
>0:-1,-1;190,95;189,95;
#2408:
>0:-1,-1;190,107;169,107;168,108;169,109;188,109;
#2409:
>0:-1,-1;190,107;211,108;230,109;231,109;210,110;211,110;191,111;171,112;
#2410:
>0:-1,-1;190,115;171,116;151,116;150,116;150,117;151,118;130,118;109,118;129,119;128,120;127,121;146,121;166,121;
#2411:
>0:-1,-1;190,131;209,132;
#2412:
>0:-1,-1;190,174;190,174;
#2413:
>0:-1,-1;190,210;210,210;229,210;
#2414:
>0:-1,-1;190,219;189,220;209,221;208,221;187,222;
#2415:
>0:-1,-1;190,226;169,227;
#2416:
>0:-1,-1;191,5;190,6;211,6;190,7;209,7;189,7;
#2417:
>0:-1,-1;191,6;192,7;212,7;231,7;231,8;
#2418:
>0:-1,-1;191,22;171,23;
#2419:
>0:-1,-1;191,27;211,28;211,30;231,31;
#2420:
>0:-1,-1;191,49;190,50;
#2421:
>0:-1,-1;191,54;211,55;192,55;192,56;
#2422:
>0:-1,-1;191,65;191,67;
#2423:
>0:-1,-1;191,69;191,69;
#2424:
>0:-1,-1;191,73;211,74;212,74;213,74;
#2425:
>0:-1,-1;191,82;170,82;
#2426:
>0:-1,-1;191,83;172,83;
#2427:
>0:-1,-1;191,86;191,88;171,88;191,88;171,88;191,88;171,88;191,88;171,88;191,88;171,88;191,88;171,88;191,88;171,88;191,88;171,88;191,88;171,88;191,88;171,88;191,88;171,88;191,88;171,88;191,88;171,88;191,88;171,88;191,88;171,88;191,88;171,88;191,88;171,88;191,88;171,88;191,88;171,88;191,88;171,88;191,88;171,88;191,88;171,88;191,88;171,88;191,88;171,88;191,88;171,88;191,88;171,88;191,88;171,88;191,88;171,88;191,88;171,88;191,88;171,88;191,88;171,88;191,88;171,88;191,88;171,88;191,88;171,88;191,88;171,88;191,88;171,88;191,88;171,88;191,88;171,88;191,88;171,88;191,88;171,88;191,88;171,88;191,88;171,88;191,88;171,88;191,88;171,88;191,88;171,88;191,88;171,88;191,88;171,88;191,88;171,88;191,88;171,88;191,88;171,88;191,88;171,88;191,88;171,88;191,88;171,88;191,88;171,88;191,88;171,88;191,88;171,88;191,88;171,88;191,88;171,88;191,88;171,88;191,88;171,88;191,88;171,88;191,88;
#2428:
>0:-1,-1;191,186;171,187;152,188;
#2429:
>0:-1,-1;191,191;212,192;231,192;230,193;230,195;249,196;
#2430:
>0:-1,-1;191,202;172,203;193,204;213,205;234,206;
#2431:
>0:-1,-1;191,202;210,203;210,205;211,205;191,205;
#2432:
>0:-1,-1;191,209;172,209;171,209;170,210;169,210;
#2433:
>0:-1,-1;191,220;191,220;
#2434:
>0:-1,-1;191,228;191,230;190,230;211,231;210,231;230,231;211,231;210,231;230,231;211,231;210,231;230,231;211,231;210,231;230,231;211,231;210,231;230,231;211,231;210,231;230,231;211,231;210,231;230,231;211,231;210,231;230,231;211,231;210,231;230,231;211,231;210,231;230,231;211,231;210,231;230,231;211,231;210,231;230,231;211,231;210,231;230,231;211,231;210,231;230,231;211,231;210,231;230,231;211,231;210,231;230,231;211,231;210,231;230,231;211,231;210,231;230,231;211,231;210,231;230,231;211,231;210,231;230,231;211,231;210,231;230,231;211,231;210,231;230,231;211,231;210,231;230,231;211,231;210,231;230,231;211,231;210,231;230,231;211,231;210,231;230,231;211,231;210,231;230,231;211,231;210,231;230,231;211,231;210,231;230,231;211,231;210,231;230,231;211,231;210,231;230,231;211,231;210,231;230,231;211,231;210,231;230,231;211,231;210,231;230,231;211,231;210,231;230,231;211,231;210,231;230,231;211,231;210,231;230,231;211,231;210,231;230,231;211,231;210,231;230,231;211,231;210,231;230,231;211,231;
#2435:
>0:-1,-1;191,236;190,236;191,237;211,238;
#2436:
>0:-1,-1;192,7;212,7;231,7;231,8;
#2437:
>0:-1,-1;192,19;212,20;
#2438:
>0:-1,-1;192,78;211,79;211,81;
#2439:
>0:-1,-1;192,130;192,132;191,133;210,133;
#2440:
>0:-1,-1;192,132;171,132;152,132;173,133;154,134;134,134;
#2441:
>0:-1,-1;192,132;191,133;210,133;
#2442:
>0:-1,-1;192,137;173,137;193,137;174,138;194,138;174,138;194,138;174,138;194,138;174,138;194,138;174,138;194,138;174,138;194,138;174,138;194,138;174,138;194,138;174,138;194,138;174,138;194,138;174,138;194,138;174,138;194,138;174,138;194,138;174,138;194,138;174,138;194,138;174,138;194,138;174,138;194,138;174,138;194,138;174,138;194,138;174,138;194,138;174,138;194,138;174,138;194,138;174,138;194,138;174,138;194,138;174,138;194,138;174,138;194,138;174,138;194,138;174,138;194,138;174,138;194,138;174,138;194,138;174,138;194,138;174,138;194,138;174,138;194,138;174,138;194,138;174,138;194,138;174,138;194,138;174,138;194,138;174,138;194,138;174,138;194,138;174,138;194,138;174,138;194,138;174,138;194,138;174,138;194,138;174,138;194,138;174,138;194,138;174,138;194,138;174,138;194,138;174,138;194,138;174,138;194,138;174,138;194,138;174,138;194,138;174,138;194,138;174,138;194,138;174,138;194,138;174,138;194,138;174,138;194,138;174,138;194,138;174,138;194,138;174,138;194,138;174,138;194,138;174,138;
#2443:
>0:-1,-1;192,142;193,142;193,144;194,145;195,146;214,147;
#2444:
>0:-1,-1;192,157;213,157;213,158;
#2445:
>0:-1,-1;192,171;211,172;230,173;
#2446:
>0:-1,-1;192,180;192,180;
#2447:
>0:-1,-1;192,182;213,183;192,184;173,184;154,185;175,185;155,186;154,187;153,187;154,187;153,187;154,187;153,187;154,187;153,187;154,187;153,187;154,187;153,187;154,187;153,187;154,187;153,187;154,187;153,187;154,187;153,187;154,187;153,187;154,187;153,187;154,187;153,187;154,187;153,187;154,187;153,187;154,187;153,187;154,187;153,187;154,187;153,187;154,187;153,187;154,187;153,187;154,187;153,187;154,187;153,187;154,187;153,187;154,187;153,187;154,187;153,187;154,187;153,187;154,187;153,187;154,187;153,187;154,187;153,187;154,187;153,187;154,187;153,187;154,187;153,187;154,187;153,187;154,187;153,187;154,187;153,187;154,187;153,187;154,187;153,187;154,187;153,187;154,187;153,187;154,187;153,187;154,187;153,187;154,187;153,187;154,187;153,187;154,187;153,187;154,187;153,187;154,187;153,187;154,187;153,187;154,187;153,187;154,187;153,187;154,187;153,187;154,187;153,187;154,187;153,187;154,187;153,187;154,187;153,187;154,187;153,187;154,187;153,187;154,187;153,187;154,187;153,187;154,187;
#2448:
>0:-1,-1;192,196;172,197;171,198;150,199;
#2449:
>0:-1,-1;192,207;172,207;153,207;133,208;152,208;
#2450:
>0:-1,-1;192,210;171,211;192,212;193,213;193,214;
#2451:
>0:-1,-1;193,0;214,0;
#2452:
>0:-1,-1;193,60;172,60;173,60;
#2453:
>0:-1,-1;193,121;192,122;211,122;231,123;252,123;
#2454:
>0:-1,-1;193,147;213,148;194,148;194,149;213,149;213,150;
#2455:
>0:-1,-1;193,152;214,152;234,152;255,152;275,153;296,154;296,155;277,156;296,156;296,157;297,157;317,158;338,158;318,158;
#2456:
>0:-1,-1;193,154;194,155;173,156;172,157;153,158;154,158;135,158;134,158;135,159;116,160;115,160;116,161;97,161;118,161;98,162;78,162;78,163;
#2457:
>0:-1,-1;193,194;174,194;
#2458:
>0:-1,-1;193,198;193,200;213,201;193,201;172,202;172,203;193,204;213,205;234,206;
#2459:
>0:-1,-1;193,219;172,219;
#2460:
>0:-1,-1;194,39;194,39;
#2461:
>0:-1,-1;194,51;215,52;235,52;236,53;236,55;
#2462:
>0:-1,-1;194,169;213,169;194,169;213,169;194,169;213,169;194,169;213,169;194,169;213,169;194,169;213,169;194,169;213,169;194,169;213,169;194,169;213,169;194,169;213,169;194,169;213,169;194,169;213,169;194,169;213,169;194,169;213,169;194,169;213,169;194,169;213,169;194,169;213,169;194,169;213,169;194,169;213,169;194,169;213,169;194,169;213,169;194,169;213,169;194,169;213,169;194,169;213,169;194,169;213,169;194,169;213,169;194,169;213,169;194,169;213,169;194,169;213,169;194,169;213,169;194,169;213,169;194,169;213,169;194,169;213,169;194,169;213,169;194,169;213,169;194,169;213,169;194,169;213,169;194,169;213,169;194,169;213,169;194,169;213,169;194,169;213,169;194,169;213,169;194,169;213,169;194,169;213,169;194,169;213,169;194,169;213,169;194,169;213,169;194,169;213,169;194,169;213,169;194,169;213,169;194,169;213,169;194,169;213,169;194,169;213,169;194,169;213,169;194,169;213,169;194,169;213,169;194,169;213,169;194,169;213,169;194,169;213,169;194,169;213,169;194,169;213,169;194,169;213,169;
#2463:
>0:-1,-1;194,175;194,175;
#2464:
>0:-1,-1;194,197;175,197;
#2465:
>0:-1,-1;194,225;174,225;173,226;172,227;192,228;
#2466:
>0:-1,-1;194,231;194,233;193,233;172,234;
#2467:
>0:-1,-1;194,233;193,233;172,234;
#2468:
>0:-1,-1;195,17;195,17;
#2469:
>0:-1,-1;195,21;195,21;
#2470:
>0:-1,-1;195,73;195,75;194,76;
#2471:
>0:-1,-1;195,79;214,80;194,81;
#2472:
>0:-1,-1;195,79;195,79;
#2473:
>0:-1,-1;195,127;195,127;
#2474:
>0:-1,-1;195,184;195,186;174,187;
#2475:
>0:-1,-1;195,193;174,194;
#2476:
>0:-1,-1;196,6;196,6;
#2477:
>0:-1,-1;196,86;195,86;216,87;216,89;197,90;178,90;199,91;178,91;199,91;178,91;199,91;178,91;199,91;178,91;199,91;178,91;199,91;178,91;199,91;178,91;199,91;178,91;199,91;178,91;199,91;178,91;199,91;178,91;199,91;178,91;199,91;178,91;199,91;178,91;199,91;178,91;199,91;178,91;199,91;178,91;199,91;178,91;199,91;178,91;199,91;178,91;199,91;178,91;199,91;178,91;199,91;178,91;199,91;178,91;199,91;178,91;199,91;178,91;199,91;178,91;199,91;178,91;199,91;178,91;199,91;178,91;199,91;178,91;199,91;178,91;199,91;178,91;199,91;178,91;199,91;178,91;199,91;178,91;199,91;178,91;199,91;178,91;199,91;178,91;199,91;178,91;199,91;178,91;199,91;178,91;199,91;178,91;199,91;178,91;199,91;178,91;199,91;178,91;199,91;178,91;199,91;178,91;199,91;178,91;199,91;178,91;199,91;178,91;199,91;178,91;199,91;178,91;199,91;178,91;199,91;178,91;199,91;178,91;199,91;178,91;199,91;178,91;199,91;178,91;
#2478:
>0:-1,-1;196,87;196,87;
#2479:
>0:-1,-1;196,104;196,104;
#2480:
>0:-1,-1;196,108;216,109;197,109;197,111;217,111;237,111;238,112;258,113;277,114;258,114;257,115;258,116;278,117;299,118;
#2481:
>0:-1,-1;196,134;176,134;
#2482:
>0:-1,-1;196,152;177,153;
#2483:
>0:-1,-1;196,161;176,162;156,162;175,163;
#2484:
>0:-1,-1;196,162;197,163;177,163;
#2485:
>0:-1,-1;196,199;175,199;176,199;155,200;134,201;133,202;
#2486:
>0:-1,-1;196,215;175,215;194,215;215,215;236,215;255,215;275,215;254,216;
#2487:
>0:-1,-1;196,225;175,226;195,226;215,227;
#2488:
>0:-1,-1;196,234;177,235;
#2489:
>0:-1,-1;197,27;197,27;
#2490:
>0:-1,-1;197,28;217,28;236,28;236,29;
#2491:
>0:-1,-1;197,39;197,40;217,40;
#2492:
>0:-1,-1;197,50;177,51;178,51;159,51;179,52;199,53;
#2493:
>0:-1,-1;197,58;197,58;
#2494:
>0:-1,-1;197,60;197,60;
#2495:
>0:-1,-1;197,143;177,144;
#2496:
>0:-1,-1;197,156;197,157;197,158;
#2497:
>0:-1,-1;197,198;198,198;179,199;199,200;
#2498:
>0:-1,-1;197,210;197,211;218,211;217,212;
#2499:
>0:-1,-1;197,219;218,219;237,219;238,219;237,220;
#2500:
>0:-1,-1;197,227;197,229;
#2501:
>0:-1,-1;198,3;178,4;
#2502:
>0:-1,-1;198,38;198,38;
#2503:
>0:-1,-1;198,59;198,59;
#2504:
>0:-1,-1;198,90;198,90;
#2505:
>0:-1,-1;198,101;219,101;199,101;218,101;
#2506:
>0:-1,-1;198,109;198,109;
#2507:
>0:-1,-1;198,127;217,127;
#2508:
>0:-1,-1;198,128;219,129;
#2509:
>0:-1,-1;198,144;198,146;179,147;198,147;217,147;197,147;197,149;198,150;179,151;158,152;178,152;177,152;
#2510:
>0:-1,-1;198,145;219,145;198,146;179,147;198,147;217,147;197,147;197,149;198,150;179,151;158,152;178,152;177,152;
#2511:
>0:-1,-1;198,164;178,164;179,165;179,167;158,167;157,168;
#2512:
>0:-1,-1;198,178;177,178;
#2513:
>0:-1,-1;198,190;217,190;197,191;178,192;179,192;198,193;179,193;178,194;
#2514:
>0:-1,-1;198,201;217,202;197,202;216,202;
#2515:
>0:-1,-1;199,23;199,23;
#2516:
>0:-1,-1;199,23;199,23;
#2517:
>0:-1,-1;199,34;199,35;179,36;
#2518:
>0:-1,-1;199,45;179,45;198,46;
#2519:
>0:-1,-1;199,75;179,75;158,76;138,77;158,77;158,79;177,80;158,81;139,82;139,84;138,84;
#2520:
>0:-1,-1;199,98;218,99;237,99;236,100;
#2521:
>0:-1,-1;199,125;199,127;178,128;199,128;218,128;237,129;258,129;238,130;217,131;218,131;
#2522:
>0:-1,-1;199,154;199,156;178,156;159,156;179,156;
#2523:
>0:-1,-1;199,168;219,169;199,169;218,169;
#2524:
>0:-1,-1;199,168;219,169;
#2525:
>0:-1,-1;199,173;178,173;
#2526:
>0:-1,-1;199,213;199,215;199,217;199,218;199,220;199,222;218,223;217,223;236,223;236,225;216,225;216,226;217,227;237,228;256,229;237,229;
#2527:
>0:-1,-1;199,213;199,213;
#2528:
>0:-1,-1;199,221;199,221;
#2529:
>0:-1,-1;200,70;200,70;
#2530:
>0:-1,-1;200,91;200,91;
#2531:
>0:-1,-1;200,95;200,95;
#2532:
>0:-1,-1;200,113;180,113;161,114;160,115;
#2533:
>0:-1,-1;200,113;180,113;161,114;182,114;182,116;162,116;
#2534:
>0:-1,-1;200,133;180,134;
#2535:
>0:-1,-1;200,165;201,165;181,165;201,166;181,166;182,167;
#2536:
>0:-1,-1;200,176;200,176;
#2537:
>0:-1,-1;200,179;180,180;180,181;
#2538:
>0:-1,-1;201,19;201,19;
#2539:
>0:-1,-1;201,78;201,78;
#2540:
>0:-1,-1;201,104;201,104;
#2541:
>0:-1,-1;201,116;201,116;
#2542:
>0:-1,-1;201,136;201,136;
#2543:
>0:-1,-1;201,229;201,229;
#2544:
>0:-1,-1;202,6;203,7;
#2545:
>0:-1,-1;202,32;202,32;
#2546:
>0:-1,-1;202,71;223,72;242,73;
#2547:
>0:-1,-1;202,79;202,79;
#2548:
>0:-1,-1;202,91;223,92;
#2549:
>0:-1,-1;202,115;202,117;201,118;201,119;222,120;242,121;261,122;281,123;
#2550:
>0:-1,-1;202,121;181,121;200,121;221,121;241,121;
#2551:
>0:-1,-1;202,171;202,171;
#2552:
>0:-1,-1;202,179;202,179;
#2553:
>0:-1,-1;202,204;182,205;161,205;182,205;161,205;182,205;161,205;182,205;161,205;182,205;161,205;182,205;161,205;182,205;161,205;182,205;161,205;182,205;161,205;182,205;161,205;182,205;161,205;182,205;161,205;182,205;161,205;182,205;161,205;182,205;161,205;182,205;161,205;182,205;161,205;182,205;161,205;182,205;161,205;182,205;161,205;182,205;161,205;182,205;161,205;182,205;161,205;182,205;161,205;182,205;161,205;182,205;161,205;182,205;161,205;182,205;161,205;182,205;161,205;182,205;161,205;182,205;161,205;182,205;161,205;182,205;161,205;182,205;161,205;182,205;161,205;182,205;161,205;182,205;161,205;182,205;161,205;182,205;161,205;182,205;161,205;182,205;161,205;182,205;161,205;182,205;161,205;182,205;161,205;182,205;161,205;182,205;161,205;182,205;161,205;182,205;161,205;182,205;161,205;182,205;161,205;182,205;161,205;182,205;161,205;182,205;161,205;182,205;161,205;182,205;161,205;182,205;161,205;182,205;161,205;182,205;161,205;182,205;161,205;182,205;161,205;182,205;161,205;182,205;
#2554:
>0:-1,-1;202,204;222,204;221,204;221,205;242,206;222,206;242,206;222,206;242,206;222,206;242,206;222,206;242,206;222,206;242,206;222,206;242,206;222,206;242,206;222,206;242,206;222,206;242,206;222,206;242,206;222,206;242,206;222,206;242,206;222,206;242,206;222,206;242,206;222,206;242,206;222,206;242,206;222,206;242,206;222,206;242,206;222,206;242,206;222,206;242,206;222,206;242,206;222,206;242,206;222,206;242,206;222,206;242,206;222,206;242,206;222,206;242,206;222,206;242,206;222,206;242,206;222,206;242,206;222,206;242,206;222,206;242,206;222,206;242,206;222,206;242,206;222,206;242,206;222,206;242,206;222,206;242,206;222,206;242,206;222,206;242,206;222,206;242,206;222,206;242,206;222,206;242,206;222,206;242,206;222,206;242,206;222,206;242,206;222,206;242,206;222,206;242,206;222,206;242,206;222,206;242,206;222,206;242,206;222,206;242,206;222,206;242,206;222,206;242,206;222,206;242,206;222,206;242,206;222,206;242,206;222,206;242,206;222,206;242,206;222,206;242,206;222,206;242,206;222,206;
#2555:
>0:-1,-1;202,208;202,208;
#2556:
>0:-1,-1;202,220;203,221;204,222;
#2557:
>0:-1,-1;202,232;201,233;
#2558:
>0:-1,-1;202,236;221,237;202,237;201,238;180,238;
#2559:
>0:-1,-1;202,237;201,238;180,238;
#2560:
>0:-1,-1;203,11;223,12;
#2561:
>0:-1,-1;203,11;224,11;205,12;185,13;206,14;
#2562:
>0:-1,-1;203,61;223,61;222,62;241,62;261,63;281,64;282,65;302,66;321,67;320,67;301,68;300,68;281,69;
#2563:
>0:-1,-1;203,63;204,63;185,64;184,64;203,65;204,65;183,66;183,67;203,67;202,68;223,69;224,70;243,71;264,72;244,73;245,74;225,74;
#2564:
>0:-1,-1;203,64;202,65;221,66;
#2565:
>0:-1,-1;203,75;203,75;
#2566:
>0:-1,-1;203,86;184,87;165,88;
#2567:
>0:-1,-1;203,102;202,103;
#2568:
>0:-1,-1;203,102;203,102;
#2569:
>0:-1,-1;203,104;203,105;
#2570:
>0:-1,-1;203,106;202,106;181,106;201,107;201,108;221,109;241,109;260,109;241,110;260,110;241,110;260,110;241,110;260,110;241,110;260,110;241,110;260,110;241,110;260,110;241,110;260,110;241,110;260,110;241,110;260,110;241,110;260,110;241,110;260,110;241,110;260,110;241,110;260,110;241,110;260,110;241,110;260,110;241,110;260,110;241,110;260,110;241,110;260,110;241,110;260,110;241,110;260,110;241,110;260,110;241,110;260,110;241,110;260,110;241,110;260,110;241,110;260,110;241,110;260,110;241,110;260,110;241,110;260,110;241,110;260,110;241,110;260,110;241,110;260,110;241,110;260,110;241,110;260,110;241,110;260,110;241,110;260,110;241,110;260,110;241,110;260,110;241,110;260,110;241,110;260,110;241,110;260,110;241,110;260,110;241,110;260,110;241,110;260,110;241,110;260,110;241,110;260,110;241,110;260,110;241,110;260,110;241,110;260,110;241,110;260,110;241,110;260,110;241,110;260,110;241,110;260,110;241,110;260,110;241,110;260,110;241,110;260,110;241,110;260,110;241,110;260,110;241,110;260,110;
#2571:
>0:-1,-1;203,108;224,109;244,109;
#2572:
>0:-1,-1;203,124;223,125;224,126;225,126;246,126;
#2573:
>0:-1,-1;203,131;183,132;204,132;
#2574:
>0:-1,-1;203,174;184,174;164,175;
#2575:
>0:-1,-1;204,2;184,3;185,3;164,3;
#2576:
>0:-1,-1;204,14;204,14;
#2577:
>0:-1,-1;204,32;223,32;202,33;221,34;240,34;260,35;241,36;
#2578:
>0:-1,-1;204,42;204,42;
#2579:
>0:-1,-1;204,45;225,46;
#2580:
>0:-1,-1;204,101;183,102;
#2581:
>0:-1,-1;204,101;185,101;165,101;146,102;147,102;128,102;128,104;
#2582:
>0:-1,-1;204,120;184,121;183,122;163,122;143,122;164,122;144,123;144,124;165,124;164,124;
#2583:
>0:-1,-1;204,124;224,124;203,125;224,125;224,127;225,127;244,128;224,128;245,128;226,129;
#2584:
>0:-1,-1;204,149;223,150;243,150;224,151;224,152;204,153;184,153;204,154;203,154;224,154;224,156;224,158;203,158;224,158;203,158;224,158;203,158;224,158;203,158;224,158;203,158;224,158;203,158;224,158;203,158;224,158;203,158;224,158;203,158;224,158;203,158;224,158;203,158;224,158;203,158;224,158;203,158;224,158;203,158;224,158;203,158;224,158;203,158;224,158;203,158;224,158;203,158;224,158;203,158;224,158;203,158;224,158;203,158;224,158;203,158;224,158;203,158;224,158;203,158;224,158;203,158;224,158;203,158;224,158;203,158;224,158;203,158;224,158;203,158;224,158;203,158;224,158;203,158;224,158;203,158;224,158;203,158;224,158;203,158;224,158;203,158;224,158;203,158;224,158;203,158;224,158;203,158;224,158;203,158;224,158;203,158;224,158;203,158;224,158;203,158;224,158;203,158;224,158;203,158;224,158;203,158;224,158;203,158;224,158;203,158;224,158;203,158;224,158;203,158;224,158;203,158;224,158;203,158;224,158;203,158;224,158;203,158;224,158;203,158;224,158;203,158;224,158;203,158;224,158;
#2585:
>0:-1,-1;204,190;185,190;164,191;145,191;164,191;145,191;164,191;145,191;164,191;145,191;164,191;145,191;164,191;145,191;164,191;145,191;164,191;145,191;164,191;145,191;164,191;145,191;164,191;145,191;164,191;145,191;164,191;145,191;164,191;145,191;164,191;145,191;164,191;145,191;164,191;145,191;164,191;145,191;164,191;145,191;164,191;145,191;164,191;145,191;164,191;145,191;164,191;145,191;164,191;145,191;164,191;145,191;164,191;145,191;164,191;145,191;164,191;145,191;164,191;145,191;164,191;145,191;164,191;145,191;164,191;145,191;164,191;145,191;164,191;145,191;164,191;145,191;164,191;145,191;164,191;145,191;164,191;145,191;164,191;145,191;164,191;145,191;164,191;145,191;164,191;145,191;164,191;145,191;164,191;145,191;164,191;145,191;164,191;145,191;164,191;145,191;164,191;145,191;164,191;145,191;164,191;145,191;164,191;145,191;164,191;145,191;164,191;145,191;164,191;145,191;164,191;145,191;164,191;145,191;164,191;145,191;164,191;145,191;164,191;145,191;164,191;145,191;164,191;145,191;
#2586:
>0:-1,-1;204,210;185,211;
#2587:
>0:-1,-1;205,2;226,3;225,3;224,4;
#2588:
>0:-1,-1;205,69;205,71;204,71;224,72;245,73;225,73;246,74;
#2589:
>0:-1,-1;205,71;204,71;224,72;245,73;225,73;246,74;
#2590:
>0:-1,-1;205,120;185,120;184,120;163,120;143,121;
#2591:
>0:-1,-1;205,128;185,128;205,128;185,128;205,128;185,128;205,128;185,128;205,128;185,128;205,128;185,128;205,128;185,128;205,128;185,128;205,128;185,128;205,128;185,128;205,128;185,128;205,128;185,128;205,128;185,128;205,128;185,128;205,128;185,128;205,128;185,128;205,128;185,128;205,128;185,128;205,128;185,128;205,128;185,128;205,128;185,128;205,128;185,128;205,128;185,128;205,128;185,128;205,128;185,128;205,128;185,128;205,128;185,128;205,128;185,128;205,128;185,128;205,128;185,128;205,128;185,128;205,128;185,128;205,128;185,128;205,128;185,128;205,128;185,128;205,128;185,128;205,128;185,128;205,128;185,128;205,128;185,128;205,128;185,128;205,128;185,128;205,128;185,128;205,128;185,128;205,128;185,128;205,128;185,128;205,128;185,128;205,128;185,128;205,128;185,128;205,128;185,128;205,128;185,128;205,128;185,128;205,128;185,128;205,128;185,128;205,128;185,128;205,128;185,128;205,128;185,128;205,128;185,128;205,128;185,128;205,128;185,128;205,128;185,128;205,128;185,128;205,128;185,128;
#2592:
>0:-1,-1;205,137;204,137;
#2593:
>0:-1,-1;205,170;226,170;225,170;246,171;
#2594:
>0:-1,-1;205,176;185,177;166,178;145,178;164,178;
#2595:
>0:-1,-1;205,180;225,180;205,181;
#2596:
>0:-1,-1;205,187;224,188;204,188;185,189;
#2597:
>0:-1,-1;205,187;205,187;
#2598:
>0:-1,-1;205,188;205,190;
#2599:
>0:-1,-1;205,197;205,197;
#2600:
>0:-1,-1;206,25;225,26;
#2601:
>0:-1,-1;206,25;226,25;225,26;
#2602:
>0:-1,-1;206,62;186,63;
#2603:
>0:-1,-1;206,93;205,93;184,94;
#2604:
>0:-1,-1;206,94;205,95;225,96;225,97;205,97;224,98;203,98;203,100;182,100;183,100;162,101;142,102;163,103;182,103;163,103;182,103;163,103;182,103;163,103;182,103;163,103;182,103;163,103;182,103;163,103;182,103;163,103;182,103;163,103;182,103;163,103;182,103;163,103;182,103;163,103;182,103;163,103;182,103;163,103;182,103;163,103;182,103;163,103;182,103;163,103;182,103;163,103;182,103;163,103;182,103;163,103;182,103;163,103;182,103;163,103;182,103;163,103;182,103;163,103;182,103;163,103;182,103;163,103;182,103;163,103;182,103;163,103;182,103;163,103;182,103;163,103;182,103;163,103;182,103;163,103;182,103;163,103;182,103;163,103;182,103;163,103;182,103;163,103;182,103;163,103;182,103;163,103;182,103;163,103;182,103;163,103;182,103;163,103;182,103;163,103;182,103;163,103;182,103;163,103;182,103;163,103;182,103;163,103;182,103;163,103;182,103;163,103;182,103;163,103;182,103;163,103;182,103;163,103;182,103;163,103;182,103;163,103;182,103;163,103;182,103;163,103;182,103;163,103;182,103;
#2605:
>0:-1,-1;206,189;206,189;
#2606:
>0:-1,-1;206,220;206,220;
#2607:
>0:-1,-1;206,222;225,222;204,223;
#2608:
>0:-1,-1;206,223;206,224;
#2609:
>0:-1,-1;206,232;206,232;
#2610:
>0:-1,-1;207,1;228,2;208,2;
#2611:
>0:-1,-1;207,1;207,1;
#2612:
>0:-1,-1;207,14;207,14;
#2613:
>0:-1,-1;207,16;206,16;
#2614:
>0:-1,-1;207,64;187,65;167,66;168,67;
#2615:
>0:-1,-1;207,86;207,86;
#2616:
>0:-1,-1;207,106;207,108;186,108;187,108;187,110;
#2617:
>0:-1,-1;207,113;208,113;207,113;208,113;207,113;208,113;207,113;208,113;207,113;208,113;207,113;208,113;207,113;208,113;207,113;208,113;207,113;208,113;207,113;208,113;207,113;208,113;207,113;208,113;207,113;208,113;207,113;208,113;207,113;208,113;207,113;208,113;207,113;208,113;207,113;208,113;207,113;208,113;207,113;208,113;207,113;208,113;207,113;208,113;207,113;208,113;207,113;208,113;207,113;208,113;207,113;208,113;207,113;208,113;207,113;208,113;207,113;208,113;207,113;208,113;207,113;208,113;207,113;208,113;207,113;208,113;207,113;208,113;207,113;208,113;207,113;208,113;207,113;208,113;207,113;208,113;207,113;208,113;207,113;208,113;207,113;208,113;207,113;208,113;207,113;208,113;207,113;208,113;207,113;208,113;207,113;208,113;207,113;208,113;207,113;208,113;207,113;208,113;207,113;208,113;207,113;208,113;207,113;208,113;207,113;208,113;207,113;208,113;207,113;208,113;207,113;208,113;207,113;208,113;207,113;208,113;207,113;208,113;207,113;208,113;207,113;208,113;207,113;208,113;
#2618:
>0:-1,-1;207,118;186,119;166,119;187,120;187,121;208,121;
#2619:
>0:-1,-1;207,126;227,127;246,128;265,129;286,129;265,130;
#2620:
>0:-1,-1;207,126;207,126;
#2621:
>0:-1,-1;207,166;207,168;187,168;206,168;226,169;
#2622:
>0:-1,-1;207,167;207,167;
#2623:
>0:-1,-1;207,174;226,174;
#2624:
>0:-1,-1;207,179;228,179;
#2625:
>0:-1,-1;207,192;207,193;228,193;247,194;
#2626:
>0:-1,-1;207,193;228,193;247,194;
#2627:
>0:-1,-1;207,198;186,199;187,199;186,200;205,201;204,202;203,202;
#2628:
>0:-1,-1;207,212;226,212;246,213;227,213;
#2629:
>0:-1,-1;207,215;207,215;
#2630:
>0:-1,-1;207,223;226,224;245,224;246,224;225,224;226,225;245,226;264,227;263,227;282,228;302,228;321,229;320,229;321,229;320,229;321,229;320,229;321,229;320,229;321,229;320,229;321,229;320,229;321,229;320,229;321,229;320,229;321,229;320,229;321,229;320,229;321,229;320,229;321,229;320,229;321,229;320,229;321,229;320,229;321,229;320,229;321,229;320,229;321,229;320,229;321,229;320,229;321,229;320,229;321,229;320,229;321,229;320,229;321,229;320,229;321,229;320,229;321,229;320,229;321,229;320,229;321,229;320,229;321,229;320,229;321,229;320,229;321,229;320,229;321,229;320,229;321,229;320,229;321,229;320,229;321,229;320,229;321,229;320,229;321,229;320,229;321,229;320,229;321,229;320,229;321,229;320,229;321,229;320,229;321,229;320,229;321,229;320,229;321,229;320,229;321,229;320,229;321,229;320,229;321,229;320,229;321,229;320,229;321,229;320,229;321,229;320,229;321,229;320,229;321,229;320,229;321,229;320,229;321,229;320,229;321,229;320,229;321,229;320,229;321,229;320,229;321,229;320,229;321,229;
#2631:
>0:-1,-1;208,6;208,6;
#2632:
>0:-1,-1;208,32;209,32;209,33;209,34;
#2633:
>0:-1,-1;208,48;188,48;189,48;209,49;188,50;169,50;190,51;210,51;190,51;210,51;190,51;210,51;190,51;210,51;190,51;210,51;190,51;210,51;190,51;210,51;190,51;210,51;190,51;210,51;190,51;210,51;190,51;210,51;190,51;210,51;190,51;210,51;190,51;210,51;190,51;210,51;190,51;210,51;190,51;210,51;190,51;210,51;190,51;210,51;190,51;210,51;190,51;210,51;190,51;210,51;190,51;210,51;190,51;210,51;190,51;210,51;190,51;210,51;190,51;210,51;190,51;210,51;190,51;210,51;190,51;210,51;190,51;210,51;190,51;210,51;190,51;210,51;190,51;210,51;190,51;210,51;190,51;210,51;190,51;210,51;190,51;210,51;190,51;210,51;190,51;210,51;190,51;210,51;190,51;210,51;190,51;210,51;190,51;210,51;190,51;210,51;190,51;210,51;190,51;210,51;190,51;210,51;190,51;210,51;190,51;210,51;190,51;210,51;190,51;210,51;190,51;210,51;190,51;210,51;190,51;210,51;190,51;210,51;190,51;210,51;190,51;210,51;190,51;210,51;
#2634:
>0:-1,-1;208,50;188,50;169,50;190,51;210,51;190,51;210,51;190,51;210,51;190,51;210,51;190,51;210,51;190,51;210,51;190,51;210,51;190,51;210,51;190,51;210,51;190,51;210,51;190,51;210,51;190,51;210,51;190,51;210,51;190,51;210,51;190,51;210,51;190,51;210,51;190,51;210,51;190,51;210,51;190,51;210,51;190,51;210,51;190,51;210,51;190,51;210,51;190,51;210,51;190,51;210,51;190,51;210,51;190,51;210,51;190,51;210,51;190,51;210,51;190,51;210,51;190,51;210,51;190,51;210,51;190,51;210,51;190,51;210,51;190,51;210,51;190,51;210,51;190,51;210,51;190,51;210,51;190,51;210,51;190,51;210,51;190,51;210,51;190,51;210,51;190,51;210,51;190,51;210,51;190,51;210,51;190,51;210,51;190,51;210,51;190,51;210,51;190,51;210,51;190,51;210,51;190,51;210,51;190,51;210,51;190,51;210,51;190,51;210,51;190,51;210,51;190,51;210,51;190,51;210,51;190,51;210,51;190,51;210,51;190,51;210,51;190,51;210,51;190,51;
#2635:
>0:-1,-1;208,86;188,87;169,88;188,89;209,90;228,90;247,90;247,91;246,91;227,92;226,92;246,93;
#2636:
>0:-1,-1;208,116;207,116;226,116;
#2637:
>0:-1,-1;208,120;227,121;247,121;228,121;
#2638:
>0:-1,-1;208,170;187,171;
#2639:
>0:-1,-1;208,171;208,171;
#2640:
>0:-1,-1;208,179;208,181;
#2641:
>0:-1,-1;208,186;189,187;209,188;208,188;208,189;
#2642:
>0:-1,-1;209,4;209,6;189,6;209,7;189,7;
#2643:
>0:-1,-1;209,15;188,16;
#2644:
>0:-1,-1;209,34;209,34;
#2645:
>0:-1,-1;209,71;188,72;188,74;209,74;
#2646:
>0:-1,-1;209,94;209,94;
#2647:
>0:-1,-1;209,97;210,98;230,98;231,99;210,100;
#2648:
>0:-1,-1;209,122;209,122;
#2649:
>0:-1,-1;209,139;188,139;
#2650:
>0:-1,-1;209,180;209,180;
#2651:
>0:-1,-1;209,190;230,191;249,192;249,194;
#2652:
>0:-1,-1;210,23;191,24;212,25;232,25;232,26;
#2653:
>0:-1,-1;210,89;210,89;
#2654:
>0:-1,-1;210,89;210,89;
#2655:
>0:-1,-1;210,108;189,109;168,110;187,110;
#2656:
>0:-1,-1;210,144;190,144;209,145;229,145;228,146;227,147;208,148;
#2657:
>0:-1,-1;210,144;229,145;228,146;227,147;208,148;
#2658:
>0:-1,-1;210,177;209,178;
#2659:
>0:-1,-1;210,223;210,223;
#2660:
>0:-1,-1;210,236;210,238;190,238;170,238;
#2661:
>0:-1,-1;211,15;232,16;253,17;273,17;
#2662:
>0:-1,-1;211,24;190,25;
#2663:
>0:-1,-1;211,25;232,26;
#2664:
>0:-1,-1;211,29;211,29;
#2665:
>0:-1,-1;211,37;210,38;209,38;209,40;208,41;209,42;229,42;210,43;211,43;
#2666:
>0:-1,-1;211,67;212,67;212,69;212,70;193,70;
#2667:
>0:-1,-1;211,89;211,89;
#2668:
>0:-1,-1;211,91;190,92;190,93;211,93;230,93;231,94;212,94;233,95;
#2669:
>0:-1,-1;211,105;231,106;211,106;
#2670:
>0:-1,-1;211,127;190,127;169,127;170,127;189,127;210,128;231,129;210,129;
#2671:
>0:-1,-1;211,127;230,127;249,127;229,128;
#2672:
>0:-1,-1;211,139;231,139;210,139;229,140;250,141;271,141;252,142;253,143;232,144;231,145;231,147;
#2673:
>0:-1,-1;211,151;191,151;211,152;190,152;191,152;
#2674:
>0:-1,-1;211,186;192,187;173,187;
#2675:
>0:-1,-1;211,193;231,193;212,193;
#2676:
>0:-1,-1;211,197;210,198;231,198;
#2677:
>0:-1,-1;211,226;211,226;
#2678:
>0:-1,-1;211,226;211,226;
#2679:
>0:-1,-1;211,230;230,230;231,231;232,231;233,232;212,233;232,233;211,233;191,233;211,234;190,234;210,234;209,235;188,235;
#2680:
>0:-1,-1;212,14;232,15;233,16;212,17;
#2681:
>0:-1,-1;212,44;232,45;251,46;230,47;231,48;
#2682:
>0:-1,-1;212,56;213,56;214,56;
#2683:
>0:-1,-1;212,75;233,76;254,77;253,78;232,79;231,79;232,79;231,79;232,79;231,79;232,79;231,79;232,79;231,79;232,79;231,79;232,79;231,79;232,79;231,79;232,79;231,79;232,79;231,79;232,79;231,79;232,79;231,79;232,79;231,79;232,79;231,79;232,79;231,79;232,79;231,79;232,79;231,79;232,79;231,79;232,79;231,79;232,79;231,79;232,79;231,79;232,79;231,79;232,79;231,79;232,79;231,79;232,79;231,79;232,79;231,79;232,79;231,79;232,79;231,79;232,79;231,79;232,79;231,79;232,79;231,79;232,79;231,79;232,79;231,79;232,79;231,79;232,79;231,79;232,79;231,79;232,79;231,79;232,79;231,79;232,79;231,79;232,79;231,79;232,79;231,79;232,79;231,79;232,79;231,79;232,79;231,79;232,79;231,79;232,79;231,79;232,79;231,79;232,79;231,79;232,79;231,79;232,79;231,79;232,79;231,79;232,79;231,79;232,79;231,79;232,79;231,79;232,79;231,79;232,79;231,79;232,79;231,79;232,79;231,79;232,79;231,79;232,79;231,79;
#2684:
>0:-1,-1;212,110;231,111;232,111;212,111;231,112;231,114;212,115;211,115;192,115;192,117;211,117;232,117;252,118;272,119;251,120;251,122;270,122;269,122;290,122;271,122;270,123;290,124;290,125;
#2685:
>0:-1,-1;212,129;231,129;210,129;
#2686:
>0:-1,-1;212,150;212,151;
#2687:
>0:-1,-1;212,151;212,151;
#2688:
>0:-1,-1;212,170;211,170;
#2689:
>0:-1,-1;212,173;231,174;251,174;270,174;
#2690:
>0:-1,-1;212,197;212,197;
#2691:
>0:-1,-1;212,214;213,214;193,214;
#2692:
>0:-1,-1;212,219;232,220;252,221;272,221;271,222;252,223;232,224;
#2693:
>0:-1,-1;212,222;212,223;212,225;
#2694:
>0:-1,-1;213,24;214,24;195,24;196,24;217,24;216,24;236,24;236,26;
#2695:
>0:-1,-1;213,50;193,51;
#2696:
>0:-1,-1;213,88;233,89;232,89;232,91;
#2697:
>0:-1,-1;213,90;192,91;171,92;
#2698:
>0:-1,-1;213,125;213,125;
#2699:
>0:-1,-1;213,143;193,144;194,145;195,146;214,147;
#2700:
>0:-1,-1;213,161;213,161;
#2701:
>0:-1,-1;213,193;194,193;173,193;153,193;173,193;153,193;173,193;153,193;173,193;153,193;173,193;153,193;173,193;153,193;173,193;153,193;173,193;153,193;173,193;153,193;173,193;153,193;173,193;153,193;173,193;153,193;173,193;153,193;173,193;153,193;173,193;153,193;173,193;153,193;173,193;153,193;173,193;153,193;173,193;153,193;173,193;153,193;173,193;153,193;173,193;153,193;173,193;153,193;173,193;153,193;173,193;153,193;173,193;153,193;173,193;153,193;173,193;153,193;173,193;153,193;173,193;153,193;173,193;153,193;173,193;153,193;173,193;153,193;173,193;153,193;173,193;153,193;173,193;153,193;173,193;153,193;173,193;153,193;173,193;153,193;173,193;153,193;173,193;153,193;173,193;153,193;173,193;153,193;173,193;153,193;173,193;153,193;173,193;153,193;173,193;153,193;173,193;153,193;173,193;153,193;173,193;153,193;173,193;153,193;173,193;153,193;173,193;153,193;173,193;153,193;173,193;153,193;173,193;153,193;173,193;153,193;173,193;153,193;173,193;153,193;173,193;153,193;173,193;153,193;
#2702:
>0:-1,-1;213,193;233,194;213,195;233,195;233,197;214,198;
#2703:
>0:-1,-1;213,196;234,196;
#2704:
>0:-1,-1;213,201;193,201;172,202;172,203;193,204;213,205;234,206;
#2705:
>0:-1,-1;213,216;234,217;253,217;254,217;235,218;254,219;255,220;235,221;
#2706:
>0:-1,-1;213,218;213,219;232,220;252,221;272,221;271,222;252,223;232,224;
#2707:
>0:-1,-1;213,223;214,224;233,224;
#2708:
>0:-1,-1;213,229;213,229;
#2709:
>0:-1,-1;214,2;214,2;
#2710:
>0:-1,-1;214,11;214,12;233,12;
#2711:
>0:-1,-1;214,23;215,24;
#2712:
>0:-1,-1;214,40;193,40;214,41;
#2713:
>0:-1,-1;214,46;214,48;
#2714:
>0:-1,-1;214,50;194,51;215,52;235,52;236,53;236,55;
#2715:
>0:-1,-1;214,52;195,53;195,55;196,55;177,56;158,57;
#2716:
>0:-1,-1;214,58;214,58;
#2717:
>0:-1,-1;214,83;214,83;
#2718:
>0:-1,-1;214,102;214,102;
#2719:
>0:-1,-1;214,148;214,148;
#2720:
>0:-1,-1;214,163;235,163;254,164;
#2721:
>0:-1,-1;214,207;214,207;
#2722:
>0:-1,-1;214,218;234,218;234,220;233,221;
#2723:
>0:-1,-1;214,223;235,224;216,224;
#2724:
>0:-1,-1;215,62;215,62;
#2725:
>0:-1,-1;215,92;236,92;235,93;255,93;274,94;274,95;
#2726:
>0:-1,-1;215,115;194,115;
#2727:
>0:-1,-1;215,139;215,139;
#2728:
>0:-1,-1;215,178;215,180;234,180;235,180;234,181;254,181;274,181;293,182;312,183;
#2729:
>0:-1,-1;215,178;235,178;255,178;
#2730:
>0:-1,-1;215,195;195,195;194,195;195,196;194,196;195,197;176,198;
#2731:
>0:-1,-1;215,202;216,203;216,205;196,206;175,206;
#2732:
>0:-1,-1;215,237;194,237;214,238;193,238;213,238;233,238;254,239;
#2733:
>0:-1,-1;216,8;216,8;
#2734:
>0:-1,-1;216,50;216,50;
#2735:
>0:-1,-1;216,74;217,74;217,76;237,77;238,77;217,78;197,78;
#2736:
>0:-1,-1;216,87;216,89;197,90;178,90;199,91;178,91;199,91;178,91;199,91;178,91;199,91;178,91;199,91;178,91;199,91;178,91;199,91;178,91;199,91;178,91;199,91;178,91;199,91;178,91;199,91;178,91;199,91;178,91;199,91;178,91;199,91;178,91;199,91;178,91;199,91;178,91;199,91;178,91;199,91;178,91;199,91;178,91;199,91;178,91;199,91;178,91;199,91;178,91;199,91;178,91;199,91;178,91;199,91;178,91;199,91;178,91;199,91;178,91;199,91;178,91;199,91;178,91;199,91;178,91;199,91;178,91;199,91;178,91;199,91;178,91;199,91;178,91;199,91;178,91;199,91;178,91;199,91;178,91;199,91;178,91;199,91;178,91;199,91;178,91;199,91;178,91;199,91;178,91;199,91;178,91;199,91;178,91;199,91;178,91;199,91;178,91;199,91;178,91;199,91;178,91;199,91;178,91;199,91;178,91;199,91;178,91;199,91;178,91;199,91;178,91;199,91;178,91;199,91;178,91;199,91;178,91;199,91;178,91;199,91;178,91;199,91;178,91;199,91;178,91;
#2737:
>0:-1,-1;216,144;216,144;
#2738:
>0:-1,-1;216,149;195,150;
#2739:
>0:-1,-1;216,154;216,154;
#2740:
>0:-1,-1;216,157;217,157;237,157;
#2741:
>0:-1,-1;216,223;235,224;216,224;
#2742:
>0:-1,-1;216,228;235,229;214,230;213,230;192,231;192,232;172,232;193,233;172,234;
#2743:
>0:-1,-1;217,10;236,11;257,11;236,11;257,11;236,11;257,11;236,11;257,11;236,11;257,11;236,11;257,11;236,11;257,11;236,11;257,11;236,11;257,11;236,11;257,11;236,11;257,11;236,11;257,11;236,11;257,11;236,11;257,11;236,11;257,11;236,11;257,11;236,11;257,11;236,11;257,11;236,11;257,11;236,11;257,11;236,11;257,11;236,11;257,11;236,11;257,11;236,11;257,11;236,11;257,11;236,11;257,11;236,11;257,11;236,11;257,11;236,11;257,11;236,11;257,11;236,11;257,11;236,11;257,11;236,11;257,11;236,11;257,11;236,11;257,11;236,11;257,11;236,11;257,11;236,11;257,11;236,11;257,11;236,11;257,11;236,11;257,11;236,11;257,11;236,11;257,11;236,11;257,11;236,11;257,11;236,11;257,11;236,11;257,11;236,11;257,11;236,11;257,11;236,11;257,11;236,11;257,11;236,11;257,11;236,11;257,11;236,11;257,11;236,11;257,11;236,11;257,11;236,11;257,11;236,11;257,11;236,11;257,11;236,11;257,11;236,11;257,11;236,11;
#2744:
>0:-1,-1;217,19;217,19;
#2745:
>0:-1,-1;217,42;237,43;
#2746:
>0:-1,-1;217,46;237,47;238,47;218,48;
#2747:
>0:-1,-1;217,63;217,65;217,66;236,66;256,66;277,67;
#2748:
>0:-1,-1;217,110;198,110;178,110;158,111;139,112;138,112;
#2749:
>0:-1,-1;217,129;237,130;218,131;
#2750:
>0:-1,-1;217,223;236,223;236,225;216,225;216,226;217,227;237,228;256,229;237,229;
#2751:
>0:-1,-1;217,227;237,228;256,229;237,229;
#2752:
>0:-1,-1;217,228;197,228;
#2753:
>0:-1,-1;218,8;198,8;197,8;177,9;178,10;
#2754:
>0:-1,-1;218,16;217,16;197,16;
#2755:
>0:-1,-1;218,18;238,19;237,19;237,20;238,20;
#2756:
>0:-1,-1;218,42;199,43;
#2757:
>0:-1,-1;218,52;218,52;
#2758:
>0:-1,-1;218,80;198,81;
#2759:
>0:-1,-1;218,80;217,80;217,82;198,82;217,83;197,83;197,85;197,87;
#2760:
>0:-1,-1;218,111;217,111;237,111;238,112;258,113;277,114;258,114;257,115;258,116;278,117;299,118;
#2761:
>0:-1,-1;218,191;218,191;
#2762:
>0:-1,-1;218,224;219,224;238,225;238,226;219,226;
#2763:
>0:-1,-1;219,60;239,60;238,60;219,60;239,60;238,60;219,60;239,60;238,60;219,60;239,60;238,60;219,60;239,60;238,60;219,60;239,60;238,60;219,60;239,60;238,60;219,60;239,60;238,60;219,60;239,60;238,60;219,60;239,60;238,60;219,60;239,60;238,60;219,60;239,60;238,60;219,60;239,60;238,60;219,60;239,60;238,60;219,60;239,60;238,60;219,60;239,60;238,60;219,60;239,60;238,60;219,60;239,60;238,60;219,60;239,60;238,60;219,60;239,60;238,60;219,60;239,60;238,60;219,60;239,60;238,60;219,60;239,60;238,60;219,60;239,60;238,60;219,60;239,60;238,60;219,60;239,60;238,60;219,60;239,60;238,60;219,60;239,60;238,60;219,60;239,60;238,60;219,60;239,60;238,60;219,60;239,60;238,60;219,60;239,60;238,60;219,60;239,60;238,60;219,60;239,60;238,60;219,60;239,60;238,60;219,60;239,60;238,60;219,60;239,60;238,60;219,60;239,60;238,60;219,60;239,60;238,60;219,60;239,60;238,60;219,60;239,60;238,60;219,60;
#2764:
>0:-1,-1;219,79;239,79;219,80;198,81;
#2765:
>0:-1,-1;219,145;198,146;179,147;198,147;217,147;197,147;197,149;198,150;179,151;158,152;178,152;177,152;
#2766:
>0:-1,-1;219,150;219,150;
#2767:
>0:-1,-1;219,160;239,161;
#2768:
>0:-1,-1;219,162;218,162;238,163;219,164;218,165;219,166;199,166;178,167;179,168;179,170;158,170;159,170;159,172;178,172;
#2769:
>0:-1,-1;219,211;239,211;219,212;239,213;219,214;198,215;217,216;
#2770:
>0:-1,-1;219,213;199,214;199,215;199,217;199,218;199,220;199,222;218,223;217,223;236,223;236,225;216,225;216,226;217,227;237,228;256,229;237,229;
#2771:
>0:-1,-1;219,220;219,220;
#2772:
>0:-1,-1;220,1;220,1;
#2773:
>0:-1,-1;220,9;221,9;220,10;220,11;
#2774:
>0:-1,-1;220,46;241,47;242,48;
#2775:
>0:-1,-1;220,62;200,63;181,63;
#2776:
>0:-1,-1;220,105;221,105;241,106;222,107;
#2777:
>0:-1,-1;220,116;240,116;260,117;241,117;241,118;220,119;
#2778:
>0:-1,-1;220,124;221,125;200,125;181,125;201,126;220,127;221,127;
#2779:
>0:-1,-1;220,128;200,128;201,128;180,128;
#2780:
>0:-1,-1;220,145;240,145;
#2781:
>0:-1,-1;220,147;201,147;
#2782:
>0:-1,-1;220,177;220,179;
#2783:
>0:-1,-1;220,180;201,180;202,181;201,182;181,182;201,182;181,182;201,182;181,182;201,182;181,182;201,182;181,182;201,182;181,182;201,182;181,182;201,182;181,182;201,182;181,182;201,182;181,182;201,182;181,182;201,182;181,182;201,182;181,182;201,182;181,182;201,182;181,182;201,182;181,182;201,182;181,182;201,182;181,182;201,182;181,182;201,182;181,182;201,182;181,182;201,182;181,182;201,182;181,182;201,182;181,182;201,182;181,182;201,182;181,182;201,182;181,182;201,182;181,182;201,182;181,182;201,182;181,182;201,182;181,182;201,182;181,182;201,182;181,182;201,182;181,182;201,182;181,182;201,182;181,182;201,182;181,182;201,182;181,182;201,182;181,182;201,182;181,182;201,182;181,182;201,182;181,182;201,182;181,182;201,182;181,182;201,182;181,182;201,182;181,182;201,182;181,182;201,182;181,182;201,182;181,182;201,182;181,182;201,182;181,182;201,182;181,182;201,182;181,182;201,182;181,182;201,182;181,182;201,182;181,182;201,182;181,182;201,182;181,182;201,182;181,182;201,182;181,182;201,182;
#2784:
>0:-1,-1;220,207;220,208;221,209;
#2785:
>0:-1,-1;220,212;240,212;
#2786:
>0:-1,-1;220,213;220,213;
#2787:
>0:-1,-1;221,22;222,22;
#2788:
>0:-1,-1;221,34;240,34;260,35;241,36;
#2789:
>0:-1,-1;221,39;201,39;220,39;221,40;200,40;201,41;182,41;
#2790:
>0:-1,-1;221,50;221,50;
#2791:
>0:-1,-1;221,64;221,64;
#2792:
>0:-1,-1;221,88;201,89;
#2793:
>0:-1,-1;221,92;222,92;201,93;
#2794:
>0:-1,-1;221,105;241,106;222,107;
#2795:
>0:-1,-1;221,131;221,131;
#2796:
>0:-1,-1;221,147;221,147;
#2797:
>0:-1,-1;221,158;240,158;221,158;240,158;221,158;240,158;221,158;240,158;221,158;240,158;221,158;240,158;221,158;240,158;221,158;240,158;221,158;240,158;221,158;240,158;221,158;240,158;221,158;240,158;221,158;240,158;221,158;240,158;221,158;240,158;221,158;240,158;221,158;240,158;221,158;240,158;221,158;240,158;221,158;240,158;221,158;240,158;221,158;240,158;221,158;240,158;221,158;240,158;221,158;240,158;221,158;240,158;221,158;240,158;221,158;240,158;221,158;240,158;221,158;240,158;221,158;240,158;221,158;240,158;221,158;240,158;221,158;240,158;221,158;240,158;221,158;240,158;221,158;240,158;221,158;240,158;221,158;240,158;221,158;240,158;221,158;240,158;221,158;240,158;221,158;240,158;221,158;240,158;221,158;240,158;221,158;240,158;221,158;240,158;221,158;240,158;221,158;240,158;221,158;240,158;221,158;240,158;221,158;240,158;221,158;240,158;221,158;240,158;221,158;240,158;221,158;240,158;221,158;240,158;221,158;240,158;221,158;240,158;221,158;240,158;221,158;240,158;221,158;240,158;
#2798:
>0:-1,-1;221,188;220,189;241,190;260,190;241,191;222,191;
#2799:
>0:-1,-1;221,219;220,219;201,220;182,220;163,221;142,222;
#2800:
>0:-1,-1;221,219;241,219;262,220;
#2801:
>0:-1,-1;221,221;221,221;
#2802:
>0:-1,-1;221,232;221,234;200,234;181,235;180,236;201,237;
#2803:
>0:-1,-1;221,232;221,234;221,235;
#2804:
>0:-1,-1;221,234;221,234;
#2805:
>0:-1,-1;222,25;202,25;
#2806:
>0:-1,-1;222,32;203,33;202,33;221,34;240,34;260,35;241,36;
#2807:
>0:-1,-1;222,76;201,77;181,78;180,79;181,80;202,81;182,82;183,83;
#2808:
>0:-1,-1;222,89;242,90;
#2809:
>0:-1,-1;222,108;243,109;222,109;203,109;222,110;203,111;224,112;243,113;224,114;224,116;205,117;186,117;206,117;
#2810:
>0:-1,-1;222,108;222,108;
#2811:
>0:-1,-1;222,121;202,121;181,121;200,121;221,121;241,121;
#2812:
>0:-1,-1;222,135;222,135;
#2813:
>0:-1,-1;222,150;243,151;223,152;242,152;
#2814:
>0:-1,-1;222,150;243,151;
#2815:
>0:-1,-1;222,188;221,188;220,189;241,190;260,190;241,191;222,191;
#2816:
>0:-1,-1;222,206;242,206;222,206;242,206;222,206;242,206;222,206;242,206;222,206;242,206;222,206;242,206;222,206;242,206;222,206;242,206;222,206;242,206;222,206;242,206;222,206;242,206;222,206;242,206;222,206;242,206;222,206;242,206;222,206;242,206;222,206;242,206;222,206;242,206;222,206;242,206;222,206;242,206;222,206;242,206;222,206;242,206;222,206;242,206;222,206;242,206;222,206;242,206;222,206;242,206;222,206;242,206;222,206;242,206;222,206;242,206;222,206;242,206;222,206;242,206;222,206;242,206;222,206;242,206;222,206;242,206;222,206;242,206;222,206;242,206;222,206;242,206;222,206;242,206;222,206;242,206;222,206;242,206;222,206;242,206;222,206;242,206;222,206;242,206;222,206;242,206;222,206;242,206;222,206;242,206;222,206;242,206;222,206;242,206;222,206;242,206;222,206;242,206;222,206;242,206;222,206;242,206;222,206;242,206;222,206;242,206;222,206;242,206;222,206;242,206;222,206;242,206;222,206;242,206;222,206;242,206;222,206;242,206;222,206;242,206;222,206;242,206;222,206;242,206;
#2817:
>0:-1,-1;222,219;243,219;223,220;242,221;262,222;283,223;264,223;
#2818:
>0:-1,-1;223,4;223,4;
#2819:
>0:-1,-1;223,21;223,22;223,23;222,24;222,25;202,25;
#2820:
>0:-1,-1;223,32;202,33;221,34;240,34;260,35;241,36;
#2821:
>0:-1,-1;223,45;223,46;223,48;203,49;184,49;203,50;224,50;224,52;
#2822:
>0:-1,-1;223,72;242,73;
#2823:
>0:-1,-1;223,130;223,130;
#2824:
>0:-1,-1;223,137;223,137;
#2825:
>0:-1,-1;223,140;202,141;223,141;204,141;204,142;
#2826:
>0:-1,-1;223,171;243,172;244,173;223,173;242,173;262,173;262,175;243,176;262,176;242,177;261,177;280,177;280,178;260,178;240,178;221,178;241,179;
#2827:
>0:-1,-1;223,173;242,173;262,173;262,175;243,176;262,176;242,177;261,177;280,177;280,178;260,178;240,178;221,178;241,179;
#2828:
>0:-1,-1;223,179;222,179;
#2829:
>0:-1,-1;223,182;203,183;224,184;243,185;
#2830:
>0:-1,-1;224,46;203,47;182,47;182,49;202,50;202,51;
#2831:
>0:-1,-1;224,48;224,48;
#2832:
>0:-1,-1;224,61;243,62;242,63;223,63;
#2833:
>0:-1,-1;224,102;224,102;
#2834:
>0:-1,-1;224,119;205,119;224,119;205,119;224,119;205,119;224,119;205,119;224,119;205,119;224,119;205,119;224,119;205,119;224,119;205,119;224,119;205,119;224,119;205,119;224,119;205,119;224,119;205,119;224,119;205,119;224,119;205,119;224,119;205,119;224,119;205,119;224,119;205,119;224,119;205,119;224,119;205,119;224,119;205,119;224,119;205,119;224,119;205,119;224,119;205,119;224,119;205,119;224,119;205,119;224,119;205,119;224,119;205,119;224,119;205,119;224,119;205,119;224,119;205,119;224,119;205,119;224,119;205,119;224,119;205,119;224,119;205,119;224,119;205,119;224,119;205,119;224,119;205,119;224,119;205,119;224,119;205,119;224,119;205,119;224,119;205,119;224,119;205,119;224,119;205,119;224,119;205,119;224,119;205,119;224,119;205,119;224,119;205,119;224,119;205,119;224,119;205,119;224,119;205,119;224,119;205,119;224,119;205,119;224,119;205,119;224,119;205,119;224,119;205,119;224,119;205,119;224,119;205,119;224,119;205,119;224,119;205,119;224,119;205,119;224,119;205,119;224,119;205,119;
#2835:
>0:-1,-1;224,120;224,121;245,122;
#2836:
>0:-1,-1;224,133;205,133;225,134;244,135;265,136;
#2837:
>0:-1,-1;224,133;224,133;
#2838:
>0:-1,-1;224,139;225,139;204,139;
#2839:
>0:-1,-1;224,176;205,176;185,177;166,178;145,178;164,178;
#2840:
>0:-1,-1;224,189;223,190;224,191;223,192;
#2841:
>0:-1,-1;224,189;224,190;205,191;185,191;186,192;
#2842:
>0:-1,-1;224,196;243,197;262,197;
#2843:
>0:-1,-1;224,200;243,200;
#2844:
>0:-1,-1;224,238;244,238;243,238;222,239;
#2845:
>0:-1,-1;225,35;224,35;225,35;224,35;225,35;224,35;225,35;224,35;225,35;224,35;225,35;224,35;225,35;224,35;225,35;224,35;225,35;224,35;225,35;224,35;225,35;224,35;225,35;224,35;225,35;224,35;225,35;224,35;225,35;224,35;225,35;224,35;225,35;224,35;225,35;224,35;225,35;224,35;225,35;224,35;225,35;224,35;225,35;224,35;225,35;224,35;225,35;224,35;225,35;224,35;225,35;224,35;225,35;224,35;225,35;224,35;225,35;224,35;225,35;224,35;225,35;224,35;225,35;224,35;225,35;224,35;225,35;224,35;225,35;224,35;225,35;224,35;225,35;224,35;225,35;224,35;225,35;224,35;225,35;224,35;225,35;224,35;225,35;224,35;225,35;224,35;225,35;224,35;225,35;224,35;225,35;224,35;225,35;224,35;225,35;224,35;225,35;224,35;225,35;224,35;225,35;224,35;225,35;224,35;225,35;224,35;225,35;224,35;225,35;224,35;225,35;224,35;225,35;224,35;225,35;224,35;225,35;224,35;225,35;224,35;225,35;224,35;225,35;224,35;
#2846:
>0:-1,-1;225,42;226,42;
#2847:
>0:-1,-1;225,50;224,51;
#2848:
>0:-1,-1;225,66;225,68;204,68;223,69;224,70;243,71;264,72;244,73;245,74;225,74;
#2849:
>0:-1,-1;225,66;225,66;
#2850:
>0:-1,-1;225,89;225,89;
#2851:
>0:-1,-1;225,92;204,92;184,92;164,92;
#2852:
>0:-1,-1;225,104;244,105;265,105;266,106;246,107;
#2853:
>0:-1,-1;225,105;225,106;225,108;
#2854:
>0:-1,-1;225,150;205,151;
#2855:
>0:-1,-1;225,199;244,200;225,200;205,201;204,202;203,202;
#2856:
>0:-1,-1;225,208;225,208;
#2857:
>0:-1,-1;225,211;205,212;185,213;
#2858:
>0:-1,-1;226,21;246,22;226,22;247,22;227,23;
#2859:
>0:-1,-1;226,111;207,112;207,114;206,115;225,115;244,116;265,117;264,117;243,117;242,117;221,118;
#2860:
>0:-1,-1;226,116;226,116;
#2861:
>0:-1,-1;226,139;206,140;185,140;206,140;185,140;206,140;185,140;206,140;185,140;206,140;185,140;206,140;185,140;206,140;185,140;206,140;185,140;206,140;185,140;206,140;185,140;206,140;185,140;206,140;185,140;206,140;185,140;206,140;185,140;206,140;185,140;206,140;185,140;206,140;185,140;206,140;185,140;206,140;185,140;206,140;185,140;206,140;185,140;206,140;185,140;206,140;185,140;206,140;185,140;206,140;185,140;206,140;185,140;206,140;185,140;206,140;185,140;206,140;185,140;206,140;185,140;206,140;185,140;206,140;185,140;206,140;185,140;206,140;185,140;206,140;185,140;206,140;185,140;206,140;185,140;206,140;185,140;206,140;185,140;206,140;185,140;206,140;185,140;206,140;185,140;206,140;185,140;206,140;185,140;206,140;185,140;206,140;185,140;206,140;185,140;206,140;185,140;206,140;185,140;206,140;185,140;206,140;185,140;206,140;185,140;206,140;185,140;206,140;185,140;206,140;185,140;206,140;185,140;206,140;185,140;206,140;185,140;206,140;185,140;206,140;185,140;206,140;185,140;206,140;
#2862:
>0:-1,-1;226,145;206,146;225,147;206,147;226,148;245,149;265,149;244,150;225,151;
#2863:
>0:-1,-1;226,160;226,160;
#2864:
>0:-1,-1;226,237;245,238;265,238;265,239;264,239;245,239;
#2865:
>0:-1,-1;226,239;226,239;
#2866:
>0:-1,-1;227,0;227,0;
#2867:
>0:-1,-1;227,52;227,54;206,55;206,57;
#2868:
>0:-1,-1;227,52;248,53;
#2869:
>0:-1,-1;227,69;206,69;187,70;188,70;188,71;
#2870:
>0:-1,-1;227,73;206,73;227,74;247,75;247,77;
#2871:
>0:-1,-1;227,74;246,75;226,76;
#2872:
>0:-1,-1;227,74;247,75;247,77;
#2873:
>0:-1,-1;227,74;247,75;
#2874:
>0:-1,-1;227,93;227,93;
#2875:
>0:-1,-1;227,94;227,94;
#2876:
>0:-1,-1;227,175;227,175;
#2877:
>0:-1,-1;227,176;206,176;225,177;224,178;
#2878:
>0:-1,-1;227,176;206,176;
#2879:
>0:-1,-1;227,189;227,189;
#2880:
>0:-1,-1;227,200;226,200;
#2881:
>0:-1,-1;227,206;246,206;246,208;266,209;
#2882:
>0:-1,-1;227,230;227,230;
#2883:
>0:-1,-1;228,10;207,10;
#2884:
>0:-1,-1;228,10;207,11;226,11;225,11;204,11;223,11;
#2885:
>0:-1,-1;228,64;228,64;
#2886:
>0:-1,-1;228,72;228,72;
#2887:
>0:-1,-1;228,74;228,76;247,77;
#2888:
>0:-1,-1;228,97;228,97;
#2889:
>0:-1,-1;228,133;228,133;
#2890:
>0:-1,-1;228,139;247,140;267,141;246,142;267,143;
#2891:
>0:-1,-1;228,142;247,142;266,142;247,142;266,142;247,142;266,142;247,142;266,142;247,142;266,142;247,142;266,142;247,142;266,142;247,142;266,142;247,142;266,142;247,142;266,142;247,142;266,142;247,142;266,142;247,142;266,142;247,142;266,142;247,142;266,142;247,142;266,142;247,142;266,142;247,142;266,142;247,142;266,142;247,142;266,142;247,142;266,142;247,142;266,142;247,142;266,142;247,142;266,142;247,142;266,142;247,142;266,142;247,142;266,142;247,142;266,142;247,142;266,142;247,142;266,142;247,142;266,142;247,142;266,142;247,142;266,142;247,142;266,142;247,142;266,142;247,142;266,142;247,142;266,142;247,142;266,142;247,142;266,142;247,142;266,142;247,142;266,142;247,142;266,142;247,142;266,142;247,142;266,142;247,142;266,142;247,142;266,142;247,142;266,142;247,142;266,142;247,142;266,142;247,142;266,142;247,142;266,142;247,142;266,142;247,142;266,142;247,142;266,142;247,142;266,142;247,142;266,142;247,142;266,142;247,142;266,142;247,142;266,142;247,142;266,142;247,142;266,142;247,142;
#2892:
>0:-1,-1;228,161;228,161;
#2893:
>0:-1,-1;228,171;227,172;228,172;229,172;
#2894:
>0:-1,-1;228,221;247,221;268,221;289,222;290,222;309,222;288,222;308,223;
#2895:
>0:-1,-1;228,224;247,225;228,226;228,228;209,228;209,230;190,231;171,232;191,232;171,232;191,232;171,232;191,232;171,232;191,232;171,232;191,232;171,232;191,232;171,232;191,232;171,232;191,232;171,232;191,232;171,232;191,232;171,232;191,232;171,232;191,232;171,232;191,232;171,232;191,232;171,232;191,232;171,232;191,232;171,232;191,232;171,232;191,232;171,232;191,232;171,232;191,232;171,232;191,232;171,232;191,232;171,232;191,232;171,232;191,232;171,232;191,232;171,232;191,232;171,232;191,232;171,232;191,232;171,232;191,232;171,232;191,232;171,232;191,232;171,232;191,232;171,232;191,232;171,232;191,232;171,232;191,232;171,232;191,232;171,232;191,232;171,232;191,232;171,232;191,232;171,232;191,232;171,232;191,232;171,232;191,232;171,232;191,232;171,232;191,232;171,232;191,232;171,232;191,232;171,232;191,232;171,232;191,232;171,232;191,232;171,232;191,232;171,232;191,232;171,232;191,232;171,232;191,232;171,232;191,232;171,232;191,232;171,232;191,232;171,232;191,232;171,232;191,232;171,232;
#2896:
>0:-1,-1;229,4;210,4;209,5;189,6;209,7;189,7;
#2897:
>0:-1,-1;229,4;248,5;229,6;
#2898:
>0:-1,-1;229,8;249,9;269,10;269,12;270,13;250,14;
#2899:
>0:-1,-1;229,21;208,21;189,22;
#2900:
>0:-1,-1;229,24;229,26;
#2901:
>0:-1,-1;229,25;209,25;
#2902:
>0:-1,-1;229,45;248,46;248,47;
#2903:
>0:-1,-1;229,69;228,70;
#2904:
>0:-1,-1;229,74;209,75;189,76;188,76;
#2905:
>0:-1,-1;229,77;248,77;
#2906:
>0:-1,-1;229,101;230,101;
#2907:
>0:-1,-1;229,103;229,104;209,105;
#2908:
>0:-1,-1;229,112;228,113;227,113;
#2909:
>0:-1,-1;229,113;229,113;
#2910:
>0:-1,-1;229,120;228,120;227,120;206,120;207,121;228,122;247,122;246,122;267,123;247,123;227,124;
#2911:
>0:-1,-1;229,129;229,130;
#2912:
>0:-1,-1;229,129;250,130;
#2913:
>0:-1,-1;229,153;208,153;208,154;189,155;188,155;188,157;167,157;168,158;167,158;168,158;167,158;168,158;167,158;168,158;167,158;168,158;167,158;168,158;167,158;168,158;167,158;168,158;167,158;168,158;167,158;168,158;167,158;168,158;167,158;168,158;167,158;168,158;167,158;168,158;167,158;168,158;167,158;168,158;167,158;168,158;167,158;168,158;167,158;168,158;167,158;168,158;167,158;168,158;167,158;168,158;167,158;168,158;167,158;168,158;167,158;168,158;167,158;168,158;167,158;168,158;167,158;168,158;167,158;168,158;167,158;168,158;167,158;168,158;167,158;168,158;167,158;168,158;167,158;168,158;167,158;168,158;167,158;168,158;167,158;168,158;167,158;168,158;167,158;168,158;167,158;168,158;167,158;168,158;167,158;168,158;167,158;168,158;167,158;168,158;167,158;168,158;167,158;168,158;167,158;168,158;167,158;168,158;167,158;168,158;167,158;168,158;167,158;168,158;167,158;168,158;167,158;168,158;167,158;168,158;167,158;168,158;167,158;168,158;167,158;168,158;167,158;168,158;167,158;168,158;
#2914:
>0:-1,-1;229,172;229,172;
#2915:
>0:-1,-1;229,224;230,225;
#2916:
>0:-1,-1;229,230;248,230;267,231;286,231;305,232;
#2917:
>0:-1,-1;229,234;230,235;229,236;
#2918:
>0:-1,-1;230,3;251,3;251,4;271,4;250,5;249,5;230,6;250,6;
#2919:
>0:-1,-1;230,3;251,3;271,4;250,5;249,5;230,6;250,6;
#2920:
>0:-1,-1;230,4;230,6;250,6;
#2921:
>0:-1,-1;230,9;229,9;
#2922:
>0:-1,-1;230,18;209,18;188,18;208,19;209,19;210,20;229,20;230,21;249,22;249,24;
#2923:
>0:-1,-1;230,19;211,20;210,21;
#2924:
>0:-1,-1;230,40;209,40;208,41;209,42;229,42;210,43;211,43;
#2925:
>0:-1,-1;230,72;229,72;249,72;230,73;209,74;
#2926:
>0:-1,-1;230,79;211,79;211,81;
#2927:
>0:-1,-1;230,79;231,79;232,79;231,79;232,79;231,79;232,79;231,79;232,79;231,79;232,79;231,79;232,79;231,79;232,79;231,79;232,79;231,79;232,79;231,79;232,79;231,79;232,79;231,79;232,79;231,79;232,79;231,79;232,79;231,79;232,79;231,79;232,79;231,79;232,79;231,79;232,79;231,79;232,79;231,79;232,79;231,79;232,79;231,79;232,79;231,79;232,79;231,79;232,79;231,79;232,79;231,79;232,79;231,79;232,79;231,79;232,79;231,79;232,79;231,79;232,79;231,79;232,79;231,79;232,79;231,79;232,79;231,79;232,79;231,79;232,79;231,79;232,79;231,79;232,79;231,79;232,79;231,79;232,79;231,79;232,79;231,79;232,79;231,79;232,79;231,79;232,79;231,79;232,79;231,79;232,79;231,79;232,79;231,79;232,79;231,79;232,79;231,79;232,79;231,79;232,79;231,79;232,79;231,79;232,79;231,79;232,79;231,79;232,79;231,79;232,79;231,79;232,79;231,79;232,79;231,79;232,79;231,79;232,79;231,79;232,79;231,79;232,79;231,79;
#2928:
>0:-1,-1;230,104;230,104;
#2929:
>0:-1,-1;230,134;249,134;
#2930:
>0:-1,-1;230,134;230,134;
#2931:
>0:-1,-1;230,152;230,153;
#2932:
>0:-1,-1;230,176;230,178;210,179;191,179;212,180;211,181;210,182;211,183;191,183;171,184;190,184;191,185;212,186;192,186;
#2933:
>0:-1,-1;230,192;230,193;230,195;249,196;
#2934:
>0:-1,-1;230,192;250,192;
#2935:
>0:-1,-1;230,198;210,199;
#2936:
>0:-1,-1;230,222;230,222;
#2937:
>0:-1,-1;230,222;230,222;
#2938:
>0:-1,-1;231,2;252,3;
#2939:
>0:-1,-1;231,3;212,3;191,4;192,5;191,6;192,7;212,7;231,7;231,8;
#2940:
>0:-1,-1;231,14;210,15;229,16;229,18;230,18;209,18;188,18;208,19;209,19;210,20;229,20;230,21;249,22;249,24;
#2941:
>0:-1,-1;231,45;250,45;269,45;
#2942:
>0:-1,-1;231,50;232,51;231,51;251,52;230,52;230,54;
#2943:
>0:-1,-1;231,63;231,63;
#2944:
>0:-1,-1;231,67;250,67;249,67;268,68;269,68;268,68;269,68;268,68;269,68;268,68;269,68;268,68;269,68;268,68;269,68;268,68;269,68;268,68;269,68;268,68;269,68;268,68;269,68;268,68;269,68;268,68;269,68;268,68;269,68;268,68;269,68;268,68;269,68;268,68;269,68;268,68;269,68;268,68;269,68;268,68;269,68;268,68;269,68;268,68;269,68;268,68;269,68;268,68;269,68;268,68;269,68;268,68;269,68;268,68;269,68;268,68;269,68;268,68;269,68;268,68;269,68;268,68;269,68;268,68;269,68;268,68;269,68;268,68;269,68;268,68;269,68;268,68;269,68;268,68;269,68;268,68;269,68;268,68;269,68;268,68;269,68;268,68;269,68;268,68;269,68;268,68;269,68;268,68;269,68;268,68;269,68;268,68;269,68;268,68;269,68;268,68;269,68;268,68;269,68;268,68;269,68;268,68;269,68;268,68;269,68;268,68;269,68;268,68;269,68;268,68;269,68;268,68;269,68;268,68;269,68;268,68;269,68;268,68;269,68;268,68;269,68;268,68;269,68;268,68;
#2945:
>0:-1,-1;231,78;250,79;230,79;211,79;211,81;
#2946:
>0:-1,-1;231,138;210,139;229,140;250,141;271,141;252,142;253,143;232,144;231,145;231,147;
#2947:
>0:-1,-1;231,145;231,147;
#2948:
>0:-1,-1;231,154;231,156;
#2949:
>0:-1,-1;231,194;252,195;232,195;211,196;190,196;209,196;188,196;209,196;188,196;209,196;188,196;209,196;188,196;209,196;188,196;209,196;188,196;209,196;188,196;209,196;188,196;209,196;188,196;209,196;188,196;209,196;188,196;209,196;188,196;209,196;188,196;209,196;188,196;209,196;188,196;209,196;188,196;209,196;188,196;209,196;188,196;209,196;188,196;209,196;188,196;209,196;188,196;209,196;188,196;209,196;188,196;209,196;188,196;209,196;188,196;209,196;188,196;209,196;188,196;209,196;188,196;209,196;188,196;209,196;188,196;209,196;188,196;209,196;188,196;209,196;188,196;209,196;188,196;209,196;188,196;209,196;188,196;209,196;188,196;209,196;188,196;209,196;188,196;209,196;188,196;209,196;188,196;209,196;188,196;209,196;188,196;209,196;188,196;209,196;188,196;209,196;188,196;209,196;188,196;209,196;188,196;209,196;188,196;209,196;188,196;209,196;188,196;209,196;188,196;209,196;188,196;209,196;188,196;209,196;188,196;209,196;188,196;209,196;188,196;209,196;188,196;209,196;188,196;209,196;
#2950:
>0:-1,-1;232,2;233,3;214,4;213,4;214,4;213,4;214,4;213,4;214,4;213,4;214,4;213,4;214,4;213,4;214,4;213,4;214,4;213,4;214,4;213,4;214,4;213,4;214,4;213,4;214,4;213,4;214,4;213,4;214,4;213,4;214,4;213,4;214,4;213,4;214,4;213,4;214,4;213,4;214,4;213,4;214,4;213,4;214,4;213,4;214,4;213,4;214,4;213,4;214,4;213,4;214,4;213,4;214,4;213,4;214,4;213,4;214,4;213,4;214,4;213,4;214,4;213,4;214,4;213,4;214,4;213,4;214,4;213,4;214,4;213,4;214,4;213,4;214,4;213,4;214,4;213,4;214,4;213,4;214,4;213,4;214,4;213,4;214,4;213,4;214,4;213,4;214,4;213,4;214,4;213,4;214,4;213,4;214,4;213,4;214,4;213,4;214,4;213,4;214,4;213,4;214,4;213,4;214,4;213,4;214,4;213,4;214,4;213,4;214,4;213,4;214,4;213,4;214,4;213,4;214,4;213,4;214,4;213,4;214,4;213,4;214,4;213,4;214,4;213,4;
#2951:
>0:-1,-1;232,36;232,36;
#2952:
>0:-1,-1;232,42;232,44;212,44;232,45;251,46;230,47;231,48;
#2953:
>0:-1,-1;232,42;251,43;252,43;251,43;252,43;251,43;252,43;251,43;252,43;251,43;252,43;251,43;252,43;251,43;252,43;251,43;252,43;251,43;252,43;251,43;252,43;251,43;252,43;251,43;252,43;251,43;252,43;251,43;252,43;251,43;252,43;251,43;252,43;251,43;252,43;251,43;252,43;251,43;252,43;251,43;252,43;251,43;252,43;251,43;252,43;251,43;252,43;251,43;252,43;251,43;252,43;251,43;252,43;251,43;252,43;251,43;252,43;251,43;252,43;251,43;252,43;251,43;252,43;251,43;252,43;251,43;252,43;251,43;252,43;251,43;252,43;251,43;252,43;251,43;252,43;251,43;252,43;251,43;252,43;251,43;252,43;251,43;252,43;251,43;252,43;251,43;252,43;251,43;252,43;251,43;252,43;251,43;252,43;251,43;252,43;251,43;252,43;251,43;252,43;251,43;252,43;251,43;252,43;251,43;252,43;251,43;252,43;251,43;252,43;251,43;252,43;251,43;252,43;251,43;252,43;251,43;252,43;251,43;252,43;251,43;252,43;251,43;252,43;251,43;
#2954:
>0:-1,-1;232,49;211,50;211,51;231,52;230,52;230,54;
#2955:
>0:-1,-1;232,49;212,50;212,52;213,52;212,53;232,54;212,55;
#2956:
>0:-1,-1;232,54;212,55;
#2957:
>0:-1,-1;232,64;212,64;232,65;232,66;211,67;212,67;212,69;212,70;193,70;
#2958:
>0:-1,-1;232,72;232,72;
#2959:
>0:-1,-1;232,80;233,81;214,81;195,81;174,81;195,82;
#2960:
>0:-1,-1;232,100;232,102;213,103;214,104;194,104;215,104;194,104;215,104;194,104;215,104;194,104;215,104;194,104;215,104;194,104;215,104;194,104;215,104;194,104;215,104;194,104;215,104;194,104;215,104;194,104;215,104;194,104;215,104;194,104;215,104;194,104;215,104;194,104;215,104;194,104;215,104;194,104;215,104;194,104;215,104;194,104;215,104;194,104;215,104;194,104;215,104;194,104;215,104;194,104;215,104;194,104;215,104;194,104;215,104;194,104;215,104;194,104;215,104;194,104;215,104;194,104;215,104;194,104;215,104;194,104;215,104;194,104;215,104;194,104;215,104;194,104;215,104;194,104;215,104;194,104;215,104;194,104;215,104;194,104;215,104;194,104;215,104;194,104;215,104;194,104;215,104;194,104;215,104;194,104;215,104;194,104;215,104;194,104;215,104;194,104;215,104;194,104;215,104;194,104;215,104;194,104;215,104;194,104;215,104;194,104;215,104;194,104;215,104;194,104;215,104;194,104;215,104;194,104;215,104;194,104;215,104;194,104;215,104;194,104;215,104;194,104;215,104;194,104;215,104;
#2961:
>0:-1,-1;232,135;253,136;233,137;253,137;272,138;272,140;292,140;311,140;
#2962:
>0:-1,-1;232,153;231,154;231,156;
#2963:
>0:-1,-1;232,157;233,157;214,157;214,159;215,159;214,159;215,159;214,159;215,159;214,159;215,159;214,159;215,159;214,159;215,159;214,159;215,159;214,159;215,159;214,159;215,159;214,159;215,159;214,159;215,159;214,159;215,159;214,159;215,159;214,159;215,159;214,159;215,159;214,159;215,159;214,159;215,159;214,159;215,159;214,159;215,159;214,159;215,159;214,159;215,159;214,159;215,159;214,159;215,159;214,159;215,159;214,159;215,159;214,159;215,159;214,159;215,159;214,159;215,159;214,159;215,159;214,159;215,159;214,159;215,159;214,159;215,159;214,159;215,159;214,159;215,159;214,159;215,159;214,159;215,159;214,159;215,159;214,159;215,159;214,159;215,159;214,159;215,159;214,159;215,159;214,159;215,159;214,159;215,159;214,159;215,159;214,159;215,159;214,159;215,159;214,159;215,159;214,159;215,159;214,159;215,159;214,159;215,159;214,159;215,159;214,159;215,159;214,159;215,159;214,159;215,159;214,159;215,159;214,159;215,159;214,159;215,159;214,159;215,159;214,159;215,159;214,159;215,159;214,159;
#2964:
>0:-1,-1;232,172;213,172;213,174;
#2965:
>0:-1,-1;232,196;253,197;274,198;273,198;252,199;232,200;233,200;252,201;272,201;291,201;270,201;251,202;272,203;292,204;
#2966:
>0:-1,-1;232,216;231,216;251,216;231,216;251,216;231,216;251,216;231,216;251,216;231,216;251,216;231,216;251,216;231,216;251,216;231,216;251,216;231,216;251,216;231,216;251,216;231,216;251,216;231,216;251,216;231,216;251,216;231,216;251,216;231,216;251,216;231,216;251,216;231,216;251,216;231,216;251,216;231,216;251,216;231,216;251,216;231,216;251,216;231,216;251,216;231,216;251,216;231,216;251,216;231,216;251,216;231,216;251,216;231,216;251,216;231,216;251,216;231,216;251,216;231,216;251,216;231,216;251,216;231,216;251,216;231,216;251,216;231,216;251,216;231,216;251,216;231,216;251,216;231,216;251,216;231,216;251,216;231,216;251,216;231,216;251,216;231,216;251,216;231,216;251,216;231,216;251,216;231,216;251,216;231,216;251,216;231,216;251,216;231,216;251,216;231,216;251,216;231,216;251,216;231,216;251,216;231,216;251,216;231,216;251,216;231,216;251,216;231,216;251,216;231,216;251,216;231,216;251,216;231,216;251,216;231,216;251,216;231,216;251,216;231,216;251,216;231,216;251,216;231,216;
#2967:
>0:-1,-1;232,225;231,226;251,226;251,228;231,229;211,229;192,230;213,230;192,231;192,232;172,232;193,233;172,234;
#2968:
>0:-1,-1;233,4;232,4;
#2969:
>0:-1,-1;233,13;234,14;233,15;
#2970:
>0:-1,-1;233,29;232,30;211,30;231,31;
#2971:
>0:-1,-1;233,62;213,63;193,64;213,64;233,65;214,65;213,66;
#2972:
>0:-1,-1;233,62;213,63;213,64;233,65;214,65;213,66;
#2973:
>0:-1,-1;233,80;233,82;213,83;193,83;194,84;193,85;214,86;
#2974:
>0:-1,-1;233,170;233,170;
#2975:
>0:-1,-1;233,176;254,176;253,177;
#2976:
>0:-1,-1;233,204;233,204;
#2977:
>0:-1,-1;233,227;234,227;235,227;235,229;214,230;213,230;192,231;192,232;172,232;193,233;172,234;
#2978:
>0:-1,-1;234,2;234,3;215,3;234,4;214,5;
#2979:
>0:-1,-1;234,31;213,31;193,31;212,32;213,33;
#2980:
>0:-1,-1;234,38;255,39;255,40;
#2981:
>0:-1,-1;234,68;214,68;194,68;214,68;194,68;214,68;194,68;214,68;194,68;214,68;194,68;214,68;194,68;214,68;194,68;214,68;194,68;214,68;194,68;214,68;194,68;214,68;194,68;214,68;194,68;214,68;194,68;214,68;194,68;214,68;194,68;214,68;194,68;214,68;194,68;214,68;194,68;214,68;194,68;214,68;194,68;214,68;194,68;214,68;194,68;214,68;194,68;214,68;194,68;214,68;194,68;214,68;194,68;214,68;194,68;214,68;194,68;214,68;194,68;214,68;194,68;214,68;194,68;214,68;194,68;214,68;194,68;214,68;194,68;214,68;194,68;214,68;194,68;214,68;194,68;214,68;194,68;214,68;194,68;214,68;194,68;214,68;194,68;214,68;194,68;214,68;194,68;214,68;194,68;214,68;194,68;214,68;194,68;214,68;194,68;214,68;194,68;214,68;194,68;214,68;194,68;214,68;194,68;214,68;194,68;214,68;194,68;214,68;194,68;214,68;194,68;214,68;194,68;214,68;194,68;214,68;194,68;214,68;194,68;214,68;194,68;214,68;194,68;214,68;
#2982:
>0:-1,-1;234,72;234,72;
#2983:
>0:-1,-1;234,119;234,119;
#2984:
>0:-1,-1;234,167;234,167;
#2985:
>0:-1,-1;234,172;233,173;252,174;231,174;251,174;270,174;
#2986:
>0:-1,-1;234,186;234,186;
#2987:
>0:-1,-1;234,193;253,193;254,194;274,195;274,196;275,197;
#2988:
>0:-1,-1;234,211;214,211;235,212;
#2989:
>0:-1,-1;235,0;216,1;215,1;216,1;215,1;216,1;215,1;216,1;215,1;216,1;215,1;216,1;215,1;216,1;215,1;216,1;215,1;216,1;215,1;216,1;215,1;216,1;215,1;216,1;215,1;216,1;215,1;216,1;215,1;216,1;215,1;216,1;215,1;216,1;215,1;216,1;215,1;216,1;215,1;216,1;215,1;216,1;215,1;216,1;215,1;216,1;215,1;216,1;215,1;216,1;215,1;216,1;215,1;216,1;215,1;216,1;215,1;216,1;215,1;216,1;215,1;216,1;215,1;216,1;215,1;216,1;215,1;216,1;215,1;216,1;215,1;216,1;215,1;216,1;215,1;216,1;215,1;216,1;215,1;216,1;215,1;216,1;215,1;216,1;215,1;216,1;215,1;216,1;215,1;216,1;215,1;216,1;215,1;216,1;215,1;216,1;215,1;216,1;215,1;216,1;215,1;216,1;215,1;216,1;215,1;216,1;215,1;216,1;215,1;216,1;215,1;216,1;215,1;216,1;215,1;216,1;215,1;216,1;215,1;216,1;215,1;216,1;215,1;216,1;
#2990:
>0:-1,-1;235,63;215,63;
#2991:
>0:-1,-1;235,147;256,148;
#2992:
>0:-1,-1;235,168;256,168;257,169;237,169;218,169;
#2993:
>0:-1,-1;235,219;216,219;236,219;215,219;234,220;233,221;
#2994:
>0:-1,-1;236,6;235,6;255,6;
#2995:
>0:-1,-1;236,55;236,55;
#2996:
>0:-1,-1;236,81;257,81;256,81;
#2997:
>0:-1,-1;236,107;215,107;196,108;216,109;197,109;197,111;217,111;237,111;238,112;258,113;277,114;258,114;257,115;258,116;278,117;299,118;
#2998:
>0:-1,-1;236,140;256,141;
#2999:
>0:-1,-1;236,155;237,155;217,156;238,157;257,158;237,159;
#3000:
>0:-1,-1;236,169;237,169;218,169;
#3001:
>0:-1,-1;236,188;217,189;218,189;
#3002:
>0:-1,-1;236,197;235,197;236,198;255,198;236,199;256,199;237,200;
#3003:
>0:-1,-1;236,197;236,197;
#3004:
>0:-1,-1;236,212;257,213;277,213;276,214;295,215;316,216;295,217;296,218;
#3005:
>0:-1,-1;237,3;217,3;237,3;217,3;237,3;217,3;237,3;217,3;237,3;217,3;237,3;217,3;237,3;217,3;237,3;217,3;237,3;217,3;237,3;217,3;237,3;217,3;237,3;217,3;237,3;217,3;237,3;217,3;237,3;217,3;237,3;217,3;237,3;217,3;237,3;217,3;237,3;217,3;237,3;217,3;237,3;217,3;237,3;217,3;237,3;217,3;237,3;217,3;237,3;217,3;237,3;217,3;237,3;217,3;237,3;217,3;237,3;217,3;237,3;217,3;237,3;217,3;237,3;217,3;237,3;217,3;237,3;217,3;237,3;217,3;237,3;217,3;237,3;217,3;237,3;217,3;237,3;217,3;237,3;217,3;237,3;217,3;237,3;217,3;237,3;217,3;237,3;217,3;237,3;217,3;237,3;217,3;237,3;217,3;237,3;217,3;237,3;217,3;237,3;217,3;237,3;217,3;237,3;217,3;237,3;217,3;237,3;217,3;237,3;217,3;237,3;217,3;237,3;217,3;237,3;217,3;237,3;217,3;237,3;217,3;237,3;217,3;237,3;217,3;
#3006:
>0:-1,-1;237,29;236,30;215,31;236,32;256,32;
#3007:
>0:-1,-1;237,62;257,62;
#3008:
>0:-1,-1;237,87;258,87;239,88;239,90;219,90;238,91;
#3009:
>0:-1,-1;237,93;236,93;237,94;217,95;
#3010:
>0:-1,-1;237,168;216,169;215,170;216,170;196,171;
#3011:
>0:-1,-1;237,217;216,217;215,217;195,217;
#3012:
>0:-1,-1;237,219;238,219;237,220;
#3013:
>0:-1,-1;237,230;237,230;
#3014:
>0:-1,-1;238,1;239,1;238,1;239,1;238,1;239,1;238,1;239,1;238,1;239,1;238,1;239,1;238,1;239,1;238,1;239,1;238,1;239,1;238,1;239,1;238,1;239,1;238,1;239,1;238,1;239,1;238,1;239,1;238,1;239,1;238,1;239,1;238,1;239,1;238,1;239,1;238,1;239,1;238,1;239,1;238,1;239,1;238,1;239,1;238,1;239,1;238,1;239,1;238,1;239,1;238,1;239,1;238,1;239,1;238,1;239,1;238,1;239,1;238,1;239,1;238,1;239,1;238,1;239,1;238,1;239,1;238,1;239,1;238,1;239,1;238,1;239,1;238,1;239,1;238,1;239,1;238,1;239,1;238,1;239,1;238,1;239,1;238,1;239,1;238,1;239,1;238,1;239,1;238,1;239,1;238,1;239,1;238,1;239,1;238,1;239,1;238,1;239,1;238,1;239,1;238,1;239,1;238,1;239,1;238,1;239,1;238,1;239,1;238,1;239,1;238,1;239,1;238,1;239,1;238,1;239,1;238,1;239,1;238,1;239,1;238,1;239,1;238,1;239,1;
#3015:
>0:-1,-1;238,4;239,4;258,5;
#3016:
>0:-1,-1;238,6;218,6;219,7;218,7;218,9;198,9;
#3017:
>0:-1,-1;238,14;239,15;258,15;279,16;299,17;
#3018:
>0:-1,-1;238,26;258,27;239,28;218,29;198,30;
#3019:
>0:-1,-1;238,51;238,52;218,53;198,53;217,54;197,54;216,55;195,56;195,57;195,59;176,60;156,61;
#3020:
>0:-1,-1;238,51;257,52;238,53;237,53;217,54;197,54;216,55;195,56;195,57;195,59;176,60;156,61;
#3021:
>0:-1,-1;238,67;219,67;199,68;198,68;197,68;196,69;176,69;175,69;
#3022:
>0:-1,-1;238,83;238,83;
#3023:
>0:-1,-1;238,107;238,107;
#3024:
>0:-1,-1;238,137;238,137;
#3025:
>0:-1,-1;238,155;258,155;258,156;278,157;257,158;237,159;
#3026:
>0:-1,-1;238,159;258,159;
#3027:
>0:-1,-1;238,166;259,166;238,167;258,167;277,168;256,168;257,169;237,169;218,169;
#3028:
>0:-1,-1;238,190;219,191;238,191;259,192;239,193;258,193;259,193;
#3029:
>0:-1,-1;238,191;259,192;239,193;258,193;259,193;
#3030:
>0:-1,-1;238,234;238,234;
#3031:
>0:-1,-1;239,24;259,25;279,26;298,27;
#3032:
>0:-1,-1;239,36;238,37;238,39;239,39;258,40;259,40;258,41;237,42;236,43;235,43;256,43;235,44;236,45;216,46;197,47;198,48;217,49;237,50;216,51;197,51;178,52;197,53;216,53;215,53;195,53;195,55;196,55;177,56;158,57;
#3033:
>0:-1,-1;239,43;219,43;239,44;239,45;218,45;239,45;218,45;239,45;218,45;239,45;218,45;239,45;218,45;239,45;218,45;239,45;218,45;239,45;218,45;239,45;218,45;239,45;218,45;239,45;218,45;239,45;218,45;239,45;218,45;239,45;218,45;239,45;218,45;239,45;218,45;239,45;218,45;239,45;218,45;239,45;218,45;239,45;218,45;239,45;218,45;239,45;218,45;239,45;218,45;239,45;218,45;239,45;218,45;239,45;218,45;239,45;218,45;239,45;218,45;239,45;218,45;239,45;218,45;239,45;218,45;239,45;218,45;239,45;218,45;239,45;218,45;239,45;218,45;239,45;218,45;239,45;218,45;239,45;218,45;239,45;218,45;239,45;218,45;239,45;218,45;239,45;218,45;239,45;218,45;239,45;218,45;239,45;218,45;239,45;218,45;239,45;218,45;239,45;218,45;239,45;218,45;239,45;218,45;239,45;218,45;239,45;218,45;239,45;218,45;239,45;218,45;239,45;218,45;239,45;218,45;239,45;218,45;239,45;218,45;239,45;218,45;239,45;218,45;239,45;
#3034:
>0:-1,-1;239,46;239,48;219,49;199,50;
#3035:
>0:-1,-1;239,50;258,50;
#3036:
>0:-1,-1;239,61;259,61;239,62;258,63;
#3037:
>0:-1,-1;239,61;259,61;259,63;
#3038:
>0:-1,-1;239,65;239,66;239,67;
#3039:
>0:-1,-1;239,94;239,94;
#3040:
>0:-1,-1;239,155;258,156;278,157;257,158;237,159;
#3041:
>0:-1,-1;239,181;239,181;
#3042:
>0:-1,-1;239,184;219,184;199,185;218,186;198,186;199,187;199,189;
#3043:
>0:-1,-1;239,209;239,210;259,210;279,211;
#3044:
>0:-1,-1;239,239;218,239;237,239;
#3045:
>0:-1,-1;239,239;238,239;
#3046:
>0:-1,-1;240,21;221,22;222,22;
#3047:
>0:-1,-1;240,82;260,82;
#3048:
>0:-1,-1;240,144;240,144;
#3049:
>0:-1,-1;240,145;240,145;
#3050:
>0:-1,-1;240,157;261,157;262,157;283,158;284,158;304,159;303,160;282,161;303,162;
#3051:
>0:-1,-1;240,205;240,205;
#3052:
>0:-1,-1;240,212;240,212;
#3053:
>0:-1,-1;240,224;240,225;240,226;241,227;221,228;200,229;181,229;160,229;
#3054:
>0:-1,-1;241,5;241,5;
#3055:
>0:-1,-1;241,16;241,16;
#3056:
>0:-1,-1;241,29;241,30;
#3057:
>0:-1,-1;241,77;222,77;243,78;263,79;
#3058:
>0:-1,-1;241,81;241,81;
#3059:
>0:-1,-1;241,92;260,92;241,92;260,92;241,92;260,92;241,92;260,92;241,92;260,92;241,92;260,92;241,92;260,92;241,92;260,92;241,92;260,92;241,92;260,92;241,92;260,92;241,92;260,92;241,92;260,92;241,92;260,92;241,92;260,92;241,92;260,92;241,92;260,92;241,92;260,92;241,92;260,92;241,92;260,92;241,92;260,92;241,92;260,92;241,92;260,92;241,92;260,92;241,92;260,92;241,92;260,92;241,92;260,92;241,92;260,92;241,92;260,92;241,92;260,92;241,92;260,92;241,92;260,92;241,92;260,92;241,92;260,92;241,92;260,92;241,92;260,92;241,92;260,92;241,92;260,92;241,92;260,92;241,92;260,92;241,92;260,92;241,92;260,92;241,92;260,92;241,92;260,92;241,92;260,92;241,92;260,92;241,92;260,92;241,92;260,92;241,92;260,92;241,92;260,92;241,92;260,92;241,92;260,92;241,92;260,92;241,92;260,92;241,92;260,92;241,92;260,92;241,92;260,92;241,92;260,92;241,92;260,92;241,92;260,92;241,92;260,92;241,92;260,92;
#3060:
>0:-1,-1;241,177;220,178;240,178;221,178;241,179;
#3061:
>0:-1,-1;241,177;241,177;
#3062:
>0:-1,-1;241,238;221,239;240,239;260,239;280,239;260,239;280,239;260,239;280,239;260,239;280,239;260,239;280,239;260,239;280,239;260,239;280,239;260,239;280,239;260,239;280,239;260,239;280,239;260,239;280,239;260,239;280,239;260,239;280,239;260,239;280,239;260,239;280,239;260,239;280,239;260,239;280,239;260,239;280,239;260,239;280,239;260,239;280,239;260,239;280,239;260,239;280,239;260,239;280,239;260,239;280,239;260,239;280,239;260,239;280,239;260,239;280,239;260,239;280,239;260,239;280,239;260,239;280,239;260,239;280,239;260,239;280,239;260,239;280,239;260,239;280,239;260,239;280,239;260,239;280,239;260,239;280,239;260,239;280,239;260,239;280,239;260,239;280,239;260,239;280,239;260,239;280,239;260,239;280,239;260,239;280,239;260,239;280,239;260,239;280,239;260,239;280,239;260,239;280,239;260,239;280,239;260,239;280,239;260,239;280,239;260,239;280,239;260,239;280,239;260,239;280,239;260,239;280,239;260,239;280,239;260,239;280,239;260,239;280,239;260,239;280,239;260,239;280,239;260,239;
#3063:
>0:-1,-1;242,0;222,0;221,1;200,1;200,3;
#3064:
>0:-1,-1;242,2;242,2;
#3065:
>0:-1,-1;242,38;262,39;263,40;263,42;
#3066:
>0:-1,-1;242,61;242,62;221,62;202,63;
#3067:
>0:-1,-1;242,85;262,85;283,86;264,87;285,87;284,88;264,88;
#3068:
>0:-1,-1;242,142;241,143;241,145;260,145;
#3069:
>0:-1,-1;242,174;262,175;243,176;262,176;242,177;261,177;280,177;280,178;260,178;240,178;221,178;241,179;
#3070:
>0:-1,-1;242,209;262,210;263,211;284,212;305,212;286,212;286,213;
#3071:
>0:-1,-1;242,222;262,222;283,223;264,223;
#3072:
>0:-1,-1;242,224;241,225;220,226;201,227;180,228;
#3073:
>0:-1,-1;242,235;242,236;
#3074:
>0:-1,-1;243,31;244,31;265,32;264,32;245,32;266,32;245,33;
#3075:
>0:-1,-1;243,31;244,32;225,33;205,33;205,35;
#3076:
>0:-1,-1;243,71;264,72;244,73;245,74;225,74;
#3077:
>0:-1,-1;243,98;244,99;244,100;264,100;264,102;243,102;222,102;242,103;
#3078:
>0:-1,-1;243,98;263,99;283,99;264,100;264,102;243,102;222,102;242,103;
#3079:
>0:-1,-1;243,106;243,106;
#3080:
>0:-1,-1;243,119;243,120;224,120;224,121;245,122;
#3081:
>0:-1,-1;243,154;243,155;
#3082:
>0:-1,-1;243,154;243,155;
#3083:
>0:-1,-1;243,164;242,164;242,166;262,167;
#3084:
>0:-1,-1;243,179;264,180;
#3085:
>0:-1,-1;243,221;222,222;203,223;184,224;183,224;163,224;
#3086:
>0:-1,-1;244,85;265,86;266,87;285,88;304,89;304,90;285,90;285,91;
#3087:
>0:-1,-1;244,86;244,86;
#3088:
>0:-1,-1;244,102;243,103;
#3089:
>0:-1,-1;244,108;224,108;224,110;245,110;226,111;207,112;207,114;206,115;225,115;244,116;265,117;264,117;243,117;242,117;221,118;
#3090:
>0:-1,-1;244,113;244,115;243,116;
#3091:
>0:-1,-1;244,135;265,136;
#3092:
>0:-1,-1;244,149;244,149;
#3093:
>0:-1,-1;244,171;264,172;
#3094:
>0:-1,-1;245,1;266,2;285,2;265,3;265,5;286,6;
#3095:
>0:-1,-1;245,4;245,4;
#3096:
>0:-1,-1;245,21;245,23;245,25;226,25;225,26;
#3097:
>0:-1,-1;245,24;225,24;
#3098:
>0:-1,-1;245,36;266,37;285,38;304,39;283,39;284,39;304,39;283,39;284,39;304,39;283,39;284,39;304,39;283,39;284,39;304,39;283,39;284,39;304,39;283,39;284,39;304,39;283,39;284,39;304,39;283,39;284,39;304,39;283,39;284,39;304,39;283,39;284,39;304,39;283,39;284,39;304,39;283,39;284,39;304,39;283,39;284,39;304,39;283,39;284,39;304,39;283,39;284,39;304,39;283,39;284,39;304,39;283,39;284,39;304,39;283,39;284,39;304,39;283,39;284,39;304,39;283,39;284,39;304,39;283,39;284,39;304,39;283,39;284,39;304,39;283,39;284,39;304,39;283,39;284,39;304,39;283,39;284,39;304,39;283,39;284,39;304,39;283,39;284,39;304,39;283,39;284,39;304,39;283,39;284,39;304,39;283,39;284,39;304,39;283,39;284,39;304,39;283,39;284,39;304,39;283,39;284,39;304,39;283,39;284,39;304,39;283,39;284,39;304,39;283,39;284,39;304,39;283,39;284,39;304,39;283,39;284,39;304,39;283,39;284,39;304,39;283,39;284,39;304,39;
#3099:
>0:-1,-1;245,49;224,49;243,49;243,51;
#3100:
>0:-1,-1;245,87;265,88;284,89;264,90;284,90;303,90;303,91;
#3101:
>0:-1,-1;245,87;245,87;
#3102:
>0:-1,-1;245,127;226,127;207,127;208,128;188,128;189,128;208,129;
#3103:
>0:-1,-1;245,134;244,134;265,134;
#3104:
>0:-1,-1;245,138;245,138;
#3105:
>0:-1,-1;245,152;245,154;224,154;224,156;224,158;203,158;224,158;203,158;224,158;203,158;224,158;203,158;224,158;203,158;224,158;203,158;224,158;203,158;224,158;203,158;224,158;203,158;224,158;203,158;224,158;203,158;224,158;203,158;224,158;203,158;224,158;203,158;224,158;203,158;224,158;203,158;224,158;203,158;224,158;203,158;224,158;203,158;224,158;203,158;224,158;203,158;224,158;203,158;224,158;203,158;224,158;203,158;224,158;203,158;224,158;203,158;224,158;203,158;224,158;203,158;224,158;203,158;224,158;203,158;224,158;203,158;224,158;203,158;224,158;203,158;224,158;203,158;224,158;203,158;224,158;203,158;224,158;203,158;224,158;203,158;224,158;203,158;224,158;203,158;224,158;203,158;224,158;203,158;224,158;203,158;224,158;203,158;224,158;203,158;224,158;203,158;224,158;203,158;224,158;203,158;224,158;203,158;224,158;203,158;224,158;203,158;224,158;203,158;224,158;203,158;224,158;203,158;224,158;203,158;224,158;203,158;224,158;203,158;224,158;203,158;224,158;203,158;224,158;203,158;
#3106:
>0:-1,-1;245,178;224,178;
#3107:
>0:-1,-1;245,191;266,192;
#3108:
>0:-1,-1;245,227;245,227;
#3109:
>0:-1,-1;245,232;245,232;
#3110:
>0:-1,-1;246,7;225,7;
#3111:
>0:-1,-1;246,15;246,16;245,16;225,17;226,17;
#3112:
>0:-1,-1;246,40;246,40;
#3113:
>0:-1,-1;246,71;267,72;247,72;266,72;246,72;246,74;
#3114:
>0:-1,-1;246,109;245,109;244,110;
#3115:
>0:-1,-1;246,128;265,129;286,129;265,130;
#3116:
>0:-1,-1;246,141;226,141;227,141;248,141;227,141;248,141;227,141;248,141;227,141;248,141;227,141;248,141;227,141;248,141;227,141;248,141;227,141;248,141;227,141;248,141;227,141;248,141;227,141;248,141;227,141;248,141;227,141;248,141;227,141;248,141;227,141;248,141;227,141;248,141;227,141;248,141;227,141;248,141;227,141;248,141;227,141;248,141;227,141;248,141;227,141;248,141;227,141;248,141;227,141;248,141;227,141;248,141;227,141;248,141;227,141;248,141;227,141;248,141;227,141;248,141;227,141;248,141;227,141;248,141;227,141;248,141;227,141;248,141;227,141;248,141;227,141;248,141;227,141;248,141;227,141;248,141;227,141;248,141;227,141;248,141;227,141;248,141;227,141;248,141;227,141;248,141;227,141;248,141;227,141;248,141;227,141;248,141;227,141;248,141;227,141;248,141;227,141;248,141;227,141;248,141;227,141;248,141;227,141;248,141;227,141;248,141;227,141;248,141;227,141;248,141;227,141;248,141;227,141;248,141;227,141;248,141;227,141;248,141;227,141;248,141;227,141;248,141;227,141;248,141;
#3117:
>0:-1,-1;246,146;227,147;208,148;
#3118:
>0:-1,-1;246,146;246,146;
#3119:
>0:-1,-1;246,209;266,209;
#3120:
>0:-1,-1;247,0;267,0;248,0;228,0;248,0;228,0;248,0;228,0;248,0;228,0;248,0;228,0;248,0;228,0;248,0;228,0;248,0;228,0;248,0;228,0;248,0;228,0;248,0;228,0;248,0;228,0;248,0;228,0;248,0;228,0;248,0;228,0;248,0;228,0;248,0;228,0;248,0;228,0;248,0;228,0;248,0;228,0;248,0;228,0;248,0;228,0;248,0;228,0;248,0;228,0;248,0;228,0;248,0;228,0;248,0;228,0;248,0;228,0;248,0;228,0;248,0;228,0;248,0;228,0;248,0;228,0;248,0;228,0;248,0;228,0;248,0;228,0;248,0;228,0;248,0;228,0;248,0;228,0;248,0;228,0;248,0;228,0;248,0;228,0;248,0;228,0;248,0;228,0;248,0;228,0;248,0;228,0;248,0;228,0;248,0;228,0;248,0;228,0;248,0;228,0;248,0;228,0;248,0;228,0;248,0;228,0;248,0;228,0;248,0;228,0;248,0;228,0;248,0;228,0;248,0;228,0;248,0;228,0;248,0;228,0;248,0;228,0;248,0;228,0;
#3121:
>0:-1,-1;247,3;246,3;
#3122:
>0:-1,-1;247,26;248,27;
#3123:
>0:-1,-1;247,50;228,51;229,51;250,52;
#3124:
>0:-1,-1;247,107;248,107;
#3125:
>0:-1,-1;247,108;266,108;
#3126:
>0:-1,-1;247,143;247,143;
#3127:
>0:-1,-1;247,149;248,149;
#3128:
>0:-1,-1;247,158;247,158;
#3129:
>0:-1,-1;247,175;266,176;246,177;225,178;226,178;206,178;227,179;247,180;248,180;229,180;209,181;189,182;209,183;189,184;168,184;
#3130:
>0:-1,-1;247,180;248,180;229,180;209,181;189,182;209,183;189,184;168,184;
#3131:
>0:-1,-1;247,181;268,181;
#3132:
>0:-1,-1;247,184;226,184;205,185;
#3133:
>0:-1,-1;247,187;226,187;226,188;226,189;205,190;
#3134:
>0:-1,-1;247,202;267,202;287,203;
#3135:
>0:-1,-1;247,233;247,233;
#3136:
>0:-1,-1;248,16;248,16;
#3137:
>0:-1,-1;248,32;248,32;
#3138:
>0:-1,-1;248,43;248,44;
#3139:
>0:-1,-1;248,48;267,49;246,49;226,50;
#3140:
>0:-1,-1;248,64;248,64;
#3141:
>0:-1,-1;248,76;228,76;247,77;
#3142:
>0:-1,-1;248,76;229,76;248,77;
#3143:
>0:-1,-1;248,86;229,87;249,87;228,87;207,88;226,89;206,89;186,90;
#3144:
>0:-1,-1;248,98;248,98;
#3145:
>0:-1,-1;248,170;248,170;
#3146:
>0:-1,-1;248,171;247,172;268,172;248,172;269,172;249,172;230,173;
#3147:
>0:-1,-1;248,194;268,194;
#3148:
>0:-1,-1;248,224;268,225;289,226;269,226;270,226;
#3149:
>0:-1,-1;248,239;229,239;208,239;
#3150:
>0:-1,-1;249,13;270,14;269,15;269,17;
#3151:
>0:-1,-1;249,13;270,14;290,15;271,15;272,16;251,17;251,18;
#3152:
>0:-1,-1;249,33;229,34;
#3153:
>0:-1,-1;249,35;249,35;
#3154:
>0:-1,-1;249,70;268,71;288,71;309,72;308,73;309,74;
#3155:
>0:-1,-1;249,97;268,98;269,99;288,99;
#3156:
>0:-1,-1;249,104;270,104;290,104;
#3157:
>0:-1,-1;249,127;229,128;
#3158:
>0:-1,-1;249,158;248,158;
#3159:
>0:-1,-1;249,167;249,168;248,168;248,170;
#3160:
>0:-1,-1;249,175;249,175;
#3161:
>0:-1,-1;249,184;270,184;289,185;289,187;308,188;
#3162:
>0:-1,-1;249,209;248,209;268,209;267,210;247,210;266,211;245,212;245,214;266,214;286,215;305,216;285,217;285,218;285,220;264,220;245,221;
#3163:
>0:-1,-1;249,210;270,211;270,212;
#3164:
>0:-1,-1;249,239;250,239;230,239;
#3165:
>0:-1,-1;250,52;250,52;
#3166:
>0:-1,-1;250,65;250,65;
#3167:
>0:-1,-1;250,72;230,72;229,72;249,72;230,73;209,74;
#3168:
>0:-1,-1;250,77;270,77;271,78;290,78;291,78;311,79;330,80;310,80;310,81;330,82;329,82;310,82;
#3169:
>0:-1,-1;250,85;229,86;209,87;208,87;207,88;226,89;206,89;186,90;
#3170:
>0:-1,-1;250,85;231,85;252,86;
#3171:
>0:-1,-1;250,131;271,132;292,133;271,134;270,134;
#3172:
>0:-1,-1;250,196;230,196;250,196;230,196;250,196;230,196;250,196;230,196;250,196;230,196;250,196;230,196;250,196;230,196;250,196;230,196;250,196;230,196;250,196;230,196;250,196;230,196;250,196;230,196;250,196;230,196;250,196;230,196;250,196;230,196;250,196;230,196;250,196;230,196;250,196;230,196;250,196;230,196;250,196;230,196;250,196;230,196;250,196;230,196;250,196;230,196;250,196;230,196;250,196;230,196;250,196;230,196;250,196;230,196;250,196;230,196;250,196;230,196;250,196;230,196;250,196;230,196;250,196;230,196;250,196;230,196;250,196;230,196;250,196;230,196;250,196;230,196;250,196;230,196;250,196;230,196;250,196;230,196;250,196;230,196;250,196;230,196;250,196;230,196;250,196;230,196;250,196;230,196;250,196;230,196;250,196;230,196;250,196;230,196;250,196;230,196;250,196;230,196;250,196;230,196;250,196;230,196;250,196;230,196;250,196;230,196;250,196;230,196;250,196;230,196;250,196;230,196;250,196;230,196;250,196;230,196;250,196;230,196;250,196;230,196;250,196;230,196;250,196;230,196;
#3173:
>0:-1,-1;250,218;250,218;
#3174:
>0:-1,-1;251,14;251,14;
#3175:
>0:-1,-1;251,44;271,44;251,45;
#3176:
>0:-1,-1;251,46;230,47;231,48;
#3177:
>0:-1,-1;251,46;232,46;213,46;193,47;194,48;194,49;
#3178:
>0:-1,-1;251,69;251,70;252,71;231,71;231,72;
#3179:
>0:-1,-1;251,95;231,95;250,95;
#3180:
>0:-1,-1;251,103;270,104;290,104;
#3181:
>0:-1,-1;251,109;251,111;230,111;231,111;232,111;212,111;231,112;231,114;212,115;211,115;192,115;192,117;211,117;232,117;252,118;272,119;251,120;251,122;270,122;269,122;290,122;271,122;270,123;290,124;290,125;
#3182:
>0:-1,-1;251,109;251,111;232,112;
#3183:
>0:-1,-1;251,127;251,129;232,129;213,130;193,131;172,132;152,133;151,133;151,134;170,134;171,135;172,135;172,137;
#3184:
>0:-1,-1;251,145;251,147;230,148;230,149;230,151;250,151;
#3185:
>0:-1,-1;251,150;231,150;210,151;
#3186:
>0:-1,-1;251,159;272,160;272,162;
#3187:
>0:-1,-1;251,186;230,186;
#3188:
>0:-1,-1;251,225;232,226;212,226;192,227;211,228;212,228;
#3189:
>0:-1,-1;251,237;270,237;270,238;
#3190:
>0:-1,-1;252,10;231,10;231,11;
#3191:
>0:-1,-1;252,43;251,43;252,43;251,43;252,43;251,43;252,43;251,43;252,43;251,43;252,43;251,43;252,43;251,43;252,43;251,43;252,43;251,43;252,43;251,43;252,43;251,43;252,43;251,43;252,43;251,43;252,43;251,43;252,43;251,43;252,43;251,43;252,43;251,43;252,43;251,43;252,43;251,43;252,43;251,43;252,43;251,43;252,43;251,43;252,43;251,43;252,43;251,43;252,43;251,43;252,43;251,43;252,43;251,43;252,43;251,43;252,43;251,43;252,43;251,43;252,43;251,43;252,43;251,43;252,43;251,43;252,43;251,43;252,43;251,43;252,43;251,43;252,43;251,43;252,43;251,43;252,43;251,43;252,43;251,43;252,43;251,43;252,43;251,43;252,43;251,43;252,43;251,43;252,43;251,43;252,43;251,43;252,43;251,43;252,43;251,43;252,43;251,43;252,43;251,43;252,43;251,43;252,43;251,43;252,43;251,43;252,43;251,43;252,43;251,43;252,43;251,43;252,43;251,43;252,43;251,43;252,43;251,43;252,43;251,43;252,43;251,43;252,43;251,43;
#3192:
>0:-1,-1;252,65;231,66;
#3193:
>0:-1,-1;252,65;272,65;273,65;272,66;252,66;233,67;
#3194:
>0:-1,-1;252,77;252,77;
#3195:
>0:-1,-1;252,78;252,78;
#3196:
>0:-1,-1;252,86;252,86;
#3197:
>0:-1,-1;252,128;253,129;233,130;213,131;192,132;191,133;210,133;
#3198:
>0:-1,-1;252,135;251,135;
#3199:
>0:-1,-1;252,138;252,138;
#3200:
>0:-1,-1;252,186;251,187;271,188;
#3201:
>0:-1,-1;252,189;271,190;290,191;
#3202:
>0:-1,-1;253,82;233,82;213,83;193,83;194,84;193,85;214,86;
#3203:
>0:-1,-1;253,83;232,83;213,83;193,83;194,84;193,85;214,86;
#3204:
>0:-1,-1;253,110;232,111;212,111;231,112;231,114;212,115;211,115;192,115;192,117;211,117;232,117;252,118;272,119;251,120;251,122;270,122;269,122;290,122;271,122;270,123;290,124;290,125;
#3205:
>0:-1,-1;253,137;272,138;272,140;292,140;311,140;
#3206:
>0:-1,-1;253,145;252,145;251,145;251,147;230,148;230,149;230,151;250,151;
#3207:
>0:-1,-1;254,32;253,32;
#3208:
>0:-1,-1;254,40;275,41;
#3209:
>0:-1,-1;254,63;234,63;
#3210:
>0:-1,-1;254,63;254,63;
#3211:
>0:-1,-1;254,65;274,66;
#3212:
>0:-1,-1;254,88;254,88;
#3213:
>0:-1,-1;254,90;274,91;
#3214:
>0:-1,-1;254,99;274,100;
#3215:
>0:-1,-1;254,106;254,106;
#3216:
>0:-1,-1;254,166;235,166;236,167;237,168;216,169;215,170;216,170;196,171;
#3217:
>0:-1,-1;254,169;255,170;274,171;
#3218:
>0:-1,-1;254,186;275,187;274,188;254,188;234,189;235,190;234,191;213,191;194,192;215,193;196,193;
#3219:
>0:-1,-1;254,189;254,189;
#3220:
>0:-1,-1;254,200;254,200;
#3221:
>0:-1,-1;254,236;273,236;273,238;274,238;293,238;313,238;334,239;315,239;296,239;297,239;317,239;297,239;317,239;297,239;317,239;297,239;317,239;297,239;317,239;297,239;317,239;297,239;317,239;297,239;317,239;297,239;317,239;297,239;317,239;297,239;317,239;297,239;317,239;297,239;317,239;297,239;317,239;297,239;317,239;297,239;317,239;297,239;317,239;297,239;317,239;297,239;317,239;297,239;317,239;297,239;317,239;297,239;317,239;297,239;317,239;297,239;317,239;297,239;317,239;297,239;317,239;297,239;317,239;297,239;317,239;297,239;317,239;297,239;317,239;297,239;317,239;297,239;317,239;297,239;317,239;297,239;317,239;297,239;317,239;297,239;317,239;297,239;317,239;297,239;317,239;297,239;317,239;297,239;317,239;297,239;317,239;297,239;317,239;297,239;317,239;297,239;317,239;297,239;317,239;297,239;317,239;297,239;317,239;297,239;317,239;297,239;317,239;297,239;317,239;297,239;317,239;297,239;317,239;297,239;317,239;297,239;317,239;297,239;317,239;297,239;317,239;297,239;317,239;297,239;
#3222:
>0:-1,-1;255,14;256,15;257,15;
#3223:
>0:-1,-1;255,19;276,20;
#3224:
>0:-1,-1;255,69;236,70;
#3225:
>0:-1,-1;255,102;255,102;
#3226:
>0:-1,-1;255,108;274,109;255,110;255,112;275,112;254,112;234,113;213,113;232,114;211,114;
#3227:
>0:-1,-1;255,118;255,118;
#3228:
>0:-1,-1;255,149;276,150;256,150;237,151;258,152;258,153;238,153;219,153;219,155;198,156;
#3229:
>0:-1,-1;255,161;255,161;
#3230:
>0:-1,-1;255,202;254,203;274,203;253,203;274,204;
#3231:
>0:-1,-1;255,204;255,204;
#3232:
>0:-1,-1;256,15;257,15;
#3233:
>0:-1,-1;256,30;236,31;235,31;
#3234:
>0:-1,-1;256,30;276,31;
#3235:
>0:-1,-1;256,59;236,60;216,61;236,61;
#3236:
>0:-1,-1;256,59;277,59;257,60;
#3237:
>0:-1,-1;256,70;255,70;255,71;235,71;
#3238:
>0:-1,-1;256,74;256,74;
#3239:
>0:-1,-1;256,77;237,78;216,78;215,79;
#3240:
>0:-1,-1;256,77;256,77;
#3241:
>0:-1,-1;256,79;237,79;
#3242:
>0:-1,-1;256,143;257,144;
#3243:
>0:-1,-1;256,157;237,157;
#3244:
>0:-1,-1;256,167;236,168;255,168;
#3245:
>0:-1,-1;256,202;235,203;236,204;256,204;237,205;
#3246:
>0:-1,-1;256,210;257,210;276,210;277,210;256,211;256,213;257,214;277,215;258,216;
#3247:
>0:-1,-1;256,211;256,213;257,214;277,215;258,216;
#3248:
>0:-1,-1;256,217;276,218;256,219;257,220;258,221;239,222;218,223;217,223;236,223;236,225;216,225;216,226;217,227;237,228;256,229;237,229;
#3249:
>0:-1,-1;256,228;277,228;
#3250:
>0:-1,-1;257,5;237,5;258,5;
#3251:
>0:-1,-1;257,42;257,43;237,44;258,44;238,44;
#3252:
>0:-1,-1;257,65;278,65;279,65;299,65;279,66;
#3253:
>0:-1,-1;257,83;276,83;295,84;316,84;
#3254:
>0:-1,-1;257,224;278,224;
#3255:
>0:-1,-1;257,229;257,230;258,230;258,231;239,231;
#3256:
>0:-1,-1;257,229;257,230;278,230;
#3257:
>0:-1,-1;257,230;258,230;258,231;239,231;
#3258:
>0:-1,-1;257,231;276,232;
#3259:
>0:-1,-1;258,5;258,5;
#3260:
>0:-1,-1;258,10;279,11;298,12;318,12;
#3261:
>0:-1,-1;258,24;258,24;
#3262:
>0:-1,-1;258,34;279,34;279,35;298,36;278,37;
#3263:
>0:-1,-1;258,51;257,52;238,53;237,53;217,54;197,54;216,55;195,56;195,57;195,59;176,60;156,61;
#3264:
>0:-1,-1;258,101;258,101;
#3265:
>0:-1,-1;258,134;257,135;256,136;236,136;217,137;216,137;
#3266:
>0:-1,-1;258,158;237,158;
#3267:
>0:-1,-1;258,194;259,194;279,195;299,196;279,196;
#3268:
>0:-1,-1;258,206;239,206;
#3269:
>0:-1,-1;258,231;239,231;
#3270:
>0:-1,-1;258,236;238,236;217,237;236,237;
#3271:
>0:-1,-1;259,12;259,13;258,13;259,14;279,15;
#3272:
>0:-1,-1;259,23;259,23;
#3273:
>0:-1,-1;259,87;259,87;
#3274:
>0:-1,-1;259,116;239,117;259,118;
#3275:
>0:-1,-1;259,117;258,118;238,119;219,120;238,121;
#3276:
>0:-1,-1;259,125;278,125;299,125;
#3277:
>0:-1,-1;259,133;238,134;217,135;197,135;216,135;217,135;197,135;216,135;217,135;197,135;216,135;217,135;197,135;216,135;217,135;197,135;216,135;217,135;197,135;216,135;217,135;197,135;216,135;217,135;197,135;216,135;217,135;197,135;216,135;217,135;197,135;216,135;217,135;197,135;216,135;217,135;197,135;216,135;217,135;197,135;216,135;217,135;197,135;216,135;217,135;197,135;216,135;217,135;197,135;216,135;217,135;197,135;216,135;217,135;197,135;216,135;217,135;197,135;216,135;217,135;197,135;216,135;217,135;197,135;216,135;217,135;197,135;216,135;217,135;197,135;216,135;217,135;197,135;216,135;217,135;197,135;216,135;217,135;197,135;216,135;217,135;197,135;216,135;217,135;197,135;216,135;217,135;197,135;216,135;217,135;197,135;216,135;217,135;197,135;216,135;217,135;197,135;216,135;217,135;197,135;216,135;217,135;197,135;216,135;217,135;197,135;216,135;217,135;197,135;216,135;217,135;197,135;216,135;217,135;197,135;216,135;217,135;197,135;216,135;217,135;197,135;216,135;217,135;197,135;
#3278:
>0:-1,-1;259,200;258,201;279,202;258,203;258,205;259,206;259,207;238,207;237,207;236,207;
#3279:
>0:-1,-1;259,204;279,205;
#3280:
>0:-1,-1;259,210;279,211;
#3281:
>0:-1,-1;259,235;238,235;
#3282:
>0:-1,-1;259,239;238,239;
#3283:
>0:-1,-1;260,6;260,6;
#3284:
>0:-1,-1;260,21;260,21;
#3285:
>0:-1,-1;260,22;281,23;282,23;283,23;283,25;262,26;263,26;282,27;302,28;283,28;284,28;263,28;264,28;
#3286:
>0:-1,-1;260,25;241,26;260,27;260,28;280,29;300,29;281,30;260,30;260,31;261,31;261,32;261,34;240,34;260,35;241,36;
#3287:
>0:-1,-1;260,34;280,34;
#3288:
>0:-1,-1;260,39;261,40;241,41;240,42;240,43;240,44;240,45;240,46;220,46;241,47;242,48;
#3289:
>0:-1,-1;260,39;280,39;
#3290:
>0:-1,-1;260,39;260,39;
#3291:
>0:-1,-1;260,61;260,61;
#3292:
>0:-1,-1;260,80;260,80;
#3293:
>0:-1,-1;260,100;260,100;
#3294:
>0:-1,-1;260,119;260,121;260,122;240,123;220,123;221,124;241,124;260,124;
#3295:
>0:-1,-1;260,128;280,128;260,129;280,129;261,130;262,130;262,132;283,132;303,132;302,132;303,132;302,132;303,132;302,132;303,132;302,132;303,132;302,132;303,132;302,132;303,132;302,132;303,132;302,132;303,132;302,132;303,132;302,132;303,132;302,132;303,132;302,132;303,132;302,132;303,132;302,132;303,132;302,132;303,132;302,132;303,132;302,132;303,132;302,132;303,132;302,132;303,132;302,132;303,132;302,132;303,132;302,132;303,132;302,132;303,132;302,132;303,132;302,132;303,132;302,132;303,132;302,132;303,132;302,132;303,132;302,132;303,132;302,132;303,132;302,132;303,132;302,132;303,132;302,132;303,132;302,132;303,132;302,132;303,132;302,132;303,132;302,132;303,132;302,132;303,132;302,132;303,132;302,132;303,132;302,132;303,132;302,132;303,132;302,132;303,132;302,132;303,132;302,132;303,132;302,132;303,132;302,132;303,132;302,132;303,132;302,132;303,132;302,132;303,132;302,132;303,132;302,132;303,132;302,132;303,132;302,132;303,132;302,132;303,132;302,132;303,132;302,132;303,132;302,132;
#3296:
>0:-1,-1;260,160;241,161;241,163;241,165;260,165;241,165;260,165;241,165;260,165;241,165;260,165;241,165;260,165;241,165;260,165;241,165;260,165;241,165;260,165;241,165;260,165;241,165;260,165;241,165;260,165;241,165;260,165;241,165;260,165;241,165;260,165;241,165;260,165;241,165;260,165;241,165;260,165;241,165;260,165;241,165;260,165;241,165;260,165;241,165;260,165;241,165;260,165;241,165;260,165;241,165;260,165;241,165;260,165;241,165;260,165;241,165;260,165;241,165;260,165;241,165;260,165;241,165;260,165;241,165;260,165;241,165;260,165;241,165;260,165;241,165;260,165;241,165;260,165;241,165;260,165;241,165;260,165;241,165;260,165;241,165;260,165;241,165;260,165;241,165;260,165;241,165;260,165;241,165;260,165;241,165;260,165;241,165;260,165;241,165;260,165;241,165;260,165;241,165;260,165;241,165;260,165;241,165;260,165;241,165;260,165;241,165;260,165;241,165;260,165;241,165;260,165;241,165;260,165;241,165;260,165;241,165;260,165;241,165;260,165;241,165;260,165;241,165;260,165;241,165;
#3297:
>0:-1,-1;260,173;260,174;241,175;240,176;261,177;280,177;280,178;260,178;240,178;221,178;241,179;
#3298:
>0:-1,-1;260,183;260,184;281,184;302,185;301,186;320,187;340,188;340,190;
#3299:
>0:-1,-1;260,197;281,197;302,197;
#3300:
>0:-1,-1;261,3;281,4;301,5;300,6;320,7;320,8;321,8;
#3301:
>0:-1,-1;261,9;242,10;221,11;
#3302:
>0:-1,-1;261,31;261,32;261,34;240,34;260,35;241,36;
#3303:
>0:-1,-1;261,83;262,84;261,84;261,86;242,86;
#3304:
>0:-1,-1;261,95;262,96;261,96;
#3305:
>0:-1,-1;261,104;262,104;281,105;302,105;321,105;300,106;
#3306:
>0:-1,-1;261,113;261,113;
#3307:
>0:-1,-1;261,134;282,134;
#3308:
>0:-1,-1;261,138;240,139;261,139;242,139;241,139;261,140;242,141;242,143;241,144;220,145;240,145;
#3309:
>0:-1,-1;261,176;261,176;
#3310:
>0:-1,-1;261,199;242,199;263,199;263,201;264,202;
#3311:
>0:-1,-1;261,213;240,214;261,215;242,216;261,216;240,216;220,217;220,219;201,220;182,220;163,221;142,222;
#3312:
>0:-1,-1;261,215;242,216;261,216;240,216;220,217;220,219;201,220;182,220;163,221;142,222;
#3313:
>0:-1,-1;261,219;261,219;
#3314:
>0:-1,-1;261,230;260,230;240,230;220,231;
#3315:
>0:-1,-1;262,40;282,40;303,41;284,42;264,43;285,43;285,45;284,46;
#3316:
>0:-1,-1;262,64;281,64;282,65;302,66;321,67;320,67;301,68;300,68;281,69;
#3317:
>0:-1,-1;262,64;262,64;
#3318:
>0:-1,-1;262,72;283,73;282,73;301,73;280,74;281,74;
#3319:
>0:-1,-1;262,90;262,90;
#3320:
>0:-1,-1;262,183;283,183;302,183;
#3321:
>0:-1,-1;262,225;262,225;
#3322:
>0:-1,-1;262,234;282,235;262,236;243,237;262,238;261,238;280,239;260,239;280,239;260,239;280,239;260,239;280,239;260,239;280,239;260,239;280,239;260,239;280,239;260,239;280,239;260,239;280,239;260,239;280,239;260,239;280,239;260,239;280,239;260,239;280,239;260,239;280,239;260,239;280,239;260,239;280,239;260,239;280,239;260,239;280,239;260,239;280,239;260,239;280,239;260,239;280,239;260,239;280,239;260,239;280,239;260,239;280,239;260,239;280,239;260,239;280,239;260,239;280,239;260,239;280,239;260,239;280,239;260,239;280,239;260,239;280,239;260,239;280,239;260,239;280,239;260,239;280,239;260,239;280,239;260,239;280,239;260,239;280,239;260,239;280,239;260,239;280,239;260,239;280,239;260,239;280,239;260,239;280,239;260,239;280,239;260,239;280,239;260,239;280,239;260,239;280,239;260,239;280,239;260,239;280,239;260,239;280,239;260,239;280,239;260,239;280,239;260,239;280,239;260,239;280,239;260,239;280,239;260,239;280,239;260,239;280,239;260,239;280,239;260,239;280,239;260,239;280,239;260,239;
#3323:
>0:-1,-1;262,239;282,239;
#3324:
>0:-1,-1;263,15;263,15;
#3325:
>0:-1,-1;263,16;263,16;
#3326:
>0:-1,-1;263,84;284,85;
#3327:
>0:-1,-1;263,103;244,103;263,104;
#3328:
>0:-1,-1;263,122;263,122;
#3329:
>0:-1,-1;263,134;283,135;284,135;285,135;264,136;265,137;265,139;
#3330:
>0:-1,-1;263,143;283,143;262,143;282,143;
#3331:
>0:-1,-1;263,167;284,168;265,169;285,169;286,169;265,170;
#3332:
>0:-1,-1;263,171;242,172;262,172;243,172;244,173;223,173;242,173;262,173;262,175;243,176;262,176;242,177;261,177;280,177;280,178;260,178;240,178;221,178;241,179;
#3333:
>0:-1,-1;263,206;244,207;225,207;244,207;225,207;244,207;225,207;244,207;225,207;244,207;225,207;244,207;225,207;244,207;225,207;244,207;225,207;244,207;225,207;244,207;225,207;244,207;225,207;244,207;225,207;244,207;225,207;244,207;225,207;244,207;225,207;244,207;225,207;244,207;225,207;244,207;225,207;244,207;225,207;244,207;225,207;244,207;225,207;244,207;225,207;244,207;225,207;244,207;225,207;244,207;225,207;244,207;225,207;244,207;225,207;244,207;225,207;244,207;225,207;244,207;225,207;244,207;225,207;244,207;225,207;244,207;225,207;244,207;225,207;244,207;225,207;244,207;225,207;244,207;225,207;244,207;225,207;244,207;225,207;244,207;225,207;244,207;225,207;244,207;225,207;244,207;225,207;244,207;225,207;244,207;225,207;244,207;225,207;244,207;225,207;244,207;225,207;244,207;225,207;244,207;225,207;244,207;225,207;244,207;225,207;244,207;225,207;244,207;225,207;244,207;225,207;244,207;225,207;244,207;225,207;244,207;225,207;244,207;225,207;244,207;225,207;244,207;225,207;244,207;
#3334:
>0:-1,-1;263,234;244,234;223,234;242,235;242,236;
#3335:
>0:-1,-1;264,36;264,38;285,39;265,40;245,41;
#3336:
>0:-1,-1;264,47;263,48;263,49;
#3337:
>0:-1,-1;264,63;264,63;
#3338:
>0:-1,-1;264,97;264,99;284,99;265,99;285,100;265,100;264,100;264,102;243,102;222,102;242,103;
#3339:
>0:-1,-1;264,104;243,105;263,105;262,106;
#3340:
>0:-1,-1;264,106;245,106;264,106;245,106;264,106;245,106;264,106;245,106;264,106;245,106;264,106;245,106;264,106;245,106;264,106;245,106;264,106;245,106;264,106;245,106;264,106;245,106;264,106;245,106;264,106;245,106;264,106;245,106;264,106;245,106;264,106;245,106;264,106;245,106;264,106;245,106;264,106;245,106;264,106;245,106;264,106;245,106;264,106;245,106;264,106;245,106;264,106;245,106;264,106;245,106;264,106;245,106;264,106;245,106;264,106;245,106;264,106;245,106;264,106;245,106;264,106;245,106;264,106;245,106;264,106;245,106;264,106;245,106;264,106;245,106;264,106;245,106;264,106;245,106;264,106;245,106;264,106;245,106;264,106;245,106;264,106;245,106;264,106;245,106;264,106;245,106;264,106;245,106;264,106;245,106;264,106;245,106;264,106;245,106;264,106;245,106;264,106;245,106;264,106;245,106;264,106;245,106;264,106;245,106;264,106;245,106;264,106;245,106;264,106;245,106;264,106;245,106;264,106;245,106;264,106;245,106;264,106;245,106;264,106;245,106;264,106;245,106;264,106;245,106;
#3341:
>0:-1,-1;264,149;245,150;
#3342:
>0:-1,-1;264,152;283,152;
#3343:
>0:-1,-1;264,157;264,157;
#3344:
>0:-1,-1;264,162;284,163;264,163;
#3345:
>0:-1,-1;264,165;265,165;246,165;266,165;267,166;247,167;
#3346:
>0:-1,-1;264,199;265,200;284,200;
#3347:
>0:-1,-1;264,226;264,226;
#3348:
>0:-1,-1;264,235;284,236;305,236;
#3349:
>0:-1,-1;265,12;265,12;
#3350:
>0:-1,-1;265,37;265,39;286,39;
#3351:
>0:-1,-1;265,159;246,160;247,161;227,162;
#3352:
>0:-1,-1;265,164;266,164;
#3353:
>0:-1,-1;265,166;265,166;
#3354:
>0:-1,-1;265,196;246,196;266,196;267,196;286,196;267,197;268,197;288,197;289,198;
#3355:
>0:-1,-1;265,215;264,215;
#3356:
>0:-1,-1;265,226;285,227;
#3357:
>0:-1,-1;266,58;266,60;266,61;
#3358:
>0:-1,-1;266,114;285,115;285,116;306,116;305,117;285,118;264,119;244,119;265,119;
#3359:
>0:-1,-1;266,119;286,120;305,120;
#3360:
>0:-1,-1;266,124;247,125;246,126;
#3361:
>0:-1,-1;266,176;246,177;225,178;226,178;206,178;227,179;247,180;248,180;229,180;209,181;189,182;209,183;189,184;168,184;
#3362:
>0:-1,-1;266,198;286,198;285,198;
#3363:
>0:-1,-1;266,215;245,215;
#3364:
>0:-1,-1;266,220;266,220;
#3365:
>0:-1,-1;266,222;287,223;307,224;328,224;348,225;
#3366:
>0:-1,-1;267,49;246,49;226,50;
#3367:
>0:-1,-1;267,49;248,50;227,51;246,52;225,53;
#3368:
>0:-1,-1;267,51;247,51;227,52;
#3369:
>0:-1,-1;267,88;248,88;247,89;
#3370:
>0:-1,-1;267,92;247,93;246,93;
#3371:
>0:-1,-1;267,97;268,98;269,99;288,99;
#3372:
>0:-1,-1;267,105;247,105;266,106;246,107;
#3373:
>0:-1,-1;267,116;267,116;
#3374:
>0:-1,-1;267,116;267,116;
#3375:
>0:-1,-1;267,141;246,142;267,143;
#3376:
>0:-1,-1;267,144;286,145;267,146;248,147;
#3377:
>0:-1,-1;267,147;248,148;227,148;227,150;247,151;226,151;226,153;225,154;225,155;244,155;223,155;224,155;
#3378:
>0:-1,-1;267,147;267,147;
#3379:
>0:-1,-1;267,201;288,201;287,201;306,202;
#3380:
>0:-1,-1;267,225;267,227;247,228;226,228;245,228;224,228;243,229;242,230;242,232;242,233;261,233;262,234;282,235;262,236;243,237;262,238;261,238;280,239;260,239;280,239;260,239;280,239;260,239;280,239;260,239;280,239;260,239;280,239;260,239;280,239;260,239;280,239;260,239;280,239;260,239;280,239;260,239;280,239;260,239;280,239;260,239;280,239;260,239;280,239;260,239;280,239;260,239;280,239;260,239;280,239;260,239;280,239;260,239;280,239;260,239;280,239;260,239;280,239;260,239;280,239;260,239;280,239;260,239;280,239;260,239;280,239;260,239;280,239;260,239;280,239;260,239;280,239;260,239;280,239;260,239;280,239;260,239;280,239;260,239;280,239;260,239;280,239;260,239;280,239;260,239;280,239;260,239;280,239;260,239;280,239;260,239;280,239;260,239;280,239;260,239;280,239;260,239;280,239;260,239;280,239;260,239;280,239;260,239;280,239;260,239;280,239;260,239;280,239;260,239;280,239;260,239;280,239;260,239;280,239;260,239;280,239;260,239;280,239;260,239;280,239;260,239;280,239;260,239;280,239;
#3381:
>0:-1,-1;267,226;248,227;229,227;230,228;210,228;209,229;230,229;230,231;211,231;210,231;230,231;211,231;210,231;230,231;211,231;210,231;230,231;211,231;210,231;230,231;211,231;210,231;230,231;211,231;210,231;230,231;211,231;210,231;230,231;211,231;210,231;230,231;211,231;210,231;230,231;211,231;210,231;230,231;211,231;210,231;230,231;211,231;210,231;230,231;211,231;210,231;230,231;211,231;210,231;230,231;211,231;210,231;230,231;211,231;210,231;230,231;211,231;210,231;230,231;211,231;210,231;230,231;211,231;210,231;230,231;211,231;210,231;230,231;211,231;210,231;230,231;211,231;210,231;230,231;211,231;210,231;230,231;211,231;210,231;230,231;211,231;210,231;230,231;211,231;210,231;230,231;211,231;210,231;230,231;211,231;210,231;230,231;211,231;210,231;230,231;211,231;210,231;230,231;211,231;210,231;230,231;211,231;210,231;230,231;211,231;210,231;230,231;211,231;210,231;230,231;211,231;210,231;230,231;211,231;210,231;230,231;211,231;210,231;230,231;211,231;210,231;230,231;211,231;210,231;
#3382:
>0:-1,-1;267,228;286,229;307,229;307,231;
#3383:
>0:-1,-1;267,237;248,238;
#3384:
>0:-1,-1;268,30;248,30;267,30;267,31;246,31;267,31;246,31;267,31;246,31;267,31;246,31;267,31;246,31;267,31;246,31;267,31;246,31;267,31;246,31;267,31;246,31;267,31;246,31;267,31;246,31;267,31;246,31;267,31;246,31;267,31;246,31;267,31;246,31;267,31;246,31;267,31;246,31;267,31;246,31;267,31;246,31;267,31;246,31;267,31;246,31;267,31;246,31;267,31;246,31;267,31;246,31;267,31;246,31;267,31;246,31;267,31;246,31;267,31;246,31;267,31;246,31;267,31;246,31;267,31;246,31;267,31;246,31;267,31;246,31;267,31;246,31;267,31;246,31;267,31;246,31;267,31;246,31;267,31;246,31;267,31;246,31;267,31;246,31;267,31;246,31;267,31;246,31;267,31;246,31;267,31;246,31;267,31;246,31;267,31;246,31;267,31;246,31;267,31;246,31;267,31;246,31;267,31;246,31;267,31;246,31;267,31;246,31;267,31;246,31;267,31;246,31;267,31;246,31;267,31;246,31;267,31;246,31;267,31;246,31;267,31;246,31;267,31;246,31;267,31;
#3385:
>0:-1,-1;268,106;268,106;
#3386:
>0:-1,-1;268,122;268,124;268,125;
#3387:
>0:-1,-1;268,136;268,136;
#3388:
>0:-1,-1;268,155;269,156;290,157;
#3389:
>0:-1,-1;268,165;269,165;
#3390:
>0:-1,-1;268,214;268,214;
#3391:
>0:-1,-1;268,226;248,227;229,227;230,228;210,228;209,229;230,229;230,231;211,231;210,231;230,231;211,231;210,231;230,231;211,231;210,231;230,231;211,231;210,231;230,231;211,231;210,231;230,231;211,231;210,231;230,231;211,231;210,231;230,231;211,231;210,231;230,231;211,231;210,231;230,231;211,231;210,231;230,231;211,231;210,231;230,231;211,231;210,231;230,231;211,231;210,231;230,231;211,231;210,231;230,231;211,231;210,231;230,231;211,231;210,231;230,231;211,231;210,231;230,231;211,231;210,231;230,231;211,231;210,231;230,231;211,231;210,231;230,231;211,231;210,231;230,231;211,231;210,231;230,231;211,231;210,231;230,231;211,231;210,231;230,231;211,231;210,231;230,231;211,231;210,231;230,231;211,231;210,231;230,231;211,231;210,231;230,231;211,231;210,231;230,231;211,231;210,231;230,231;211,231;210,231;230,231;211,231;210,231;230,231;211,231;210,231;230,231;211,231;210,231;230,231;211,231;210,231;230,231;211,231;210,231;230,231;211,231;210,231;230,231;211,231;210,231;230,231;211,231;210,231;
#3392:
>0:-1,-1;269,8;290,8;291,8;310,8;289,8;270,8;290,9;269,10;269,12;270,13;250,14;
#3393:
>0:-1,-1;269,31;269,31;
#3394:
>0:-1,-1;269,41;268,42;248,42;229,42;210,43;211,43;
#3395:
>0:-1,-1;269,55;270,55;251,55;251,56;232,57;211,57;190,58;189,58;189,60;
#3396:
>0:-1,-1;269,58;270,59;271,59;271,60;290,60;309,60;310,61;310,63;310,64;289,65;269,66;249,67;268,68;269,68;268,68;269,68;268,68;269,68;268,68;269,68;268,68;269,68;268,68;269,68;268,68;269,68;268,68;269,68;268,68;269,68;268,68;269,68;268,68;269,68;268,68;269,68;268,68;269,68;268,68;269,68;268,68;269,68;268,68;269,68;268,68;269,68;268,68;269,68;268,68;269,68;268,68;269,68;268,68;269,68;268,68;269,68;268,68;269,68;268,68;269,68;268,68;269,68;268,68;269,68;268,68;269,68;268,68;269,68;268,68;269,68;268,68;269,68;268,68;269,68;268,68;269,68;268,68;269,68;268,68;269,68;268,68;269,68;268,68;269,68;268,68;269,68;268,68;269,68;268,68;269,68;268,68;269,68;268,68;269,68;268,68;269,68;268,68;269,68;268,68;269,68;268,68;269,68;268,68;269,68;268,68;269,68;268,68;269,68;268,68;269,68;268,68;269,68;268,68;269,68;268,68;269,68;268,68;269,68;268,68;269,68;268,68;269,68;268,68;269,68;
#3397:
>0:-1,-1;269,83;269,83;
#3398:
>0:-1,-1;269,128;269,128;
#3399:
>0:-1,-1;269,139;269,141;288,142;
#3400:
>0:-1,-1;269,146;268,146;287,147;307,148;306,149;305,150;324,151;304,152;
#3401:
>0:-1,-1;269,179;290,179;269,180;269,181;290,181;271,182;291,183;291,185;311,186;290,187;291,187;291,188;
#3402:
>0:-1,-1;269,205;288,206;
#3403:
>0:-1,-1;269,210;250,210;229,211;210,211;
#3404:
>0:-1,-1;269,223;290,223;311,224;332,225;352,226;
#3405:
>0:-1,-1;270,27;289,27;268,28;248,28;269,28;
#3406:
>0:-1,-1;270,35;269,35;250,36;250,38;269,39;269,40;249,41;269,41;268,42;248,42;229,42;210,43;211,43;
#3407:
>0:-1,-1;270,41;289,42;310,43;
#3408:
>0:-1,-1;270,44;270,45;249,46;
#3409:
>0:-1,-1;270,64;270,64;
#3410:
>0:-1,-1;270,67;270,69;250,69;
#3411:
>0:-1,-1;270,118;269,119;270,120;
#3412:
>0:-1,-1;270,119;271,119;271,121;250,121;251,121;
#3413:
>0:-1,-1;270,133;270,134;
#3414:
>0:-1,-1;270,137;250,138;
#3415:
>0:-1,-1;270,137;291,138;
#3416:
>0:-1,-1;270,140;290,141;291,142;312,142;331,143;331,145;350,146;349,146;
#3417:
>0:-1,-1;271,19;271,20;
#3418:
>0:-1,-1;271,34;252,34;273,34;252,34;273,34;252,34;273,34;252,34;273,34;252,34;273,34;252,34;273,34;252,34;273,34;252,34;273,34;252,34;273,34;252,34;273,34;252,34;273,34;252,34;273,34;252,34;273,34;252,34;273,34;252,34;273,34;252,34;273,34;252,34;273,34;252,34;273,34;252,34;273,34;252,34;273,34;252,34;273,34;252,34;273,34;252,34;273,34;252,34;273,34;252,34;273,34;252,34;273,34;252,34;273,34;252,34;273,34;252,34;273,34;252,34;273,34;252,34;273,34;252,34;273,34;252,34;273,34;252,34;273,34;252,34;273,34;252,34;273,34;252,34;273,34;252,34;273,34;252,34;273,34;252,34;273,34;252,34;273,34;252,34;273,34;252,34;273,34;252,34;273,34;252,34;273,34;252,34;273,34;252,34;273,34;252,34;273,34;252,34;273,34;252,34;273,34;252,34;273,34;252,34;273,34;252,34;273,34;252,34;273,34;252,34;273,34;252,34;273,34;252,34;273,34;252,34;273,34;252,34;273,34;252,34;273,34;252,34;273,34;252,34;
#3419:
>0:-1,-1;271,65;271,65;
#3420:
>0:-1,-1;271,72;271,74;
#3421:
>0:-1,-1;271,88;271,88;
#3422:
>0:-1,-1;271,95;250,96;230,96;
#3423:
>0:-1,-1;271,105;251,105;252,105;252,106;
#3424:
>0:-1,-1;271,105;252,105;252,106;
#3425:
>0:-1,-1;271,109;270,110;269,111;288,111;289,111;310,112;331,112;311,112;310,112;331,112;311,112;310,112;331,112;311,112;310,112;331,112;311,112;310,112;331,112;311,112;310,112;331,112;311,112;310,112;331,112;311,112;310,112;331,112;311,112;310,112;331,112;311,112;310,112;331,112;311,112;310,112;331,112;311,112;310,112;331,112;311,112;310,112;331,112;311,112;310,112;331,112;311,112;310,112;331,112;311,112;310,112;331,112;311,112;310,112;331,112;311,112;310,112;331,112;311,112;310,112;331,112;311,112;310,112;331,112;311,112;310,112;331,112;311,112;310,112;331,112;311,112;310,112;331,112;311,112;310,112;331,112;311,112;310,112;331,112;311,112;310,112;331,112;311,112;310,112;331,112;311,112;310,112;331,112;311,112;310,112;331,112;311,112;310,112;331,112;311,112;310,112;331,112;311,112;310,112;331,112;311,112;310,112;331,112;311,112;310,112;331,112;311,112;310,112;331,112;311,112;310,112;331,112;311,112;310,112;331,112;311,112;310,112;331,112;311,112;310,112;331,112;311,112;310,112;331,112;
#3426:
>0:-1,-1;271,114;290,115;291,115;310,115;309,115;289,116;290,117;309,118;310,119;330,120;350,120;330,120;350,120;330,120;350,120;330,120;350,120;330,120;350,120;330,120;350,120;330,120;350,120;330,120;350,120;330,120;350,120;330,120;350,120;330,120;350,120;330,120;350,120;330,120;350,120;330,120;350,120;330,120;350,120;330,120;350,120;330,120;350,120;330,120;350,120;330,120;350,120;330,120;350,120;330,120;350,120;330,120;350,120;330,120;350,120;330,120;350,120;330,120;350,120;330,120;350,120;330,120;350,120;330,120;350,120;330,120;350,120;330,120;350,120;330,120;350,120;330,120;350,120;330,120;350,120;330,120;350,120;330,120;350,120;330,120;350,120;330,120;350,120;330,120;350,120;330,120;350,120;330,120;350,120;330,120;350,120;330,120;350,120;330,120;350,120;330,120;350,120;330,120;350,120;330,120;350,120;330,120;350,120;330,120;350,120;330,120;350,120;330,120;350,120;330,120;350,120;330,120;350,120;330,120;350,120;330,120;350,120;330,120;350,120;330,120;350,120;330,120;350,120;330,120;
#3427:
>0:-1,-1;271,119;271,121;250,121;251,121;
#3428:
>0:-1,-1;271,119;271,121;291,121;291,123;
#3429:
>0:-1,-1;271,120;252,121;252,122;253,122;233,123;213,124;233,124;212,125;
#3430:
>0:-1,-1;271,122;270,123;290,124;290,125;
#3431:
>0:-1,-1;271,168;270,168;269,168;288,168;307,168;327,169;306,169;306,171;326,172;347,172;348,173;328,174;327,174;328,175;
#3432:
>0:-1,-1;271,181;250,182;250,184;269,184;270,184;289,185;289,187;308,188;
#3433:
>0:-1,-1;271,204;252,204;273,205;294,206;
#3434:
>0:-1,-1;272,17;252,18;251,19;
#3435:
>0:-1,-1;272,29;272,29;
#3436:
>0:-1,-1;272,54;272,54;
#3437:
>0:-1,-1;272,61;273,62;254,62;254,64;233,65;214,65;213,66;
#3438:
>0:-1,-1;272,61;272,61;
#3439:
>0:-1,-1;272,68;272,68;
#3440:
>0:-1,-1;272,74;252,75;231,75;250,75;270,75;289,76;270,77;271,78;290,78;291,78;311,79;330,80;310,80;310,81;330,82;329,82;310,82;
#3441:
>0:-1,-1;272,88;271,89;290,90;
#3442:
>0:-1,-1;272,102;273,102;273,104;254,104;255,104;
#3443:
>0:-1,-1;272,118;272,118;
#3444:
>0:-1,-1;272,120;271,120;252,121;252,122;253,122;233,123;213,124;233,124;212,125;
#3445:
>0:-1,-1;272,133;292,134;272,135;
#3446:
>0:-1,-1;272,229;252,230;232,230;232,231;233,232;212,233;232,233;211,233;191,233;211,234;190,234;210,234;209,235;188,235;
#3447:
>0:-1,-1;273,3;292,4;271,4;250,5;249,5;230,6;250,6;
#3448:
>0:-1,-1;273,12;273,12;
#3449:
>0:-1,-1;273,16;273,16;
#3450:
>0:-1,-1;273,22;274,22;254,23;273,23;
#3451:
>0:-1,-1;273,99;273,100;254,100;233,101;253,102;233,102;214,102;
#3452:
>0:-1,-1;273,109;273,109;
#3453:
>0:-1,-1;273,116;292,117;
#3454:
>0:-1,-1;273,126;273,126;
#3455:
>0:-1,-1;273,131;273,131;
#3456:
>0:-1,-1;273,141;274,141;294,142;
#3457:
>0:-1,-1;273,170;273,172;
#3458:
>0:-1,-1;273,188;273,188;
#3459:
>0:-1,-1;273,210;292,211;291,211;290,211;
#3460:
>0:-1,-1;273,211;253,212;
#3461:
>0:-1,-1;273,229;273,231;
#3462:
>0:-1,-1;273,232;252,233;273,233;254,234;234,234;254,234;234,234;254,234;234,234;254,234;234,234;254,234;234,234;254,234;234,234;254,234;234,234;254,234;234,234;254,234;234,234;254,234;234,234;254,234;234,234;254,234;234,234;254,234;234,234;254,234;234,234;254,234;234,234;254,234;234,234;254,234;234,234;254,234;234,234;254,234;234,234;254,234;234,234;254,234;234,234;254,234;234,234;254,234;234,234;254,234;234,234;254,234;234,234;254,234;234,234;254,234;234,234;254,234;234,234;254,234;234,234;254,234;234,234;254,234;234,234;254,234;234,234;254,234;234,234;254,234;234,234;254,234;234,234;254,234;234,234;254,234;234,234;254,234;234,234;254,234;234,234;254,234;234,234;254,234;234,234;254,234;234,234;254,234;234,234;254,234;234,234;254,234;234,234;254,234;234,234;254,234;234,234;254,234;234,234;254,234;234,234;254,234;234,234;254,234;234,234;254,234;234,234;254,234;234,234;254,234;234,234;254,234;234,234;254,234;234,234;254,234;234,234;254,234;234,234;254,234;234,234;254,234;234,234;254,234;
#3463:
>0:-1,-1;274,11;255,11;254,12;235,13;235,14;
#3464:
>0:-1,-1;274,41;293,41;312,42;332,43;333,43;313,44;334,45;315,45;
#3465:
>0:-1,-1;274,50;295,50;276,51;295,51;296,51;317,51;337,52;317,52;317,54;316,54;
#3466:
>0:-1,-1;274,55;254,55;274,55;254,55;274,55;254,55;274,55;254,55;274,55;254,55;274,55;254,55;274,55;254,55;274,55;254,55;274,55;254,55;274,55;254,55;274,55;254,55;274,55;254,55;274,55;254,55;274,55;254,55;274,55;254,55;274,55;254,55;274,55;254,55;274,55;254,55;274,55;254,55;274,55;254,55;274,55;254,55;274,55;254,55;274,55;254,55;274,55;254,55;274,55;254,55;274,55;254,55;274,55;254,55;274,55;254,55;274,55;254,55;274,55;254,55;274,55;254,55;274,55;254,55;274,55;254,55;274,55;254,55;274,55;254,55;274,55;254,55;274,55;254,55;274,55;254,55;274,55;254,55;274,55;254,55;274,55;254,55;274,55;254,55;274,55;254,55;274,55;254,55;274,55;254,55;274,55;254,55;274,55;254,55;274,55;254,55;274,55;254,55;274,55;254,55;274,55;254,55;274,55;254,55;274,55;254,55;274,55;254,55;274,55;254,55;274,55;254,55;274,55;254,55;274,55;254,55;274,55;254,55;274,55;254,55;274,55;254,55;274,55;254,55;
#3467:
>0:-1,-1;274,57;275,58;294,59;293,60;
#3468:
>0:-1,-1;274,63;275,64;256,65;255,66;256,67;
#3469:
>0:-1,-1;274,73;274,73;
#3470:
>0:-1,-1;274,98;255,99;256,100;255,101;236,102;216,103;217,103;237,103;216,104;195,104;
#3471:
>0:-1,-1;274,118;274,118;
#3472:
>0:-1,-1;274,133;294,133;
#3473:
>0:-1,-1;274,134;294,134;295,135;276,136;
#3474:
>0:-1,-1;274,175;293,176;293,177;313,178;313,179;292,179;312,179;313,180;312,180;292,181;272,181;251,181;250,181;270,181;291,181;
#3475:
>0:-1,-1;274,189;255,189;255,190;234,191;213,191;194,192;215,193;196,193;
#3476:
>0:-1,-1;274,196;275,197;
#3477:
>0:-1,-1;274,212;295,212;274,213;
#3478:
>0:-1,-1;274,217;295,217;296,218;
#3479:
>0:-1,-1;274,234;253,234;274,235;255,235;234,235;213,236;213,238;233,238;254,239;
#3480:
>0:-1,-1;275,18;276,18;255,18;
#3481:
>0:-1,-1;275,60;276,61;255,61;275,61;275,62;276,62;256,63;256,64;277,64;297,65;
#3482:
>0:-1,-1;275,114;255,114;256,114;256,116;277,117;256,117;236,118;
#3483:
>0:-1,-1;275,194;294,195;295,195;
#3484:
>0:-1,-1;276,1;296,2;275,3;274,4;
#3485:
>0:-1,-1;276,65;276,66;277,67;
#3486:
>0:-1,-1;276,67;257,68;257,69;
#3487:
>0:-1,-1;276,91;275,92;256,93;236,93;237,94;217,95;
#3488:
>0:-1,-1;276,117;295,118;274,119;
#3489:
>0:-1,-1;276,118;257,118;236,118;
#3490:
>0:-1,-1;276,141;276,143;275,143;
#3491:
>0:-1,-1;276,169;297,169;277,169;
#3492:
>0:-1,-1;276,180;276,180;
#3493:
>0:-1,-1;276,197;275,198;274,199;254,200;
#3494:
>0:-1,-1;277,3;277,4;256,4;277,5;298,5;
#3495:
>0:-1,-1;277,69;296,70;296,72;296,73;
#3496:
>0:-1,-1;277,169;277,169;
#3497:
>0:-1,-1;277,195;297,195;
#3498:
>0:-1,-1;278,20;297,20;316,20;335,20;314,20;293,20;294,21;294,22;294,24;293,24;272,24;
#3499:
>0:-1,-1;278,63;297,63;278,63;297,63;278,63;297,63;278,63;297,63;278,63;297,63;278,63;297,63;278,63;297,63;278,63;297,63;278,63;297,63;278,63;297,63;278,63;297,63;278,63;297,63;278,63;297,63;278,63;297,63;278,63;297,63;278,63;297,63;278,63;297,63;278,63;297,63;278,63;297,63;278,63;297,63;278,63;297,63;278,63;297,63;278,63;297,63;278,63;297,63;278,63;297,63;278,63;297,63;278,63;297,63;278,63;297,63;278,63;297,63;278,63;297,63;278,63;297,63;278,63;297,63;278,63;297,63;278,63;297,63;278,63;297,63;278,63;297,63;278,63;297,63;278,63;297,63;278,63;297,63;278,63;297,63;278,63;297,63;278,63;297,63;278,63;297,63;278,63;297,63;278,63;297,63;278,63;297,63;278,63;297,63;278,63;297,63;278,63;297,63;278,63;297,63;278,63;297,63;278,63;297,63;278,63;297,63;278,63;297,63;278,63;297,63;278,63;297,63;278,63;297,63;278,63;297,63;278,63;297,63;278,63;297,63;278,63;297,63;278,63;297,63;
#3500:
>0:-1,-1;278,87;278,87;
#3501:
>0:-1,-1;278,158;258,159;
#3502:
>0:-1,-1;278,201;298,201;299,202;278,203;278,204;278,206;299,206;319,206;338,206;339,206;
#3503:
>0:-1,-1;278,207;297,207;276,207;255,207;275,207;295,208;315,208;316,209;297,209;276,210;277,210;256,211;256,213;257,214;277,215;258,216;
#3504:
>0:-1,-1;278,225;299,226;299,227;279,228;
#3505:
>0:-1,-1;279,17;259,18;279,18;
#3506:
>0:-1,-1;279,25;258,25;
#3507:
>0:-1,-1;279,69;298,70;319,70;
#3508:
>0:-1,-1;279,100;278,101;298,102;317,103;296,103;277,103;297,104;277,105;296,106;317,106;
#3509:
>0:-1,-1;279,113;278,114;277,115;
#3510:
>0:-1,-1;279,132;258,133;
#3511:
>0:-1,-1;279,134;279,135;298,136;279,137;279,138;299,139;298,139;
#3512:
>0:-1,-1;279,148;258,149;257,149;
#3513:
>0:-1,-1;279,151;258,152;258,153;238,153;219,153;219,155;198,156;
#3514:
>0:-1,-1;279,189;278,189;277,190;298,190;317,191;296,192;275,192;
#3515:
>0:-1,-1;279,229;299,229;278,230;
#3516:
>0:-1,-1;280,25;280,26;260,26;280,27;260,28;280,29;300,29;281,30;260,30;260,31;261,31;261,32;261,34;240,34;260,35;241,36;
#3517:
>0:-1,-1;280,28;280,28;
#3518:
>0:-1,-1;280,101;280,101;
#3519:
>0:-1,-1;280,106;280,106;
#3520:
>0:-1,-1;280,121;260,122;240,123;220,123;221,124;241,124;260,124;
#3521:
>0:-1,-1;280,136;300,136;301,137;
#3522:
>0:-1,-1;280,146;280,146;
#3523:
>0:-1,-1;280,148;280,150;300,151;
#3524:
>0:-1,-1;280,179;300,180;300,182;300,183;
#3525:
>0:-1,-1;280,180;280,180;
#3526:
>0:-1,-1;280,235;280,235;
#3527:
>0:-1,-1;281,53;281,53;
#3528:
>0:-1,-1;281,86;281,86;
#3529:
>0:-1,-1;281,101;261,102;
#3530:
>0:-1,-1;281,101;300,101;280,102;
#3531:
>0:-1,-1;281,102;281,104;280,105;260,105;241,105;
#3532:
>0:-1,-1;281,122;281,122;
#3533:
>0:-1,-1;281,123;281,123;
#3534:
>0:-1,-1;281,126;301,126;
#3535:
>0:-1,-1;281,136;262,136;241,137;260,137;281,137;
#3536:
>0:-1,-1;281,136;302,137;322,137;341,137;342,138;341,138;322,138;
#3537:
>0:-1,-1;281,151;261,152;262,153;243,154;243,155;
#3538:
>0:-1,-1;281,151;261,152;
#3539:
>0:-1,-1;282,9;301,10;280,10;280,12;280,14;261,15;241,16;
#3540:
>0:-1,-1;282,16;283,16;264,17;265,18;245,19;226,19;205,20;224,20;
#3541:
>0:-1,-1;282,46;282,46;
#3542:
>0:-1,-1;282,73;301,73;280,74;281,74;
#3543:
>0:-1,-1;282,80;261,81;
#3544:
>0:-1,-1;282,80;263,81;284,81;265,81;266,81;287,81;
#3545:
>0:-1,-1;282,85;282,85;
#3546:
>0:-1,-1;282,98;302,98;322,98;
#3547:
>0:-1,-1;282,104;281,105;302,105;321,105;300,106;
#3548:
>0:-1,-1;282,123;282,123;
#3549:
>0:-1,-1;282,163;282,164;301,164;321,165;322,166;322,167;322,168;342,169;
#3550:
>0:-1,-1;282,173;261,173;241,174;
#3551:
>0:-1,-1;282,203;301,204;320,204;321,205;300,205;301,206;302,207;
#3552:
>0:-1,-1;283,13;303,13;284,14;
#3553:
>0:-1,-1;283,30;302,30;322,31;343,31;342,31;343,31;342,31;343,31;342,31;343,31;342,31;343,31;342,31;343,31;342,31;343,31;342,31;343,31;342,31;343,31;342,31;343,31;342,31;343,31;342,31;343,31;342,31;343,31;342,31;343,31;342,31;343,31;342,31;343,31;342,31;343,31;342,31;343,31;342,31;343,31;342,31;343,31;342,31;343,31;342,31;343,31;342,31;343,31;342,31;343,31;342,31;343,31;342,31;343,31;342,31;343,31;342,31;343,31;342,31;343,31;342,31;343,31;342,31;343,31;342,31;343,31;342,31;343,31;342,31;343,31;342,31;343,31;342,31;343,31;342,31;343,31;342,31;343,31;342,31;343,31;342,31;343,31;342,31;343,31;342,31;343,31;342,31;343,31;342,31;343,31;342,31;343,31;342,31;343,31;342,31;343,31;342,31;343,31;342,31;343,31;342,31;343,31;342,31;343,31;342,31;343,31;342,31;343,31;342,31;343,31;342,31;343,31;342,31;343,31;342,31;343,31;342,31;343,31;342,31;343,31;342,31;343,31;342,31;343,31;
#3554:
>0:-1,-1;283,64;264,65;263,66;282,66;261,67;
#3555:
>0:-1,-1;283,64;302,65;321,66;321,67;320,67;301,68;300,68;281,69;
#3556:
>0:-1,-1;283,90;284,90;303,90;303,91;
#3557:
>0:-1,-1;283,120;302,121;281,121;
#3558:
>0:-1,-1;283,130;283,130;
#3559:
>0:-1,-1;283,132;303,132;302,132;303,132;302,132;303,132;302,132;303,132;302,132;303,132;302,132;303,132;302,132;303,132;302,132;303,132;302,132;303,132;302,132;303,132;302,132;303,132;302,132;303,132;302,132;303,132;302,132;303,132;302,132;303,132;302,132;303,132;302,132;303,132;302,132;303,132;302,132;303,132;302,132;303,132;302,132;303,132;302,132;303,132;302,132;303,132;302,132;303,132;302,132;303,132;302,132;303,132;302,132;303,132;302,132;303,132;302,132;303,132;302,132;303,132;302,132;303,132;302,132;303,132;302,132;303,132;302,132;303,132;302,132;303,132;302,132;303,132;302,132;303,132;302,132;303,132;302,132;303,132;302,132;303,132;302,132;303,132;302,132;303,132;302,132;303,132;302,132;303,132;302,132;303,132;302,132;303,132;302,132;303,132;302,132;303,132;302,132;303,132;302,132;303,132;302,132;303,132;302,132;303,132;302,132;303,132;302,132;303,132;302,132;303,132;302,132;303,132;302,132;303,132;302,132;303,132;302,132;303,132;302,132;303,132;302,132;303,132;302,132;303,132;
#3560:
>0:-1,-1;283,169;302,169;282,170;301,171;321,172;302,172;323,173;303,173;284,174;305,174;
#3561:
>0:-1,-1;283,188;304,189;285,189;
#3562:
>0:-1,-1;283,213;283,213;
#3563:
>0:-1,-1;283,220;304,220;285,221;305,222;306,222;305,223;326,223;346,223;367,224;367,225;
#3564:
>0:-1,-1;284,21;285,21;264,22;265,23;264,24;283,24;262,25;
#3565:
>0:-1,-1;284,57;284,57;
#3566:
>0:-1,-1;284,85;284,85;
#3567:
>0:-1,-1;284,99;265,99;285,100;265,100;264,100;264,102;243,102;222,102;242,103;
#3568:
>0:-1,-1;284,103;284,104;264,104;243,105;263,105;262,106;
#3569:
>0:-1,-1;284,109;305,109;
#3570:
>0:-1,-1;284,111;263,112;244,113;244,115;243,116;
#3571:
>0:-1,-1;284,111;284,113;284,114;285,115;285,116;306,116;305,117;285,118;264,119;244,119;265,119;
#3572:
>0:-1,-1;284,116;265,116;286,116;
#3573:
>0:-1,-1;284,117;263,117;262,118;282,119;283,120;302,121;281,121;
#3574:
>0:-1,-1;284,196;303,196;302,196;
#3575:
>0:-1,-1;284,203;284,204;264,205;
#3576:
>0:-1,-1;284,203;303,203;323,203;
#3577:
>0:-1,-1;284,203;305,204;326,204;
#3578:
>0:-1,-1;284,211;284,211;
#3579:
>0:-1,-1;285,0;286,0;307,1;306,1;307,1;306,1;307,1;306,1;307,1;306,1;307,1;306,1;307,1;306,1;307,1;306,1;307,1;306,1;307,1;306,1;307,1;306,1;307,1;306,1;307,1;306,1;307,1;306,1;307,1;306,1;307,1;306,1;307,1;306,1;307,1;306,1;307,1;306,1;307,1;306,1;307,1;306,1;307,1;306,1;307,1;306,1;307,1;306,1;307,1;306,1;307,1;306,1;307,1;306,1;307,1;306,1;307,1;306,1;307,1;306,1;307,1;306,1;307,1;306,1;307,1;306,1;307,1;306,1;307,1;306,1;307,1;306,1;307,1;306,1;307,1;306,1;307,1;306,1;307,1;306,1;307,1;306,1;307,1;306,1;307,1;306,1;307,1;306,1;307,1;306,1;307,1;306,1;307,1;306,1;307,1;306,1;307,1;306,1;307,1;306,1;307,1;306,1;307,1;306,1;307,1;306,1;307,1;306,1;307,1;306,1;307,1;306,1;307,1;306,1;307,1;306,1;307,1;306,1;307,1;306,1;307,1;306,1;307,1;306,1;
#3580:
>0:-1,-1;285,9;264,10;243,10;
#3581:
>0:-1,-1;285,89;305,90;
#3582:
>0:-1,-1;285,91;285,91;
#3583:
>0:-1,-1;285,126;265,126;245,126;
#3584:
>0:-1,-1;285,165;265,166;
#3585:
>0:-1,-1;285,203;285,203;
#3586:
>0:-1,-1;285,207;305,207;324,207;344,208;345,208;366,209;347,209;
#3587:
>0:-1,-1;285,207;306,208;
#3588:
>0:-1,-1;285,237;285,237;
#3589:
>0:-1,-1;286,22;286,22;
#3590:
>0:-1,-1;286,25;265,25;
#3591:
>0:-1,-1;286,47;305,47;285,47;306,47;327,48;326,48;305,49;285,49;286,49;
#3592:
>0:-1,-1;286,59;307,59;286,60;
#3593:
>0:-1,-1;286,102;286,103;265,103;264,103;243,104;224,105;244,105;265,105;266,106;246,107;
#3594:
>0:-1,-1;286,102;287,103;306,104;326,105;346,105;
#3595:
>0:-1,-1;286,131;267,131;288,131;268,132;269,133;269,134;268,134;248,135;
#3596:
>0:-1,-1;286,172;267,173;288,174;289,174;290,175;
#3597:
>0:-1,-1;286,177;286,177;
#3598:
>0:-1,-1;286,179;266,179;286,179;266,179;286,179;266,179;286,179;266,179;286,179;266,179;286,179;266,179;286,179;266,179;286,179;266,179;286,179;266,179;286,179;266,179;286,179;266,179;286,179;266,179;286,179;266,179;286,179;266,179;286,179;266,179;286,179;266,179;286,179;266,179;286,179;266,179;286,179;266,179;286,179;266,179;286,179;266,179;286,179;266,179;286,179;266,179;286,179;266,179;286,179;266,179;286,179;266,179;286,179;266,179;286,179;266,179;286,179;266,179;286,179;266,179;286,179;266,179;286,179;266,179;286,179;266,179;286,179;266,179;286,179;266,179;286,179;266,179;286,179;266,179;286,179;266,179;286,179;266,179;286,179;266,179;286,179;266,179;286,179;266,179;286,179;266,179;286,179;266,179;286,179;266,179;286,179;266,179;286,179;266,179;286,179;266,179;286,179;266,179;286,179;266,179;286,179;266,179;286,179;266,179;286,179;266,179;286,179;266,179;286,179;266,179;286,179;266,179;286,179;266,179;286,179;266,179;286,179;266,179;286,179;266,179;286,179;266,179;286,179;266,179;
#3599:
>0:-1,-1;286,187;267,187;246,188;
#3600:
>0:-1,-1;286,214;286,214;
#3601:
>0:-1,-1;286,219;265,220;284,220;263,221;263,223;283,224;263,225;242,226;
#3602:
>0:-1,-1;287,1;287,1;
#3603:
>0:-1,-1;287,46;266,47;266,48;
#3604:
>0:-1,-1;287,51;307,52;326,53;
#3605:
>0:-1,-1;287,59;266,59;286,59;307,59;286,60;
#3606:
>0:-1,-1;287,59;308,59;287,59;308,59;
#3607:
>0:-1,-1;287,59;308,59;307,59;286,60;
#3608:
>0:-1,-1;287,60;288,61;
#3609:
>0:-1,-1;287,61;287,62;286,62;
#3610:
>0:-1,-1;287,82;267,83;
#3611:
>0:-1,-1;287,87;287,87;
#3612:
>0:-1,-1;287,99;307,100;308,101;308,103;
#3613:
>0:-1,-1;287,116;267,116;
#3614:
>0:-1,-1;287,122;288,122;288,123;268,124;268,125;
#3615:
>0:-1,-1;287,122;287,122;
#3616:
>0:-1,-1;287,125;287,125;
#3617:
>0:-1,-1;287,147;307,148;306,149;305,150;324,151;304,152;
#3618:
>0:-1,-1;287,154;287,154;
#3619:
>0:-1,-1;287,182;268,182;287,183;
#3620:
>0:-1,-1;287,186;287,186;
#3621:
>0:-1,-1;287,201;306,202;
#3622:
>0:-1,-1;287,209;268,209;267,210;247,210;266,211;245,212;245,214;266,214;286,215;305,216;285,217;285,218;285,220;264,220;245,221;
#3623:
>0:-1,-1;287,238;287,239;
#3624:
>0:-1,-1;287,238;288,239;269,239;
#3625:
>0:-1,-1;288,22;289,22;
#3626:
>0:-1,-1;288,31;288,33;289,34;270,35;269,35;250,36;250,38;269,39;269,40;249,41;269,41;268,42;248,42;229,42;210,43;211,43;
#3627:
>0:-1,-1;288,37;287,37;
#3628:
>0:-1,-1;288,56;309,57;290,57;269,57;
#3629:
>0:-1,-1;288,70;269,70;
#3630:
>0:-1,-1;288,83;289,83;289,84;308,85;329,85;329,87;350,88;370,88;371,89;391,89;371,90;351,91;372,92;372,94;351,94;372,94;351,94;372,94;351,94;372,94;351,94;372,94;351,94;372,94;351,94;372,94;351,94;372,94;351,94;372,94;351,94;372,94;351,94;372,94;351,94;372,94;351,94;372,94;351,94;372,94;351,94;372,94;351,94;372,94;351,94;372,94;351,94;372,94;351,94;372,94;351,94;372,94;351,94;372,94;351,94;372,94;351,94;372,94;351,94;372,94;351,94;372,94;351,94;372,94;351,94;372,94;351,94;372,94;351,94;372,94;351,94;372,94;351,94;372,94;351,94;372,94;351,94;372,94;351,94;372,94;351,94;372,94;351,94;372,94;351,94;372,94;351,94;372,94;351,94;372,94;351,94;372,94;351,94;372,94;351,94;372,94;351,94;372,94;351,94;372,94;351,94;372,94;351,94;372,94;351,94;372,94;351,94;372,94;351,94;372,94;351,94;372,94;351,94;372,94;351,94;372,94;351,94;372,94;351,94;372,94;351,94;372,94;351,94;372,94;
#3631:
>0:-1,-1;288,135;287,136;306,137;305,137;284,137;263,137;
#3632:
>0:-1,-1;288,153;288,153;
#3633:
>0:-1,-1;288,168;307,168;327,169;306,169;306,171;326,172;347,172;348,173;328,174;327,174;328,175;
#3634:
>0:-1,-1;288,171;288,171;
#3635:
>0:-1,-1;288,172;267,173;288,174;289,174;290,175;
#3636:
>0:-1,-1;288,216;308,216;327,216;
#3637:
>0:-1,-1;289,25;290,25;291,26;312,26;311,27;330,28;309,29;290,30;269,30;248,30;267,30;267,31;246,31;267,31;246,31;267,31;246,31;267,31;246,31;267,31;246,31;267,31;246,31;267,31;246,31;267,31;246,31;267,31;246,31;267,31;246,31;267,31;246,31;267,31;246,31;267,31;246,31;267,31;246,31;267,31;246,31;267,31;246,31;267,31;246,31;267,31;246,31;267,31;246,31;267,31;246,31;267,31;246,31;267,31;246,31;267,31;246,31;267,31;246,31;267,31;246,31;267,31;246,31;267,31;246,31;267,31;246,31;267,31;246,31;267,31;246,31;267,31;246,31;267,31;246,31;267,31;246,31;267,31;246,31;267,31;246,31;267,31;246,31;267,31;246,31;267,31;246,31;267,31;246,31;267,31;246,31;267,31;246,31;267,31;246,31;267,31;246,31;267,31;246,31;267,31;246,31;267,31;246,31;267,31;246,31;267,31;246,31;267,31;246,31;267,31;246,31;267,31;246,31;267,31;246,31;267,31;246,31;267,31;246,31;267,31;246,31;267,31;246,31;267,31;
#3638:
>0:-1,-1;289,25;308,25;309,26;330,26;
#3639:
>0:-1,-1;289,30;268,31;248,32;
#3640:
>0:-1,-1;289,62;289,62;
#3641:
>0:-1,-1;289,80;289,80;
#3642:
>0:-1,-1;289,95;270,96;
#3643:
>0:-1,-1;289,95;289,95;
#3644:
>0:-1,-1;289,97;268,98;269,99;288,99;
#3645:
>0:-1,-1;289,108;310,109;310,110;311,111;291,111;
#3646:
>0:-1,-1;289,113;289,113;
#3647:
>0:-1,-1;289,127;289,127;
#3648:
>0:-1,-1;289,140;308,140;
#3649:
>0:-1,-1;289,149;288,150;289,150;270,150;289,150;270,150;289,150;270,150;289,150;270,150;289,150;270,150;289,150;270,150;289,150;270,150;289,150;270,150;289,150;270,150;289,150;270,150;289,150;270,150;289,150;270,150;289,150;270,150;289,150;270,150;289,150;270,150;289,150;270,150;289,150;270,150;289,150;270,150;289,150;270,150;289,150;270,150;289,150;270,150;289,150;270,150;289,150;270,150;289,150;270,150;289,150;270,150;289,150;270,150;289,150;270,150;289,150;270,150;289,150;270,150;289,150;270,150;289,150;270,150;289,150;270,150;289,150;270,150;289,150;270,150;289,150;270,150;289,150;270,150;289,150;270,150;289,150;270,150;289,150;270,150;289,150;270,150;289,150;270,150;289,150;270,150;289,150;270,150;289,150;270,150;289,150;270,150;289,150;270,150;289,150;270,150;289,150;270,150;289,150;270,150;289,150;270,150;289,150;270,150;289,150;270,150;289,150;270,150;289,150;270,150;289,150;270,150;289,150;270,150;289,150;270,150;289,150;270,150;289,150;270,150;289,150;270,150;289,150;270,150;
#3650:
>0:-1,-1;289,176;288,176;309,177;328,177;
#3651:
>0:-1,-1;289,176;310,177;329,178;330,178;
#3652:
>0:-1,-1;289,195;289,195;
#3653:
>0:-1,-1;290,6;270,6;249,6;230,7;229,7;248,7;
#3654:
>0:-1,-1;290,6;271,6;
#3655:
>0:-1,-1;290,6;289,7;290,7;
#3656:
>0:-1,-1;290,57;269,57;
#3657:
>0:-1,-1;290,77;289,77;270,78;251,79;
#3658:
>0:-1,-1;290,89;311,89;291,89;290,89;311,89;291,89;290,89;311,89;291,89;290,89;311,89;291,89;290,89;311,89;291,89;290,89;311,89;291,89;290,89;311,89;291,89;290,89;311,89;291,89;290,89;311,89;291,89;290,89;311,89;291,89;290,89;311,89;291,89;290,89;311,89;291,89;290,89;311,89;291,89;290,89;311,89;291,89;290,89;311,89;291,89;290,89;311,89;291,89;290,89;311,89;291,89;290,89;311,89;291,89;290,89;311,89;291,89;290,89;311,89;291,89;290,89;311,89;291,89;290,89;311,89;291,89;290,89;311,89;291,89;290,89;311,89;291,89;290,89;311,89;291,89;290,89;311,89;291,89;290,89;311,89;291,89;290,89;311,89;291,89;290,89;311,89;291,89;290,89;311,89;291,89;290,89;311,89;291,89;290,89;311,89;291,89;290,89;311,89;291,89;290,89;311,89;291,89;290,89;311,89;291,89;290,89;311,89;291,89;290,89;311,89;291,89;290,89;311,89;291,89;290,89;311,89;291,89;290,89;311,89;291,89;290,89;311,89;291,89;290,89;
#3659:
>0:-1,-1;290,120;271,121;250,121;251,121;
#3660:
>0:-1,-1;290,128;290,128;
#3661:
>0:-1,-1;290,155;310,156;329,156;308,157;
#3662:
>0:-1,-1;290,155;290,155;
#3663:
>0:-1,-1;290,158;309,158;310,158;
#3664:
>0:-1,-1;290,179;269,180;269,181;290,181;271,182;291,183;291,185;311,186;290,187;291,187;291,188;
#3665:
>0:-1,-1;290,203;311,203;312,203;
#3666:
>0:-1,-1;290,211;290,211;
#3667:
>0:-1,-1;291,1;271,2;250,3;231,4;211,4;212,5;233,6;214,6;213,6;232,7;231,7;231,8;
#3668:
>0:-1,-1;291,46;292,47;293,47;
#3669:
>0:-1,-1;291,49;311,49;331,50;331,51;352,51;371,52;392,53;372,53;372,55;353,55;353,56;354,57;
#3670:
>0:-1,-1;291,59;292,59;312,60;291,61;
#3671:
>0:-1,-1;291,60;272,60;
#3672:
>0:-1,-1;291,67;270,67;270,69;250,69;
#3673:
>0:-1,-1;291,92;270,92;
#3674:
>0:-1,-1;291,92;291,93;290,94;309,94;309,95;328,96;349,97;368,98;
#3675:
>0:-1,-1;291,147;291,147;
#3676:
>0:-1,-1;291,154;291,156;310,156;329,156;308,157;
#3677:
>0:-1,-1;291,157;312,157;332,157;
#3678:
>0:-1,-1;291,160;310,161;289,162;309,163;290,163;
#3679:
>0:-1,-1;291,178;270,178;250,178;230,179;249,179;250,180;269,180;269,181;290,181;271,182;291,183;291,185;311,186;290,187;291,187;291,188;
#3680:
>0:-1,-1;291,188;272,189;291,189;312,189;293,190;273,191;
#3681:
>0:-1,-1;291,188;291,189;312,189;293,190;273,191;
#3682:
>0:-1,-1;291,218;291,218;
#3683:
>0:-1,-1;292,1;292,1;
#3684:
>0:-1,-1;292,30;312,31;
#3685:
>0:-1,-1;292,66;292,67;273,67;294,67;313,68;292,69;291,70;271,71;250,72;230,72;229,72;249,72;230,73;209,74;
#3686:
>0:-1,-1;292,113;313,114;333,115;
#3687:
>0:-1,-1;292,143;273,143;
#3688:
>0:-1,-1;292,143;293,143;
#3689:
>0:-1,-1;292,154;293,154;
#3690:
>0:-1,-1;292,164;273,164;274,164;274,165;293,165;314,166;315,166;295,167;274,168;274,169;
#3691:
>0:-1,-1;292,207;311,208;331,209;330,209;331,210;
#3692:
>0:-1,-1;292,226;272,227;291,227;
#3693:
>0:-1,-1;292,227;291,227;
#3694:
>0:-1,-1;292,235;292,235;
#3695:
>0:-1,-1;293,6;312,6;
#3696:
>0:-1,-1;293,12;312,13;332,14;353,15;
#3697:
>0:-1,-1;293,24;272,24;
#3698:
>0:-1,-1;293,31;313,31;293,31;313,31;293,31;313,31;293,31;313,31;293,31;313,31;293,31;313,31;293,31;313,31;293,31;313,31;293,31;313,31;293,31;313,31;293,31;313,31;293,31;313,31;293,31;313,31;293,31;313,31;293,31;313,31;293,31;313,31;293,31;313,31;293,31;313,31;293,31;313,31;293,31;313,31;293,31;313,31;293,31;313,31;293,31;313,31;293,31;313,31;293,31;313,31;293,31;313,31;293,31;313,31;293,31;313,31;293,31;313,31;293,31;313,31;293,31;313,31;293,31;313,31;293,31;313,31;293,31;313,31;293,31;313,31;293,31;313,31;293,31;313,31;293,31;313,31;293,31;313,31;293,31;313,31;293,31;313,31;293,31;313,31;293,31;313,31;293,31;313,31;293,31;313,31;293,31;313,31;293,31;313,31;293,31;313,31;293,31;313,31;293,31;313,31;293,31;313,31;293,31;313,31;293,31;313,31;293,31;313,31;293,31;313,31;293,31;313,31;293,31;313,31;293,31;313,31;293,31;313,31;293,31;313,31;293,31;313,31;293,31;313,31;
#3699:
>0:-1,-1;293,59;272,60;
#3700:
>0:-1,-1;293,92;272,92;251,92;231,93;
#3701:
>0:-1,-1;293,99;293,99;
#3702:
>0:-1,-1;293,106;273,107;272,107;293,108;
#3703:
>0:-1,-1;293,106;312,107;331,107;330,107;
#3704:
>0:-1,-1;293,118;294,119;294,120;313,121;333,122;354,122;
#3705:
>0:-1,-1;293,121;293,121;
#3706:
>0:-1,-1;293,123;313,123;293,123;313,123;293,123;313,123;293,123;313,123;293,123;313,123;293,123;313,123;293,123;313,123;293,123;313,123;293,123;313,123;293,123;313,123;293,123;313,123;293,123;313,123;293,123;313,123;293,123;313,123;293,123;313,123;293,123;313,123;293,123;313,123;293,123;313,123;293,123;313,123;293,123;313,123;293,123;313,123;293,123;313,123;293,123;313,123;293,123;313,123;293,123;313,123;293,123;313,123;293,123;313,123;293,123;313,123;293,123;313,123;293,123;313,123;293,123;313,123;293,123;313,123;293,123;313,123;293,123;313,123;293,123;313,123;293,123;313,123;293,123;313,123;293,123;313,123;293,123;313,123;293,123;313,123;293,123;313,123;293,123;313,123;293,123;313,123;293,123;313,123;293,123;313,123;293,123;313,123;293,123;313,123;293,123;313,123;293,123;313,123;293,123;313,123;293,123;313,123;293,123;313,123;293,123;313,123;293,123;313,123;293,123;313,123;293,123;313,123;293,123;313,123;293,123;313,123;293,123;313,123;293,123;313,123;293,123;313,123;293,123;313,123;
#3707:
>0:-1,-1;293,187;272,187;252,187;232,187;
#3708:
>0:-1,-1;293,211;292,212;273,212;
#3709:
>0:-1,-1;293,237;293,238;313,238;334,239;315,239;296,239;297,239;317,239;297,239;317,239;297,239;317,239;297,239;317,239;297,239;317,239;297,239;317,239;297,239;317,239;297,239;317,239;297,239;317,239;297,239;317,239;297,239;317,239;297,239;317,239;297,239;317,239;297,239;317,239;297,239;317,239;297,239;317,239;297,239;317,239;297,239;317,239;297,239;317,239;297,239;317,239;297,239;317,239;297,239;317,239;297,239;317,239;297,239;317,239;297,239;317,239;297,239;317,239;297,239;317,239;297,239;317,239;297,239;317,239;297,239;317,239;297,239;317,239;297,239;317,239;297,239;317,239;297,239;317,239;297,239;317,239;297,239;317,239;297,239;317,239;297,239;317,239;297,239;317,239;297,239;317,239;297,239;317,239;297,239;317,239;297,239;317,239;297,239;317,239;297,239;317,239;297,239;317,239;297,239;317,239;297,239;317,239;297,239;317,239;297,239;317,239;297,239;317,239;297,239;317,239;297,239;317,239;297,239;317,239;297,239;317,239;297,239;317,239;297,239;317,239;297,239;317,239;297,239;317,239;
#3710:
>0:-1,-1;293,237;293,237;
#3711:
>0:-1,-1;294,25;314,26;
#3712:
>0:-1,-1;294,25;294,25;
#3713:
>0:-1,-1;294,40;275,40;256,41;256,42;237,42;236,43;235,43;256,43;235,44;236,45;216,46;197,47;198,48;217,49;237,50;216,51;197,51;178,52;197,53;216,53;215,53;195,53;195,55;196,55;177,56;158,57;
#3714:
>0:-1,-1;294,73;294,74;315,74;314,74;293,75;313,75;313,77;333,77;333,78;333,80;
#3715:
>0:-1,-1;294,114;294,114;
#3716:
>0:-1,-1;294,137;294,138;
#3717:
>0:-1,-1;294,187;294,187;
#3718:
>0:-1,-1;294,213;295,214;276,214;295,215;316,216;295,217;296,218;
#3719:
>0:-1,-1;294,222;294,222;
#3720:
>0:-1,-1;294,234;273,234;292,234;312,234;293,234;292,234;312,234;293,234;292,234;312,234;293,234;292,234;312,234;293,234;292,234;312,234;293,234;292,234;312,234;293,234;292,234;312,234;293,234;292,234;312,234;293,234;292,234;312,234;293,234;292,234;312,234;293,234;292,234;312,234;293,234;292,234;312,234;293,234;292,234;312,234;293,234;292,234;312,234;293,234;292,234;312,234;293,234;292,234;312,234;293,234;292,234;312,234;293,234;292,234;312,234;293,234;292,234;312,234;293,234;292,234;312,234;293,234;292,234;312,234;293,234;292,234;312,234;293,234;292,234;312,234;293,234;292,234;312,234;293,234;292,234;312,234;293,234;292,234;312,234;293,234;292,234;312,234;293,234;292,234;312,234;293,234;292,234;312,234;293,234;292,234;312,234;293,234;292,234;312,234;293,234;292,234;312,234;293,234;292,234;312,234;293,234;292,234;312,234;293,234;292,234;312,234;293,234;292,234;312,234;293,234;292,234;312,234;293,234;292,234;312,234;293,234;292,234;312,234;293,234;292,234;312,234;293,234;292,234;312,234;
#3721:
>0:-1,-1;295,35;314,35;294,36;275,37;
#3722:
>0:-1,-1;295,53;294,54;315,54;335,55;316,55;335,55;316,55;335,55;316,55;335,55;316,55;335,55;316,55;335,55;316,55;335,55;316,55;335,55;316,55;335,55;316,55;335,55;316,55;335,55;316,55;335,55;316,55;335,55;316,55;335,55;316,55;335,55;316,55;335,55;316,55;335,55;316,55;335,55;316,55;335,55;316,55;335,55;316,55;335,55;316,55;335,55;316,55;335,55;316,55;335,55;316,55;335,55;316,55;335,55;316,55;335,55;316,55;335,55;316,55;335,55;316,55;335,55;316,55;335,55;316,55;335,55;316,55;335,55;316,55;335,55;316,55;335,55;316,55;335,55;316,55;335,55;316,55;335,55;316,55;335,55;316,55;335,55;316,55;335,55;316,55;335,55;316,55;335,55;316,55;335,55;316,55;335,55;316,55;335,55;316,55;335,55;316,55;335,55;316,55;335,55;316,55;335,55;316,55;335,55;316,55;335,55;316,55;335,55;316,55;335,55;316,55;335,55;316,55;335,55;316,55;335,55;316,55;335,55;316,55;335,55;316,55;335,55;316,55;335,55;
#3723:
>0:-1,-1;295,53;295,53;
#3724:
>0:-1,-1;295,56;295,56;
#3725:
>0:-1,-1;295,72;295,72;
#3726:
>0:-1,-1;295,83;294,83;
#3727:
>0:-1,-1;295,87;295,87;
#3728:
>0:-1,-1;295,88;276,88;297,88;
#3729:
>0:-1,-1;295,103;294,104;
#3730:
>0:-1,-1;295,118;274,119;
#3731:
>0:-1,-1;295,118;315,119;295,120;314,120;293,120;313,120;334,121;313,122;333,123;353,123;353,125;
#3732:
>0:-1,-1;295,119;295,119;
#3733:
>0:-1,-1;295,136;294,137;294,138;
#3734:
>0:-1,-1;295,148;316,148;317,149;
#3735:
>0:-1,-1;295,163;274,163;
#3736:
>0:-1,-1;295,165;315,166;295,167;274,168;274,169;
#3737:
>0:-1,-1;295,180;295,180;
#3738:
>0:-1,-1;295,180;295,180;
#3739:
>0:-1,-1;295,207;315,207;
#3740:
>0:-1,-1;295,210;316,210;
#3741:
>0:-1,-1;295,214;276,214;295,215;316,216;295,217;296,218;
#3742:
>0:-1,-1;296,5;277,5;298,5;
#3743:
>0:-1,-1;296,23;316,23;335,24;314,25;315,25;316,25;
#3744:
>0:-1,-1;296,82;317,82;337,83;
#3745:
>0:-1,-1;296,84;317,84;
#3746:
>0:-1,-1;296,111;276,111;256,111;276,111;256,111;276,111;256,111;276,111;256,111;276,111;256,111;276,111;256,111;276,111;256,111;276,111;256,111;276,111;256,111;276,111;256,111;276,111;256,111;276,111;256,111;276,111;256,111;276,111;256,111;276,111;256,111;276,111;256,111;276,111;256,111;276,111;256,111;276,111;256,111;276,111;256,111;276,111;256,111;276,111;256,111;276,111;256,111;276,111;256,111;276,111;256,111;276,111;256,111;276,111;256,111;276,111;256,111;276,111;256,111;276,111;256,111;276,111;256,111;276,111;256,111;276,111;256,111;276,111;256,111;276,111;256,111;276,111;256,111;276,111;256,111;276,111;256,111;276,111;256,111;276,111;256,111;276,111;256,111;276,111;256,111;276,111;256,111;276,111;256,111;276,111;256,111;276,111;256,111;276,111;256,111;276,111;256,111;276,111;256,111;276,111;256,111;276,111;256,111;276,111;256,111;276,111;256,111;276,111;256,111;276,111;256,111;276,111;256,111;276,111;256,111;276,111;256,111;276,111;256,111;276,111;256,111;276,111;256,111;276,111;
#3747:
>0:-1,-1;296,120;296,121;295,122;275,122;276,123;255,124;234,124;214,125;193,126;173,126;192,126;212,127;212,128;213,128;
#3748:
>0:-1,-1;296,136;277,136;
#3749:
>0:-1,-1;296,160;315,160;294,160;313,161;294,161;315,162;334,163;314,163;295,164;
#3750:
>0:-1,-1;296,165;277,166;278,167;
#3751:
>0:-1,-1;296,173;296,174;
#3752:
>0:-1,-1;296,178;315,179;
#3753:
>0:-1,-1;296,189;277,190;298,190;317,191;296,192;275,192;
#3754:
>0:-1,-1;296,191;296,191;
#3755:
>0:-1,-1;296,207;296,207;
#3756:
>0:-1,-1;296,220;277,221;256,221;236,221;215,221;236,222;
#3757:
>0:-1,-1;296,222;296,222;
#3758:
>0:-1,-1;297,20;316,20;335,20;314,20;293,20;294,21;294,22;294,24;293,24;272,24;
#3759:
>0:-1,-1;297,24;277,24;
#3760:
>0:-1,-1;297,46;277,46;
#3761:
>0:-1,-1;297,60;276,60;295,60;314,60;
#3762:
>0:-1,-1;297,71;297,71;
#3763:
>0:-1,-1;297,97;296,98;315,99;
#3764:
>0:-1,-1;297,116;298,116;
#3765:
>0:-1,-1;297,166;277,167;258,168;237,168;216,169;215,170;216,170;196,171;
#3766:
>0:-1,-1;297,224;277,224;277,226;278,226;297,226;277,226;278,226;297,226;277,226;278,226;297,226;277,226;278,226;297,226;277,226;278,226;297,226;277,226;278,226;297,226;277,226;278,226;297,226;277,226;278,226;297,226;277,226;278,226;297,226;277,226;278,226;297,226;277,226;278,226;297,226;277,226;278,226;297,226;277,226;278,226;297,226;277,226;278,226;297,226;277,226;278,226;297,226;277,226;278,226;297,226;277,226;278,226;297,226;277,226;278,226;297,226;277,226;278,226;297,226;277,226;278,226;297,226;277,226;278,226;297,226;277,226;278,226;297,226;277,226;278,226;297,226;277,226;278,226;297,226;277,226;278,226;297,226;277,226;278,226;297,226;277,226;278,226;297,226;277,226;278,226;297,226;277,226;278,226;297,226;277,226;278,226;297,226;277,226;278,226;297,226;277,226;278,226;297,226;277,226;278,226;297,226;277,226;278,226;297,226;277,226;278,226;297,226;277,226;278,226;297,226;277,226;278,226;297,226;277,226;278,226;297,226;277,226;278,226;297,226;277,226;278,226;297,226;277,226;278,226;
#3767:
>0:-1,-1;297,235;277,236;257,236;238,236;217,237;236,237;
#3768:
>0:-1,-1;298,68;318,68;338,68;
#3769:
>0:-1,-1;298,136;279,137;279,138;299,139;298,139;
#3770:
>0:-1,-1;298,150;298,150;
#3771:
>0:-1,-1;298,197;278,198;
#3772:
>0:-1,-1;298,199;279,200;298,200;297,201;277,201;277,203;256,204;237,205;
#3773:
>0:-1,-1;298,199;317,200;297,201;277,201;277,203;256,204;237,205;
#3774:
>0:-1,-1;298,230;298,232;
#3775:
>0:-1,-1;299,11;299,13;298,13;318,13;
#3776:
>0:-1,-1;299,17;299,17;
#3777:
>0:-1,-1;299,19;319,19;299,20;
#3778:
>0:-1,-1;299,35;318,36;
#3779:
>0:-1,-1;299,37;319,38;299,39;
#3780:
>0:-1,-1;299,47;279,47;279,48;279,49;
#3781:
>0:-1,-1;299,50;298,51;319,52;
#3782:
>0:-1,-1;299,50;298,51;
#3783:
>0:-1,-1;299,55;318,56;297,57;
#3784:
>0:-1,-1;299,72;319,73;298,73;277,74;258,74;
#3785:
>0:-1,-1;299,79;299,79;
#3786:
>0:-1,-1;299,80;279,80;299,81;319,82;338,82;339,82;
#3787:
>0:-1,-1;299,119;319,120;
#3788:
>0:-1,-1;299,155;278,156;
#3789:
>0:-1,-1;299,191;278,191;259,192;239,193;258,193;259,193;
#3790:
>0:-1,-1;299,201;298,202;318,203;
#3791:
>0:-1,-1;299,201;299,201;
#3792:
>0:-1,-1;300,131;300,132;
#3793:
>0:-1,-1;300,153;300,154;321,155;320,155;321,155;320,155;321,155;320,155;321,155;320,155;321,155;320,155;321,155;320,155;321,155;320,155;321,155;320,155;321,155;320,155;321,155;320,155;321,155;320,155;321,155;320,155;321,155;320,155;321,155;320,155;321,155;320,155;321,155;320,155;321,155;320,155;321,155;320,155;321,155;320,155;321,155;320,155;321,155;320,155;321,155;320,155;321,155;320,155;321,155;320,155;321,155;320,155;321,155;320,155;321,155;320,155;321,155;320,155;321,155;320,155;321,155;320,155;321,155;320,155;321,155;320,155;321,155;320,155;321,155;320,155;321,155;320,155;321,155;320,155;321,155;320,155;321,155;320,155;321,155;320,155;321,155;320,155;321,155;320,155;321,155;320,155;321,155;320,155;321,155;320,155;321,155;320,155;321,155;320,155;321,155;320,155;321,155;320,155;321,155;320,155;321,155;320,155;321,155;320,155;321,155;320,155;321,155;320,155;321,155;320,155;321,155;320,155;321,155;320,155;321,155;320,155;321,155;320,155;321,155;320,155;321,155;320,155;321,155;320,155;
#3794:
>0:-1,-1;300,178;300,178;
#3795:
>0:-1,-1;300,221;300,221;
#3796:
>0:-1,-1;300,224;320,224;
#3797:
>0:-1,-1;300,225;300,227;
#3798:
>0:-1,-1;300,239;300,239;
#3799:
>0:-1,-1;301,25;300,26;
#3800:
>0:-1,-1;301,36;281,36;300,37;301,37;320,37;340,37;361,37;360,37;340,38;360,39;341,39;341,40;
#3801:
>0:-1,-1;301,36;321,36;302,37;322,38;
#3802:
>0:-1,-1;301,41;280,42;
#3803:
>0:-1,-1;301,41;300,41;301,42;281,42;260,43;240,44;240,45;240,46;220,46;241,47;242,48;
#3804:
>0:-1,-1;301,43;301,43;
#3805:
>0:-1,-1;301,63;301,64;322,64;341,64;320,65;341,65;361,66;
#3806:
>0:-1,-1;301,71;300,72;301,73;280,74;281,74;
#3807:
>0:-1,-1;301,73;280,74;281,74;
#3808:
>0:-1,-1;301,138;282,138;262,139;242,139;241,139;261,140;242,141;242,143;241,144;220,145;240,145;
#3809:
>0:-1,-1;301,154;280,155;300,156;281,156;
#3810:
>0:-1,-1;301,154;302,155;
#3811:
>0:-1,-1;301,161;281,162;301,163;280,164;300,165;321,166;321,167;301,168;322,169;341,169;362,169;342,169;
#3812:
>0:-1,-1;301,192;301,192;
#3813:
>0:-1,-1;301,204;320,204;321,205;300,205;301,206;302,207;
#3814:
>0:-1,-1;301,225;301,225;
#3815:
>0:-1,-1;302,11;322,12;
#3816:
>0:-1,-1;302,11;323,11;322,12;
#3817:
>0:-1,-1;302,22;282,23;283,23;283,25;262,26;263,26;282,27;302,28;283,28;284,28;263,28;264,28;
#3818:
>0:-1,-1;302,22;283,22;262,23;
#3819:
>0:-1,-1;302,27;321,28;342,29;363,30;
#3820:
>0:-1,-1;302,36;283,37;284,37;263,37;284,38;
#3821:
>0:-1,-1;302,43;302,43;
#3822:
>0:-1,-1;302,57;303,58;
#3823:
>0:-1,-1;302,60;322,61;
#3824:
>0:-1,-1;302,76;323,76;304,77;284,77;285,77;286,78;285,79;306,80;
#3825:
>0:-1,-1;302,89;302,91;281,92;282,93;303,94;322,95;321,95;
#3826:
>0:-1,-1;302,95;282,95;261,96;
#3827:
>0:-1,-1;302,95;282,95;
#3828:
>0:-1,-1;302,105;321,105;300,106;
#3829:
>0:-1,-1;302,111;302,111;
#3830:
>0:-1,-1;302,138;282,138;262,139;242,139;241,139;261,140;242,141;242,143;241,144;220,145;240,145;
#3831:
>0:-1,-1;302,143;302,143;
#3832:
>0:-1,-1;302,164;302,164;
#3833:
>0:-1,-1;302,186;301,187;280,188;301,188;282,189;262,189;262,191;241,192;221,192;242,193;241,194;
#3834:
>0:-1,-1;302,229;281,230;260,231;
#3835:
>0:-1,-1;303,25;303,25;
#3836:
>0:-1,-1;303,25;303,25;
#3837:
>0:-1,-1;303,46;304,46;325,46;345,47;
#3838:
>0:-1,-1;303,135;283,135;284,135;285,135;264,136;265,137;265,139;
#3839:
>0:-1,-1;303,141;322,142;301,143;
#3840:
>0:-1,-1;303,178;324,179;344,180;345,181;
#3841:
>0:-1,-1;303,201;304,201;324,201;
#3842:
>0:-1,-1;304,24;324,24;325,24;346,25;
#3843:
>0:-1,-1;304,28;304,28;
#3844:
>0:-1,-1;304,42;303,42;
#3845:
>0:-1,-1;304,55;304,55;
#3846:
>0:-1,-1;304,67;285,68;305,69;306,70;
#3847:
>0:-1,-1;304,67;304,68;325,69;
#3848:
>0:-1,-1;304,85;304,85;
#3849:
>0:-1,-1;304,129;284,129;283,130;
#3850:
>0:-1,-1;304,130;304,130;
#3851:
>0:-1,-1;304,155;284,156;264,157;
#3852:
>0:-1,-1;304,208;304,209;
#3853:
>0:-1,-1;304,229;284,230;305,231;304,231;
#3854:
>0:-1,-1;305,30;285,31;306,31;326,32;
#3855:
>0:-1,-1;305,116;284,116;265,116;286,116;
#3856:
>0:-1,-1;305,119;286,119;
#3857:
>0:-1,-1;305,119;305,119;
#3858:
>0:-1,-1;305,130;305,131;324,131;
#3859:
>0:-1,-1;305,148;305,150;324,151;304,152;
#3860:
>0:-1,-1;305,164;284,164;283,164;303,165;
#3861:
>0:-1,-1;305,175;324,175;
#3862:
>0:-1,-1;305,207;324,207;344,208;345,208;366,209;347,209;
#3863:
>0:-1,-1;305,213;325,214;
#3864:
>0:-1,-1;305,214;305,215;
#3865:
>0:-1,-1;305,236;305,236;
#3866:
>0:-1,-1;306,15;306,15;
#3867:
>0:-1,-1;306,17;287,17;
#3868:
>0:-1,-1;306,17;306,18;285,19;
#3869:
>0:-1,-1;306,26;327,26;308,26;307,26;288,27;307,28;307,29;308,30;288,31;288,33;289,34;270,35;269,35;250,36;250,38;269,39;269,40;249,41;269,41;268,42;248,42;229,42;210,43;211,43;
#3870:
>0:-1,-1;306,53;306,53;
#3871:
>0:-1,-1;306,89;326,90;325,90;325,92;304,93;284,94;285,95;305,96;286,97;267,97;268,98;269,99;288,99;
#3872:
>0:-1,-1;306,99;286,99;305,100;304,101;303,101;
#3873:
>0:-1,-1;306,126;326,127;
#3874:
>0:-1,-1;306,161;306,162;287,162;286,163;266,164;
#3875:
>0:-1,-1;306,230;327,230;328,231;
#3876:
>0:-1,-1;307,58;328,59;
#3877:
>0:-1,-1;307,64;307,65;
#3878:
>0:-1,-1;307,91;286,92;265,92;286,92;265,92;286,92;265,92;286,92;265,92;286,92;265,92;286,92;265,92;286,92;265,92;286,92;265,92;286,92;265,92;286,92;265,92;286,92;265,92;286,92;265,92;286,92;265,92;286,92;265,92;286,92;265,92;286,92;265,92;286,92;265,92;286,92;265,92;286,92;265,92;286,92;265,92;286,92;265,92;286,92;265,92;286,92;265,92;286,92;265,92;286,92;265,92;286,92;265,92;286,92;265,92;286,92;265,92;286,92;265,92;286,92;265,92;286,92;265,92;286,92;265,92;286,92;265,92;286,92;265,92;286,92;265,92;286,92;265,92;286,92;265,92;286,92;265,92;286,92;265,92;286,92;265,92;286,92;265,92;286,92;265,92;286,92;265,92;286,92;265,92;286,92;265,92;286,92;265,92;286,92;265,92;286,92;265,92;286,92;265,92;286,92;265,92;286,92;265,92;286,92;265,92;286,92;265,92;286,92;265,92;286,92;265,92;286,92;265,92;286,92;265,92;286,92;265,92;286,92;265,92;286,92;265,92;286,92;265,92;286,92;
#3879:
>0:-1,-1;307,153;306,153;
#3880:
>0:-1,-1;307,157;308,158;
#3881:
>0:-1,-1;307,164;326,164;347,164;346,165;365,165;384,165;384,166;365,166;344,167;364,168;383,168;
#3882:
>0:-1,-1;307,171;328,171;
#3883:
>0:-1,-1;307,216;307,216;
#3884:
>0:-1,-1;307,229;307,231;
#3885:
>0:-1,-1;308,34;327,35;
#3886:
>0:-1,-1;308,39;289,40;270,40;291,41;
#3887:
>0:-1,-1;308,41;308,41;
#3888:
>0:-1,-1;308,145;288,146;308,147;
#3889:
>0:-1,-1;308,205;308,205;
#3890:
>0:-1,-1;308,217;307,217;288,218;
#3891:
>0:-1,-1;308,218;308,218;
#3892:
>0:-1,-1;308,228;307,229;307,231;
#3893:
>0:-1,-1;308,235;288,235;
#3894:
>0:-1,-1;308,235;309,236;329,236;350,237;371,237;351,238;371,239;
#3895:
>0:-1,-1;309,5;309,5;
#3896:
>0:-1,-1;309,34;309,34;
#3897:
>0:-1,-1;309,51;288,51;
#3898:
>0:-1,-1;309,55;328,56;
#3899:
>0:-1,-1;309,66;330,67;350,68;371,69;390,69;391,69;
#3900:
>0:-1,-1;309,91;328,91;309,91;328,91;309,91;328,91;309,91;328,91;309,91;328,91;309,91;328,91;309,91;328,91;309,91;328,91;309,91;328,91;309,91;328,91;309,91;328,91;309,91;328,91;309,91;328,91;309,91;328,91;309,91;328,91;309,91;328,91;309,91;328,91;309,91;328,91;309,91;328,91;309,91;328,91;309,91;328,91;309,91;328,91;309,91;328,91;309,91;328,91;309,91;328,91;309,91;328,91;309,91;328,91;309,91;328,91;309,91;328,91;309,91;328,91;309,91;328,91;309,91;328,91;309,91;328,91;309,91;328,91;309,91;328,91;309,91;328,91;309,91;328,91;309,91;328,91;309,91;328,91;309,91;328,91;309,91;328,91;309,91;328,91;309,91;328,91;309,91;328,91;309,91;328,91;309,91;328,91;309,91;328,91;309,91;328,91;309,91;328,91;309,91;328,91;309,91;328,91;309,91;328,91;309,91;328,91;309,91;328,91;309,91;328,91;309,91;328,91;309,91;328,91;309,91;328,91;309,91;328,91;309,91;328,91;309,91;328,91;309,91;328,91;
#3901:
>0:-1,-1;309,97;330,97;331,97;330,97;331,97;330,97;331,97;330,97;331,97;330,97;331,97;330,97;331,97;330,97;331,97;330,97;331,97;330,97;331,97;330,97;331,97;330,97;331,97;330,97;331,97;330,97;331,97;330,97;331,97;330,97;331,97;330,97;331,97;330,97;331,97;330,97;331,97;330,97;331,97;330,97;331,97;330,97;331,97;330,97;331,97;330,97;331,97;330,97;331,97;330,97;331,97;330,97;331,97;330,97;331,97;330,97;331,97;330,97;331,97;330,97;331,97;330,97;331,97;330,97;331,97;330,97;331,97;330,97;331,97;330,97;331,97;330,97;331,97;330,97;331,97;330,97;331,97;330,97;331,97;330,97;331,97;330,97;331,97;330,97;331,97;330,97;331,97;330,97;331,97;330,97;331,97;330,97;331,97;330,97;331,97;330,97;331,97;330,97;331,97;330,97;331,97;330,97;331,97;330,97;331,97;330,97;331,97;330,97;331,97;330,97;331,97;330,97;331,97;330,97;331,97;330,97;331,97;330,97;331,97;330,97;331,97;330,97;331,97;330,97;
#3902:
>0:-1,-1;309,121;289,121;268,121;267,122;246,122;267,123;247,123;227,124;
#3903:
>0:-1,-1;309,134;289,135;
#3904:
>0:-1,-1;309,154;289,155;308,156;308,158;
#3905:
>0:-1,-1;309,154;289,155;310,156;329,156;308,157;
#3906:
>0:-1,-1;309,167;289,168;
#3907:
>0:-1,-1;309,167;329,167;
#3908:
>0:-1,-1;309,177;328,177;
#3909:
>0:-1,-1;309,221;309,221;
#3910:
>0:-1,-1;310,7;289,7;290,7;
#3911:
>0:-1,-1;310,13;331,13;
#3912:
>0:-1,-1;310,50;310,52;
#3913:
>0:-1,-1;310,67;291,68;272,68;
#3914:
>0:-1,-1;310,81;330,82;329,82;310,82;
#3915:
>0:-1,-1;310,84;309,85;289,86;310,87;309,87;289,88;
#3916:
>0:-1,-1;310,113;331,114;351,115;371,115;352,115;372,115;
#3917:
>0:-1,-1;310,116;310,116;
#3918:
>0:-1,-1;310,131;310,131;
#3919:
>0:-1,-1;310,153;310,153;
#3920:
>0:-1,-1;310,157;309,157;308,158;
#3921:
>0:-1,-1;310,157;309,157;328,158;328,159;307,160;286,160;307,160;286,160;307,160;286,160;307,160;286,160;307,160;286,160;307,160;286,160;307,160;286,160;307,160;286,160;307,160;286,160;307,160;286,160;307,160;286,160;307,160;286,160;307,160;286,160;307,160;286,160;307,160;286,160;307,160;286,160;307,160;286,160;307,160;286,160;307,160;286,160;307,160;286,160;307,160;286,160;307,160;286,160;307,160;286,160;307,160;286,160;307,160;286,160;307,160;286,160;307,160;286,160;307,160;286,160;307,160;286,160;307,160;286,160;307,160;286,160;307,160;286,160;307,160;286,160;307,160;286,160;307,160;286,160;307,160;286,160;307,160;286,160;307,160;286,160;307,160;286,160;307,160;286,160;307,160;286,160;307,160;286,160;307,160;286,160;307,160;286,160;307,160;286,160;307,160;286,160;307,160;286,160;307,160;286,160;307,160;286,160;307,160;286,160;307,160;286,160;307,160;286,160;307,160;286,160;307,160;286,160;307,160;286,160;307,160;286,160;307,160;286,160;307,160;286,160;307,160;286,160;307,160;286,160;
#3922:
>0:-1,-1;310,166;310,166;
#3923:
>0:-1,-1;310,224;311,224;332,225;352,226;
#3924:
>0:-1,-1;311,4;332,4;312,5;
#3925:
>0:-1,-1;311,9;312,10;332,11;332,13;312,14;332,15;
#3926:
>0:-1,-1;311,15;311,15;
#3927:
>0:-1,-1;311,38;310,38;329,39;329,41;308,41;
#3928:
>0:-1,-1;311,77;311,79;330,80;310,80;310,81;330,82;329,82;310,82;
#3929:
>0:-1,-1;311,89;291,89;290,89;311,89;291,89;290,89;311,89;291,89;290,89;311,89;291,89;290,89;311,89;291,89;290,89;311,89;291,89;290,89;311,89;291,89;290,89;311,89;291,89;290,89;311,89;291,89;290,89;311,89;291,89;290,89;311,89;291,89;290,89;311,89;291,89;290,89;311,89;291,89;290,89;311,89;291,89;290,89;311,89;291,89;290,89;311,89;291,89;290,89;311,89;291,89;290,89;311,89;291,89;290,89;311,89;291,89;290,89;311,89;291,89;290,89;311,89;291,89;290,89;311,89;291,89;290,89;311,89;291,89;290,89;311,89;291,89;290,89;311,89;291,89;290,89;311,89;291,89;290,89;311,89;291,89;290,89;311,89;291,89;290,89;311,89;291,89;290,89;311,89;291,89;290,89;311,89;291,89;290,89;311,89;291,89;290,89;311,89;291,89;290,89;311,89;291,89;290,89;311,89;291,89;290,89;311,89;291,89;290,89;311,89;291,89;290,89;311,89;291,89;290,89;311,89;291,89;290,89;311,89;291,89;290,89;311,89;291,89;290,89;311,89;
#3930:
>0:-1,-1;311,132;311,132;
#3931:
>0:-1,-1;311,167;292,167;313,168;
#3932:
>0:-1,-1;311,176;330,177;
#3933:
>0:-1,-1;311,194;331,194;
#3934:
>0:-1,-1;311,195;292,196;273,197;
#3935:
>0:-1,-1;311,203;312,203;
#3936:
>0:-1,-1;311,211;290,211;
#3937:
>0:-1,-1;311,212;312,213;
#3938:
>0:-1,-1;312,55;331,56;332,57;352,58;
#3939:
>0:-1,-1;312,66;312,68;292,69;291,70;271,71;250,72;230,72;229,72;249,72;230,73;209,74;
#3940:
>0:-1,-1;312,73;292,74;293,74;
#3941:
>0:-1,-1;312,79;312,79;
#3942:
>0:-1,-1;312,105;312,105;
#3943:
>0:-1,-1;312,149;291,150;312,151;
#3944:
>0:-1,-1;312,161;331,162;
#3945:
>0:-1,-1;312,237;332,237;333,238;314,239;295,239;315,239;296,239;297,239;317,239;297,239;317,239;297,239;317,239;297,239;317,239;297,239;317,239;297,239;317,239;297,239;317,239;297,239;317,239;297,239;317,239;297,239;317,239;297,239;317,239;297,239;317,239;297,239;317,239;297,239;317,239;297,239;317,239;297,239;317,239;297,239;317,239;297,239;317,239;297,239;317,239;297,239;317,239;297,239;317,239;297,239;317,239;297,239;317,239;297,239;317,239;297,239;317,239;297,239;317,239;297,239;317,239;297,239;317,239;297,239;317,239;297,239;317,239;297,239;317,239;297,239;317,239;297,239;317,239;297,239;317,239;297,239;317,239;297,239;317,239;297,239;317,239;297,239;317,239;297,239;317,239;297,239;317,239;297,239;317,239;297,239;317,239;297,239;317,239;297,239;317,239;297,239;317,239;297,239;317,239;297,239;317,239;297,239;317,239;297,239;317,239;297,239;317,239;297,239;317,239;297,239;317,239;297,239;317,239;297,239;317,239;297,239;317,239;297,239;317,239;297,239;317,239;297,239;317,239;297,239;
#3946:
>0:-1,-1;313,31;293,31;313,31;293,31;313,31;293,31;313,31;293,31;313,31;293,31;313,31;293,31;313,31;293,31;313,31;293,31;313,31;293,31;313,31;293,31;313,31;293,31;313,31;293,31;313,31;293,31;313,31;293,31;313,31;293,31;313,31;293,31;313,31;293,31;313,31;293,31;313,31;293,31;313,31;293,31;313,31;293,31;313,31;293,31;313,31;293,31;313,31;293,31;313,31;293,31;313,31;293,31;313,31;293,31;313,31;293,31;313,31;293,31;313,31;293,31;313,31;293,31;313,31;293,31;313,31;293,31;313,31;293,31;313,31;293,31;313,31;293,31;313,31;293,31;313,31;293,31;313,31;293,31;313,31;293,31;313,31;293,31;313,31;293,31;313,31;293,31;313,31;293,31;313,31;293,31;313,31;293,31;313,31;293,31;313,31;293,31;313,31;293,31;313,31;293,31;313,31;293,31;313,31;293,31;313,31;293,31;313,31;293,31;313,31;293,31;313,31;293,31;313,31;293,31;313,31;293,31;313,31;293,31;313,31;293,31;313,31;293,31;313,31;293,31;
#3947:
>0:-1,-1;313,42;314,43;314,44;
#3948:
>0:-1,-1;313,66;313,66;
#3949:
>0:-1,-1;313,71;313,71;
#3950:
>0:-1,-1;313,109;314,110;
#3951:
>0:-1,-1;313,132;313,132;
#3952:
>0:-1,-1;313,179;292,179;312,179;313,180;312,180;292,181;272,181;251,181;250,181;270,181;291,181;
#3953:
>0:-1,-1;313,189;313,189;
#3954:
>0:-1,-1;314,99;335,100;316,100;295,100;275,100;
#3955:
>0:-1,-1;314,136;293,137;292,137;291,137;310,137;330,138;350,139;351,140;372,140;
#3956:
>0:-1,-1;314,140;293,140;312,140;
#3957:
>0:-1,-1;314,147;314,147;
#3958:
>0:-1,-1;314,148;314,149;
#3959:
>0:-1,-1;314,159;335,160;334,160;355,161;356,161;377,161;396,162;397,163;377,163;357,163;377,163;357,163;377,163;357,163;377,163;357,163;377,163;357,163;377,163;357,163;377,163;357,163;377,163;357,163;377,163;357,163;377,163;357,163;377,163;357,163;377,163;357,163;377,163;357,163;377,163;357,163;377,163;357,163;377,163;357,163;377,163;357,163;377,163;357,163;377,163;357,163;377,163;357,163;377,163;357,163;377,163;357,163;377,163;357,163;377,163;357,163;377,163;357,163;377,163;357,163;377,163;357,163;377,163;357,163;377,163;357,163;377,163;357,163;377,163;357,163;377,163;357,163;377,163;357,163;377,163;357,163;377,163;357,163;377,163;357,163;377,163;357,163;377,163;357,163;377,163;357,163;377,163;357,163;377,163;357,163;377,163;357,163;377,163;357,163;377,163;357,163;377,163;357,163;377,163;357,163;377,163;357,163;377,163;357,163;377,163;357,163;377,163;357,163;377,163;357,163;377,163;357,163;377,163;357,163;377,163;357,163;377,163;357,163;377,163;357,163;377,163;357,163;377,163;357,163;
#3960:
>0:-1,-1;314,189;314,190;295,190;
#3961:
>0:-1,-1;314,199;335,200;
#3962:
>0:-1,-1;315,23;336,23;357,24;377,25;398,25;377,26;398,27;
#3963:
>0:-1,-1;315,40;335,40;355,40;354,40;375,40;395,40;395,42;374,42;393,43;394,44;395,45;394,45;
#3964:
>0:-1,-1;315,71;315,71;
#3965:
>0:-1,-1;315,84;315,86;314,86;295,87;
#3966:
>0:-1,-1;315,91;334,92;315,93;
#3967:
>0:-1,-1;315,94;294,94;313,95;333,95;
#3968:
>0:-1,-1;315,98;315,100;295,101;294,102;294,104;
#3969:
>0:-1,-1;315,99;315,99;
#3970:
>0:-1,-1;315,120;334,120;355,120;375,120;374,120;393,120;372,121;372,123;351,123;372,123;351,123;372,123;351,123;372,123;351,123;372,123;351,123;372,123;351,123;372,123;351,123;372,123;351,123;372,123;351,123;372,123;351,123;372,123;351,123;372,123;351,123;372,123;351,123;372,123;351,123;372,123;351,123;372,123;351,123;372,123;351,123;372,123;351,123;372,123;351,123;372,123;351,123;372,123;351,123;372,123;351,123;372,123;351,123;372,123;351,123;372,123;351,123;372,123;351,123;372,123;351,123;372,123;351,123;372,123;351,123;372,123;351,123;372,123;351,123;372,123;351,123;372,123;351,123;372,123;351,123;372,123;351,123;372,123;351,123;372,123;351,123;372,123;351,123;372,123;351,123;372,123;351,123;372,123;351,123;372,123;351,123;372,123;351,123;372,123;351,123;372,123;351,123;372,123;351,123;372,123;351,123;372,123;351,123;372,123;351,123;372,123;351,123;372,123;351,123;372,123;351,123;372,123;351,123;372,123;351,123;372,123;351,123;372,123;351,123;372,123;351,123;372,123;351,123;372,123;
#3971:
>0:-1,-1;315,120;334,121;313,122;333,123;353,123;353,125;
#3972:
>0:-1,-1;315,183;296,183;275,184;275,185;296,185;316,186;316,187;335,188;336,188;
#3973:
>0:-1,-1;315,191;334,191;335,191;315,191;334,191;335,191;315,191;334,191;335,191;315,191;334,191;335,191;315,191;334,191;335,191;315,191;334,191;335,191;315,191;334,191;335,191;315,191;334,191;335,191;315,191;334,191;335,191;315,191;334,191;335,191;315,191;334,191;335,191;315,191;334,191;335,191;315,191;334,191;335,191;315,191;334,191;335,191;315,191;334,191;335,191;315,191;334,191;335,191;315,191;334,191;335,191;315,191;334,191;335,191;315,191;334,191;335,191;315,191;334,191;335,191;315,191;334,191;335,191;315,191;334,191;335,191;315,191;334,191;335,191;315,191;334,191;335,191;315,191;334,191;335,191;315,191;334,191;335,191;315,191;334,191;335,191;315,191;334,191;335,191;315,191;334,191;335,191;315,191;334,191;335,191;315,191;334,191;335,191;315,191;334,191;335,191;315,191;334,191;335,191;315,191;334,191;335,191;315,191;334,191;335,191;315,191;334,191;335,191;315,191;334,191;335,191;315,191;334,191;335,191;315,191;334,191;335,191;315,191;334,191;335,191;315,191;334,191;335,191;315,191;
#3974:
>0:-1,-1;315,195;315,195;
#3975:
>0:-1,-1;315,204;314,205;333,206;313,206;312,206;332,206;312,206;332,206;312,206;332,206;312,206;332,206;312,206;332,206;312,206;332,206;312,206;332,206;312,206;332,206;312,206;332,206;312,206;332,206;312,206;332,206;312,206;332,206;312,206;332,206;312,206;332,206;312,206;332,206;312,206;332,206;312,206;332,206;312,206;332,206;312,206;332,206;312,206;332,206;312,206;332,206;312,206;332,206;312,206;332,206;312,206;332,206;312,206;332,206;312,206;332,206;312,206;332,206;312,206;332,206;312,206;332,206;312,206;332,206;312,206;332,206;312,206;332,206;312,206;332,206;312,206;332,206;312,206;332,206;312,206;332,206;312,206;332,206;312,206;332,206;312,206;332,206;312,206;332,206;312,206;332,206;312,206;332,206;312,206;332,206;312,206;332,206;312,206;332,206;312,206;332,206;312,206;332,206;312,206;332,206;312,206;332,206;312,206;332,206;312,206;332,206;312,206;332,206;312,206;332,206;312,206;332,206;312,206;332,206;312,206;332,206;312,206;332,206;312,206;332,206;312,206;332,206;312,206;332,206;
#3976:
>0:-1,-1;316,4;296,4;275,5;256,5;255,6;
#3977:
>0:-1,-1;316,105;315,106;295,106;296,106;317,106;
#3978:
>0:-1,-1;316,165;316,165;
#3979:
>0:-1,-1;316,165;316,165;
#3980:
>0:-1,-1;316,192;316,194;
#3981:
>0:-1,-1;316,207;297,207;276,207;255,207;275,207;295,208;315,208;316,209;297,209;276,210;277,210;256,211;256,213;257,214;277,215;258,216;
#3982:
>0:-1,-1;317,16;298,16;
#3983:
>0:-1,-1;317,41;296,42;276,42;296,43;315,43;336,43;
#3984:
>0:-1,-1;317,54;316,54;
#3985:
>0:-1,-1;317,56;298,57;299,58;278,58;277,59;257,60;
#3986:
>0:-1,-1;317,75;296,75;316,75;
#3987:
>0:-1,-1;317,95;298,96;
#3988:
>0:-1,-1;317,122;317,122;
#3989:
>0:-1,-1;317,130;317,131;
#3990:
>0:-1,-1;317,136;296,137;
#3991:
>0:-1,-1;317,137;336,137;317,137;336,137;317,137;336,137;317,137;336,137;317,137;336,137;317,137;336,137;317,137;336,137;317,137;336,137;317,137;336,137;317,137;336,137;317,137;336,137;317,137;336,137;317,137;336,137;317,137;336,137;317,137;336,137;317,137;336,137;317,137;336,137;317,137;336,137;317,137;336,137;317,137;336,137;317,137;336,137;317,137;336,137;317,137;336,137;317,137;336,137;317,137;336,137;317,137;336,137;317,137;336,137;317,137;336,137;317,137;336,137;317,137;336,137;317,137;336,137;317,137;336,137;317,137;336,137;317,137;336,137;317,137;336,137;317,137;336,137;317,137;336,137;317,137;336,137;317,137;336,137;317,137;336,137;317,137;336,137;317,137;336,137;317,137;336,137;317,137;336,137;317,137;336,137;317,137;336,137;317,137;336,137;317,137;336,137;317,137;336,137;317,137;336,137;317,137;336,137;317,137;336,137;317,137;336,137;317,137;336,137;317,137;336,137;317,137;336,137;317,137;336,137;317,137;336,137;317,137;336,137;317,137;336,137;317,137;336,137;317,137;336,137;
#3992:
>0:-1,-1;317,164;298,165;
#3993:
>0:-1,-1;317,169;318,170;339,171;338,171;
#3994:
>0:-1,-1;317,198;317,198;
#3995:
>0:-1,-1;317,232;296,233;277,233;258,234;257,235;256,235;255,235;234,235;213,236;213,238;233,238;254,239;
#3996:
>0:-1,-1;318,52;318,53;318,55;318,57;297,58;296,58;316,58;335,59;315,60;316,61;335,61;355,61;355,62;356,62;
#3997:
>0:-1,-1;318,62;319,63;339,63;358,63;
#3998:
>0:-1,-1;318,81;298,81;297,82;318,83;
#3999:
>0:-1,-1;318,92;318,94;299,95;279,96;279,97;279,99;278,100;258,101;
#4000:
>0:-1,-1;318,93;337,94;336,95;
#4001:
>0:-1,-1;318,95;337,95;
#4002:
>0:-1,-1;318,115;317,116;297,116;298,116;
#4003:
>0:-1,-1;318,120;338,121;338,122;359,123;339,124;359,125;358,125;359,126;379,126;
#4004:
>0:-1,-1;318,172;318,174;319,174;
#4005:
>0:-1,-1;318,182;297,182;318,183;299,183;299,184;299,186;279,187;298,188;277,189;296,190;275,191;296,192;275,192;
#4006:
>0:-1,-1;318,182;297,182;
#4007:
>0:-1,-1;318,185;338,185;
#4008:
>0:-1,-1;318,195;298,196;319,196;338,196;357,196;377,197;
#4009:
>0:-1,-1;318,216;298,217;319,217;
#4010:
>0:-1,-1;318,239;319,239;299,239;318,239;319,239;338,239;358,239;379,239;378,239;357,239;337,239;317,239;297,239;317,239;297,239;317,239;297,239;317,239;297,239;317,239;297,239;317,239;297,239;317,239;297,239;317,239;297,239;317,239;297,239;317,239;297,239;317,239;297,239;317,239;297,239;317,239;297,239;317,239;297,239;317,239;297,239;317,239;297,239;317,239;297,239;317,239;297,239;317,239;297,239;317,239;297,239;317,239;297,239;317,239;297,239;317,239;297,239;317,239;297,239;317,239;297,239;317,239;297,239;317,239;297,239;317,239;297,239;317,239;297,239;317,239;297,239;317,239;297,239;317,239;297,239;317,239;297,239;317,239;297,239;317,239;297,239;317,239;297,239;317,239;297,239;317,239;297,239;317,239;297,239;317,239;297,239;317,239;297,239;317,239;297,239;317,239;297,239;317,239;297,239;317,239;297,239;317,239;297,239;317,239;297,239;317,239;297,239;317,239;297,239;317,239;297,239;317,239;297,239;317,239;297,239;317,239;297,239;317,239;297,239;317,239;297,239;317,239;297,239;317,239;
#4011:
>0:-1,-1;318,239;319,239;338,239;358,239;379,239;378,239;357,239;337,239;317,239;297,239;317,239;297,239;317,239;297,239;317,239;297,239;317,239;297,239;317,239;297,239;317,239;297,239;317,239;297,239;317,239;297,239;317,239;297,239;317,239;297,239;317,239;297,239;317,239;297,239;317,239;297,239;317,239;297,239;317,239;297,239;317,239;297,239;317,239;297,239;317,239;297,239;317,239;297,239;317,239;297,239;317,239;297,239;317,239;297,239;317,239;297,239;317,239;297,239;317,239;297,239;317,239;297,239;317,239;297,239;317,239;297,239;317,239;297,239;317,239;297,239;317,239;297,239;317,239;297,239;317,239;297,239;317,239;297,239;317,239;297,239;317,239;297,239;317,239;297,239;317,239;297,239;317,239;297,239;317,239;297,239;317,239;297,239;317,239;297,239;317,239;297,239;317,239;297,239;317,239;297,239;317,239;297,239;317,239;297,239;317,239;297,239;317,239;297,239;317,239;297,239;317,239;297,239;317,239;297,239;317,239;297,239;317,239;297,239;317,239;297,239;317,239;297,239;317,239;297,239;
#4012:
>0:-1,-1;319,16;298,17;278,17;
#4013:
>0:-1,-1;319,16;298,17;279,18;
#4014:
>0:-1,-1;319,23;339,24;358,25;379,25;
#4015:
>0:-1,-1;319,99;319,99;
#4016:
>0:-1,-1;319,155;319,155;
#4017:
>0:-1,-1;319,182;339,182;318,183;299,183;299,184;299,186;279,187;298,188;277,189;296,190;275,191;296,192;275,192;
#4018:
>0:-1,-1;319,223;318,224;
#4019:
>0:-1,-1;319,235;338,235;319,236;298,237;317,238;296,238;297,238;
#4020:
>0:-1,-1;320,7;320,8;321,8;
#4021:
>0:-1,-1;320,39;301,39;282,40;303,41;284,42;264,43;285,43;285,45;284,46;
#4022:
>0:-1,-1;320,65;341,65;361,66;
#4023:
>0:-1,-1;320,68;321,69;
#4024:
>0:-1,-1;320,162;341,162;320,163;341,164;360,164;341,164;360,164;341,164;360,164;341,164;360,164;341,164;360,164;341,164;360,164;341,164;360,164;341,164;360,164;341,164;360,164;341,164;360,164;341,164;360,164;341,164;360,164;341,164;360,164;341,164;360,164;341,164;360,164;341,164;360,164;341,164;360,164;341,164;360,164;341,164;360,164;341,164;360,164;341,164;360,164;341,164;360,164;341,164;360,164;341,164;360,164;341,164;360,164;341,164;360,164;341,164;360,164;341,164;360,164;341,164;360,164;341,164;360,164;341,164;360,164;341,164;360,164;341,164;360,164;341,164;360,164;341,164;360,164;341,164;360,164;341,164;360,164;341,164;360,164;341,164;360,164;341,164;360,164;341,164;360,164;341,164;360,164;341,164;360,164;341,164;360,164;341,164;360,164;341,164;360,164;341,164;360,164;341,164;360,164;341,164;360,164;341,164;360,164;341,164;360,164;341,164;360,164;341,164;360,164;341,164;360,164;341,164;360,164;341,164;360,164;341,164;360,164;341,164;360,164;341,164;360,164;341,164;360,164;341,164;
#4025:
>0:-1,-1;320,189;300,190;
#4026:
>0:-1,-1;321,3;300,3;321,3;300,3;321,3;300,3;321,3;300,3;321,3;300,3;321,3;300,3;321,3;300,3;321,3;300,3;321,3;300,3;321,3;300,3;321,3;300,3;321,3;300,3;321,3;300,3;321,3;300,3;321,3;300,3;321,3;300,3;321,3;300,3;321,3;300,3;321,3;300,3;321,3;300,3;321,3;300,3;321,3;300,3;321,3;300,3;321,3;300,3;321,3;300,3;321,3;300,3;321,3;300,3;321,3;300,3;321,3;300,3;321,3;300,3;321,3;300,3;321,3;300,3;321,3;300,3;321,3;300,3;321,3;300,3;321,3;300,3;321,3;300,3;321,3;300,3;321,3;300,3;321,3;300,3;321,3;300,3;321,3;300,3;321,3;300,3;321,3;300,3;321,3;300,3;321,3;300,3;321,3;300,3;321,3;300,3;321,3;300,3;321,3;300,3;321,3;300,3;321,3;300,3;321,3;300,3;321,3;300,3;321,3;300,3;321,3;300,3;321,3;300,3;321,3;300,3;321,3;300,3;321,3;300,3;321,3;300,3;321,3;300,3;
#4027:
>0:-1,-1;321,7;321,7;
#4028:
>0:-1,-1;321,14;302,14;
#4029:
>0:-1,-1;321,38;321,39;342,40;321,40;340,41;341,41;360,41;340,41;341,41;360,41;340,41;341,41;360,41;340,41;341,41;360,41;340,41;341,41;360,41;340,41;341,41;360,41;340,41;341,41;360,41;340,41;341,41;360,41;340,41;341,41;360,41;340,41;341,41;360,41;340,41;341,41;360,41;340,41;341,41;360,41;340,41;341,41;360,41;340,41;341,41;360,41;340,41;341,41;360,41;340,41;341,41;360,41;340,41;341,41;360,41;340,41;341,41;360,41;340,41;341,41;360,41;340,41;341,41;360,41;340,41;341,41;360,41;340,41;341,41;360,41;340,41;341,41;360,41;340,41;341,41;360,41;340,41;341,41;360,41;340,41;341,41;360,41;340,41;341,41;360,41;340,41;341,41;360,41;340,41;341,41;360,41;340,41;341,41;360,41;340,41;341,41;360,41;340,41;341,41;360,41;340,41;341,41;360,41;340,41;341,41;360,41;340,41;341,41;360,41;340,41;341,41;360,41;340,41;341,41;360,41;340,41;341,41;360,41;340,41;341,41;360,41;340,41;341,41;360,41;
#4030:
>0:-1,-1;321,58;302,59;302,61;303,62;322,63;
#4031:
>0:-1,-1;321,58;342,59;
#4032:
>0:-1,-1;321,91;322,92;302,92;282,93;303,94;322,95;321,95;
#4033:
>0:-1,-1;321,104;321,104;
#4034:
>0:-1,-1;321,105;300,106;
#4035:
>0:-1,-1;321,124;342,124;
#4036:
>0:-1,-1;321,153;341,153;361,153;380,153;
#4037:
>0:-1,-1;321,154;321,154;
#4038:
>0:-1,-1;322,14;322,14;
#4039:
>0:-1,-1;322,31;343,31;342,31;343,31;342,31;343,31;342,31;343,31;342,31;343,31;342,31;343,31;342,31;343,31;342,31;343,31;342,31;343,31;342,31;343,31;342,31;343,31;342,31;343,31;342,31;343,31;342,31;343,31;342,31;343,31;342,31;343,31;342,31;343,31;342,31;343,31;342,31;343,31;342,31;343,31;342,31;343,31;342,31;343,31;342,31;343,31;342,31;343,31;342,31;343,31;342,31;343,31;342,31;343,31;342,31;343,31;342,31;343,31;342,31;343,31;342,31;343,31;342,31;343,31;342,31;343,31;342,31;343,31;342,31;343,31;342,31;343,31;342,31;343,31;342,31;343,31;342,31;343,31;342,31;343,31;342,31;343,31;342,31;343,31;342,31;343,31;342,31;343,31;342,31;343,31;342,31;343,31;342,31;343,31;342,31;343,31;342,31;343,31;342,31;343,31;342,31;343,31;342,31;343,31;342,31;343,31;342,31;343,31;342,31;343,31;342,31;343,31;342,31;343,31;342,31;343,31;342,31;343,31;342,31;343,31;342,31;343,31;342,31;343,31;
#4040:
>0:-1,-1;322,62;343,63;362,63;
#4041:
>0:-1,-1;322,67;322,67;
#4042:
>0:-1,-1;322,76;303,76;283,76;284,76;263,76;244,77;263,77;263,78;262,78;263,78;262,78;263,78;262,78;263,78;262,78;263,78;262,78;263,78;262,78;263,78;262,78;263,78;262,78;263,78;262,78;263,78;262,78;263,78;262,78;263,78;262,78;263,78;262,78;263,78;262,78;263,78;262,78;263,78;262,78;263,78;262,78;263,78;262,78;263,78;262,78;263,78;262,78;263,78;262,78;263,78;262,78;263,78;262,78;263,78;262,78;263,78;262,78;263,78;262,78;263,78;262,78;263,78;262,78;263,78;262,78;263,78;262,78;263,78;262,78;263,78;262,78;263,78;262,78;263,78;262,78;263,78;262,78;263,78;262,78;263,78;262,78;263,78;262,78;263,78;262,78;263,78;262,78;263,78;262,78;263,78;262,78;263,78;262,78;263,78;262,78;263,78;262,78;263,78;262,78;263,78;262,78;263,78;262,78;263,78;262,78;263,78;262,78;263,78;262,78;263,78;262,78;263,78;262,78;263,78;262,78;263,78;262,78;263,78;262,78;263,78;262,78;263,78;262,78;263,78;
#4043:
>0:-1,-1;322,84;302,85;282,85;
#4044:
>0:-1,-1;322,106;322,107;321,107;
#4045:
>0:-1,-1;322,106;341,106;361,107;360,108;360,110;380,111;
#4046:
>0:-1,-1;322,130;342,130;322,130;342,130;322,130;342,130;322,130;342,130;322,130;342,130;322,130;342,130;322,130;342,130;322,130;342,130;322,130;342,130;322,130;342,130;322,130;342,130;322,130;342,130;322,130;342,130;322,130;342,130;322,130;342,130;322,130;342,130;322,130;342,130;322,130;342,130;322,130;342,130;322,130;342,130;322,130;342,130;322,130;342,130;322,130;342,130;322,130;342,130;322,130;342,130;322,130;342,130;322,130;342,130;322,130;342,130;322,130;342,130;322,130;342,130;322,130;342,130;322,130;342,130;322,130;342,130;322,130;342,130;322,130;342,130;322,130;342,130;322,130;342,130;322,130;342,130;322,130;342,130;322,130;342,130;322,130;342,130;322,130;342,130;322,130;342,130;322,130;342,130;322,130;342,130;322,130;342,130;322,130;342,130;322,130;342,130;322,130;342,130;322,130;342,130;322,130;342,130;322,130;342,130;322,130;342,130;322,130;342,130;322,130;342,130;322,130;342,130;322,130;342,130;322,130;342,130;322,130;342,130;322,130;342,130;322,130;342,130;322,130;342,130;
#4047:
>0:-1,-1;322,158;322,158;
#4048:
>0:-1,-1;322,198;342,198;362,198;341,199;360,200;380,200;360,200;380,200;360,200;380,200;360,200;380,200;360,200;380,200;360,200;380,200;360,200;380,200;360,200;380,200;360,200;380,200;360,200;380,200;360,200;380,200;360,200;380,200;360,200;380,200;360,200;380,200;360,200;380,200;360,200;380,200;360,200;380,200;360,200;380,200;360,200;380,200;360,200;380,200;360,200;380,200;360,200;380,200;360,200;380,200;360,200;380,200;360,200;380,200;360,200;380,200;360,200;380,200;360,200;380,200;360,200;380,200;360,200;380,200;360,200;380,200;360,200;380,200;360,200;380,200;360,200;380,200;360,200;380,200;360,200;380,200;360,200;380,200;360,200;380,200;360,200;380,200;360,200;380,200;360,200;380,200;360,200;380,200;360,200;380,200;360,200;380,200;360,200;380,200;360,200;380,200;360,200;380,200;360,200;380,200;360,200;380,200;360,200;380,200;360,200;380,200;360,200;380,200;360,200;380,200;360,200;380,200;360,200;380,200;360,200;380,200;360,200;380,200;360,200;380,200;360,200;380,200;360,200;380,200;
#4049:
>0:-1,-1;322,204;301,205;281,205;260,206;280,207;280,209;
#4050:
>0:-1,-1;322,209;322,209;
#4051:
>0:-1,-1;322,237;301,238;320,239;
#4052:
>0:-1,-1;323,36;324,36;303,36;
#4053:
>0:-1,-1;323,108;302,109;321,109;341,110;342,110;323,110;342,110;323,110;342,110;323,110;342,110;323,110;342,110;323,110;342,110;323,110;342,110;323,110;342,110;323,110;342,110;323,110;342,110;323,110;342,110;323,110;342,110;323,110;342,110;323,110;342,110;323,110;342,110;323,110;342,110;323,110;342,110;323,110;342,110;323,110;342,110;323,110;342,110;323,110;342,110;323,110;342,110;323,110;342,110;323,110;342,110;323,110;342,110;323,110;342,110;323,110;342,110;323,110;342,110;323,110;342,110;323,110;342,110;323,110;342,110;323,110;342,110;323,110;342,110;323,110;342,110;323,110;342,110;323,110;342,110;323,110;342,110;323,110;342,110;323,110;342,110;323,110;342,110;323,110;342,110;323,110;342,110;323,110;342,110;323,110;342,110;323,110;342,110;323,110;342,110;323,110;342,110;323,110;342,110;323,110;342,110;323,110;342,110;323,110;342,110;323,110;342,110;323,110;342,110;323,110;342,110;323,110;342,110;323,110;342,110;323,110;342,110;323,110;342,110;323,110;342,110;323,110;342,110;323,110;
#4054:
>0:-1,-1;323,136;303,136;284,137;263,137;
#4055:
>0:-1,-1;323,173;303,173;284,174;305,174;
#4056:
>0:-1,-1;323,184;343,185;
#4057:
>0:-1,-1;323,188;304,188;304,189;285,189;
#4058:
>0:-1,-1;323,200;322,200;301,201;281,202;280,202;260,203;
#4059:
>0:-1,-1;323,201;322,201;301,201;281,202;280,202;260,203;
#4060:
>0:-1,-1;323,212;304,213;
#4061:
>0:-1,-1;323,227;324,227;303,227;
#4062:
>0:-1,-1;324,7;344,8;
#4063:
>0:-1,-1;324,32;325,32;306,32;325,32;306,32;325,32;306,32;325,32;306,32;325,32;306,32;325,32;306,32;325,32;306,32;325,32;306,32;325,32;306,32;325,32;306,32;325,32;306,32;325,32;306,32;325,32;306,32;325,32;306,32;325,32;306,32;325,32;306,32;325,32;306,32;325,32;306,32;325,32;306,32;325,32;306,32;325,32;306,32;325,32;306,32;325,32;306,32;325,32;306,32;325,32;306,32;325,32;306,32;325,32;306,32;325,32;306,32;325,32;306,32;325,32;306,32;325,32;306,32;325,32;306,32;325,32;306,32;325,32;306,32;325,32;306,32;325,32;306,32;325,32;306,32;325,32;306,32;325,32;306,32;325,32;306,32;325,32;306,32;325,32;306,32;325,32;306,32;325,32;306,32;325,32;306,32;325,32;306,32;325,32;306,32;325,32;306,32;325,32;306,32;325,32;306,32;325,32;306,32;325,32;306,32;325,32;306,32;325,32;306,32;325,32;306,32;325,32;306,32;325,32;306,32;325,32;306,32;325,32;306,32;325,32;306,32;325,32;306,32;325,32;
#4064:
>0:-1,-1;324,35;304,35;324,35;304,35;324,35;304,35;324,35;304,35;324,35;304,35;324,35;304,35;324,35;304,35;324,35;304,35;324,35;304,35;324,35;304,35;324,35;304,35;324,35;304,35;324,35;304,35;324,35;304,35;324,35;304,35;324,35;304,35;324,35;304,35;324,35;304,35;324,35;304,35;324,35;304,35;324,35;304,35;324,35;304,35;324,35;304,35;324,35;304,35;324,35;304,35;324,35;304,35;324,35;304,35;324,35;304,35;324,35;304,35;324,35;304,35;324,35;304,35;324,35;304,35;324,35;304,35;324,35;304,35;324,35;304,35;324,35;304,35;324,35;304,35;324,35;304,35;324,35;304,35;324,35;304,35;324,35;304,35;324,35;304,35;324,35;304,35;324,35;304,35;324,35;304,35;324,35;304,35;324,35;304,35;324,35;304,35;324,35;304,35;324,35;304,35;324,35;304,35;324,35;304,35;324,35;304,35;324,35;304,35;324,35;304,35;324,35;304,35;324,35;304,35;324,35;304,35;324,35;304,35;324,35;304,35;324,35;304,35;324,35;304,35;
#4065:
>0:-1,-1;324,41;325,41;326,42;
#4066:
>0:-1,-1;324,43;345,43;345,44;325,45;346,45;345,46;
#4067:
>0:-1,-1;324,86;345,86;325,86;
#4068:
>0:-1,-1;324,93;323,93;344,93;325,94;
#4069:
>0:-1,-1;324,123;345,124;366,125;
#4070:
>0:-1,-1;324,178;303,179;284,179;263,180;243,181;242,182;
#4071:
>0:-1,-1;324,209;305,209;304,209;
#4072:
>0:-1,-1;324,239;323,239;342,239;
#4073:
>0:-1,-1;325,5;326,6;345,6;326,6;345,6;326,6;345,6;326,6;345,6;326,6;345,6;326,6;345,6;326,6;345,6;326,6;345,6;326,6;345,6;326,6;345,6;326,6;345,6;326,6;345,6;326,6;345,6;326,6;345,6;326,6;345,6;326,6;345,6;326,6;345,6;326,6;345,6;326,6;345,6;326,6;345,6;326,6;345,6;326,6;345,6;326,6;345,6;326,6;345,6;326,6;345,6;326,6;345,6;326,6;345,6;326,6;345,6;326,6;345,6;326,6;345,6;326,6;345,6;326,6;345,6;326,6;345,6;326,6;345,6;326,6;345,6;326,6;345,6;326,6;345,6;326,6;345,6;326,6;345,6;326,6;345,6;326,6;345,6;326,6;345,6;326,6;345,6;326,6;345,6;326,6;345,6;326,6;345,6;326,6;345,6;326,6;345,6;326,6;345,6;326,6;345,6;326,6;345,6;326,6;345,6;326,6;345,6;326,6;345,6;326,6;345,6;326,6;345,6;326,6;345,6;326,6;345,6;326,6;345,6;326,6;345,6;326,6;345,6;326,6;
#4074:
>0:-1,-1;325,31;325,31;
#4075:
>0:-1,-1;325,39;306,39;
#4076:
>0:-1,-1;325,59;344,60;345,61;325,61;306,62;287,62;286,62;
#4077:
>0:-1,-1;325,82;344,82;
#4078:
>0:-1,-1;325,120;325,122;324,122;323,123;
#4079:
>0:-1,-1;325,148;324,148;343,148;
#4080:
>0:-1,-1;325,148;346,149;367,150;387,151;386,152;385,153;364,154;
#4081:
>0:-1,-1;325,161;304,162;285,162;284,162;284,164;283,164;303,165;
#4082:
>0:-1,-1;325,162;344,162;343,163;342,163;
#4083:
>0:-1,-1;325,170;306,171;326,172;347,172;348,173;328,174;327,174;328,175;
#4084:
>0:-1,-1;325,203;324,203;
#4085:
>0:-1,-1;325,229;344,230;343,231;323,231;
#4086:
>0:-1,-1;326,8;327,9;328,10;348,11;369,11;370,12;371,12;391,12;
#4087:
>0:-1,-1;326,28;325,28;325,30;306,31;326,32;
#4088:
>0:-1,-1;326,118;326,118;
#4089:
>0:-1,-1;326,149;305,149;325,149;324,150;325,150;304,150;283,150;264,150;243,150;224,151;224,152;204,153;184,153;204,154;203,154;224,154;224,156;224,158;203,158;224,158;203,158;224,158;203,158;224,158;203,158;224,158;203,158;224,158;203,158;224,158;203,158;224,158;203,158;224,158;203,158;224,158;203,158;224,158;203,158;224,158;203,158;224,158;203,158;224,158;203,158;224,158;203,158;224,158;203,158;224,158;203,158;224,158;203,158;224,158;203,158;224,158;203,158;224,158;203,158;224,158;203,158;224,158;203,158;224,158;203,158;224,158;203,158;224,158;203,158;224,158;203,158;224,158;203,158;224,158;203,158;224,158;203,158;224,158;203,158;224,158;203,158;224,158;203,158;224,158;203,158;224,158;203,158;224,158;203,158;224,158;203,158;224,158;203,158;224,158;203,158;224,158;203,158;224,158;203,158;224,158;203,158;224,158;203,158;224,158;203,158;224,158;203,158;224,158;203,158;224,158;203,158;224,158;203,158;224,158;203,158;224,158;203,158;224,158;203,158;224,158;203,158;224,158;203,158;224,158;
#4090:
>0:-1,-1;326,156;347,156;326,157;326,158;345,159;346,160;367,161;387,162;387,164;368,164;387,165;386,166;367,167;388,168;389,169;369,169;349,170;370,170;
#4091:
>0:-1,-1;326,212;306,212;305,213;325,214;
#4092:
>0:-1,-1;326,215;326,215;
#4093:
>0:-1,-1;327,0;346,0;
#4094:
>0:-1,-1;327,4;347,4;348,4;328,4;329,4;
#4095:
>0:-1,-1;327,25;326,25;
#4096:
>0:-1,-1;327,50;327,51;
#4097:
>0:-1,-1;327,68;346,69;
#4098:
>0:-1,-1;327,99;346,99;326,99;346,100;347,101;347,102;347,103;346,103;
#4099:
>0:-1,-1;327,108;306,108;327,108;306,108;327,108;306,108;327,108;306,108;327,108;306,108;327,108;306,108;327,108;306,108;327,108;306,108;327,108;306,108;327,108;306,108;327,108;306,108;327,108;306,108;327,108;306,108;327,108;306,108;327,108;306,108;327,108;306,108;327,108;306,108;327,108;306,108;327,108;306,108;327,108;306,108;327,108;306,108;327,108;306,108;327,108;306,108;327,108;306,108;327,108;306,108;327,108;306,108;327,108;306,108;327,108;306,108;327,108;306,108;327,108;306,108;327,108;306,108;327,108;306,108;327,108;306,108;327,108;306,108;327,108;306,108;327,108;306,108;327,108;306,108;327,108;306,108;327,108;306,108;327,108;306,108;327,108;306,108;327,108;306,108;327,108;306,108;327,108;306,108;327,108;306,108;327,108;306,108;327,108;306,108;327,108;306,108;327,108;306,108;327,108;306,108;327,108;306,108;327,108;306,108;327,108;306,108;327,108;306,108;327,108;306,108;327,108;306,108;327,108;306,108;327,108;306,108;327,108;306,108;327,108;306,108;327,108;306,108;327,108;306,108;
#4100:
>0:-1,-1;327,113;307,114;288,114;
#4101:
>0:-1,-1;327,116;326,116;345,116;
#4102:
>0:-1,-1;327,124;328,125;
#4103:
>0:-1,-1;327,155;306,156;285,157;305,158;284,158;304,159;303,160;282,161;303,162;
#4104:
>0:-1,-1;327,156;308,156;308,158;
#4105:
>0:-1,-1;327,167;348,167;347,168;
#4106:
>0:-1,-1;327,181;306,182;306,184;325,184;324,185;343,185;
#4107:
>0:-1,-1;327,210;327,211;326,211;
#4108:
>0:-1,-1;327,214;307,214;306,214;325,214;
#4109:
>0:-1,-1;327,216;327,216;
#4110:
>0:-1,-1;327,217;346,217;347,217;366,218;387,218;368,219;367,220;387,220;386,220;
#4111:
>0:-1,-1;328,49;347,49;326,49;305,49;285,49;286,49;
#4112:
>0:-1,-1;328,116;327,116;326,116;345,116;
#4113:
>0:-1,-1;328,126;349,126;330,127;349,128;370,129;391,129;
#4114:
>0:-1,-1;328,177;328,177;
#4115:
>0:-1,-1;328,179;308,180;307,180;286,180;305,180;305,182;324,182;343,182;344,182;364,183;345,184;344,185;345,186;365,187;346,187;
#4116:
>0:-1,-1;328,179;347,179;366,180;365,181;364,182;
#4117:
>0:-1,-1;328,180;348,181;349,182;350,182;330,183;
#4118:
>0:-1,-1;328,185;349,186;369,187;
#4119:
>0:-1,-1;328,198;328,198;
#4120:
>0:-1,-1;328,201;348,201;
#4121:
>0:-1,-1;328,209;349,210;350,210;351,211;352,211;351,212;372,213;371,214;390,214;
#4122:
>0:-1,-1;328,215;328,215;
#4123:
>0:-1,-1;329,6;328,6;
#4124:
>0:-1,-1;329,15;348,16;368,16;389,17;388,17;387,18;388,18;368,19;347,20;326,21;326,22;327,23;348,24;327,25;326,25;
#4125:
>0:-1,-1;329,56;309,57;290,57;269,57;
#4126:
>0:-1,-1;329,71;350,72;
#4127:
>0:-1,-1;329,80;330,80;310,80;310,81;330,82;329,82;310,82;
#4128:
>0:-1,-1;329,82;310,82;
#4129:
>0:-1,-1;329,122;308,122;329,123;309,123;310,123;289,124;269,125;270,126;271,126;292,127;273,128;254,128;255,129;
#4130:
>0:-1,-1;329,141;329,141;
#4131:
>0:-1,-1;329,203;329,203;
#4132:
>0:-1,-1;330,8;329,8;310,8;289,8;270,8;290,9;269,10;269,12;270,13;250,14;
#4133:
>0:-1,-1;330,24;330,24;
#4134:
>0:-1,-1;330,56;309,56;
#4135:
>0:-1,-1;330,69;309,70;289,71;270,72;250,73;229,73;249,74;
#4136:
>0:-1,-1;330,100;330,100;
#4137:
>0:-1,-1;330,125;331,126;332,126;352,127;
#4138:
>0:-1,-1;330,196;351,197;
#4139:
>0:-1,-1;330,213;330,213;
#4140:
>0:-1,-1;330,228;329,229;
#4141:
>0:-1,-1;331,32;331,32;
#4142:
>0:-1,-1;331,39;312,39;313,40;294,40;275,40;256,41;256,42;237,42;236,43;235,43;256,43;235,44;236,45;216,46;197,47;198,48;217,49;237,50;216,51;197,51;178,52;197,53;216,53;215,53;195,53;195,55;196,55;177,56;158,57;
#4143:
>0:-1,-1;331,44;311,45;290,45;311,45;290,45;311,45;290,45;311,45;290,45;311,45;290,45;311,45;290,45;311,45;290,45;311,45;290,45;311,45;290,45;311,45;290,45;311,45;290,45;311,45;290,45;311,45;290,45;311,45;290,45;311,45;290,45;311,45;290,45;311,45;290,45;311,45;290,45;311,45;290,45;311,45;290,45;311,45;290,45;311,45;290,45;311,45;290,45;311,45;290,45;311,45;290,45;311,45;290,45;311,45;290,45;311,45;290,45;311,45;290,45;311,45;290,45;311,45;290,45;311,45;290,45;311,45;290,45;311,45;290,45;311,45;290,45;311,45;290,45;311,45;290,45;311,45;290,45;311,45;290,45;311,45;290,45;311,45;290,45;311,45;290,45;311,45;290,45;311,45;290,45;311,45;290,45;311,45;290,45;311,45;290,45;311,45;290,45;311,45;290,45;311,45;290,45;311,45;290,45;311,45;290,45;311,45;290,45;311,45;290,45;311,45;290,45;311,45;290,45;311,45;290,45;311,45;290,45;311,45;290,45;311,45;290,45;311,45;290,45;311,45;
#4144:
>0:-1,-1;331,49;312,49;311,49;331,50;331,51;352,51;371,52;392,53;372,53;372,55;353,55;353,56;354,57;
#4145:
>0:-1,-1;331,49;312,50;
#4146:
>0:-1,-1;331,66;352,67;372,67;371,67;352,68;333,68;
#4147:
>0:-1,-1;331,66;352,67;
#4148:
>0:-1,-1;331,98;312,98;313,99;334,99;334,100;313,101;314,101;334,101;313,101;314,101;334,101;313,101;314,101;334,101;313,101;314,101;334,101;313,101;314,101;334,101;313,101;314,101;334,101;313,101;314,101;334,101;313,101;314,101;334,101;313,101;314,101;334,101;313,101;314,101;334,101;313,101;314,101;334,101;313,101;314,101;334,101;313,101;314,101;334,101;313,101;314,101;334,101;313,101;314,101;334,101;313,101;314,101;334,101;313,101;314,101;334,101;313,101;314,101;334,101;313,101;314,101;334,101;313,101;314,101;334,101;313,101;314,101;334,101;313,101;314,101;334,101;313,101;314,101;334,101;313,101;314,101;334,101;313,101;314,101;334,101;313,101;314,101;334,101;313,101;314,101;334,101;313,101;314,101;334,101;313,101;314,101;334,101;313,101;314,101;334,101;313,101;314,101;334,101;313,101;314,101;334,101;313,101;314,101;334,101;313,101;314,101;334,101;313,101;314,101;334,101;313,101;314,101;334,101;313,101;314,101;334,101;313,101;314,101;334,101;313,101;314,101;334,101;313,101;314,101;
#4149:
>0:-1,-1;331,98;350,99;351,99;351,100;
#4150:
>0:-1,-1;331,122;331,122;
#4151:
>0:-1,-1;331,127;331,127;
#4152:
>0:-1,-1;331,146;312,146;292,147;
#4153:
>0:-1,-1;331,156;332,156;332,158;352,158;371,158;370,159;
#4154:
>0:-1,-1;331,181;331,181;
#4155:
>0:-1,-1;331,192;331,194;
#4156:
>0:-1,-1;331,226;331,228;
#4157:
>0:-1,-1;331,232;351,233;352,233;372,234;
#4158:
>0:-1,-1;331,236;331,236;
#4159:
>0:-1,-1;331,237;331,237;
#4160:
>0:-1,-1;331,237;331,237;
#4161:
>0:-1,-1;332,21;331,21;332,22;333,23;352,23;373,24;373,25;
#4162:
>0:-1,-1;332,57;352,58;
#4163:
>0:-1,-1;332,65;311,65;
#4164:
>0:-1,-1;332,83;332,84;313,85;334,85;
#4165:
>0:-1,-1;332,88;333,89;332,90;353,90;373,90;393,91;374,91;395,92;394,92;
#4166:
>0:-1,-1;332,89;332,89;
#4167:
>0:-1,-1;332,97;332,97;
#4168:
>0:-1,-1;332,102;313,103;314,104;334,104;
#4169:
>0:-1,-1;332,102;333,102;313,102;292,103;292,105;272,106;272,108;252,108;
#4170:
>0:-1,-1;332,105;333,106;
#4171:
>0:-1,-1;332,105;332,105;
#4172:
>0:-1,-1;332,111;313,112;
#4173:
>0:-1,-1;332,115;331,115;350,115;329,115;309,115;289,116;290,117;309,118;310,119;330,120;350,120;330,120;350,120;330,120;350,120;330,120;350,120;330,120;350,120;330,120;350,120;330,120;350,120;330,120;350,120;330,120;350,120;330,120;350,120;330,120;350,120;330,120;350,120;330,120;350,120;330,120;350,120;330,120;350,120;330,120;350,120;330,120;350,120;330,120;350,120;330,120;350,120;330,120;350,120;330,120;350,120;330,120;350,120;330,120;350,120;330,120;350,120;330,120;350,120;330,120;350,120;330,120;350,120;330,120;350,120;330,120;350,120;330,120;350,120;330,120;350,120;330,120;350,120;330,120;350,120;330,120;350,120;330,120;350,120;330,120;350,120;330,120;350,120;330,120;350,120;330,120;350,120;330,120;350,120;330,120;350,120;330,120;350,120;330,120;350,120;330,120;350,120;330,120;350,120;330,120;350,120;330,120;350,120;330,120;350,120;330,120;350,120;330,120;350,120;330,120;350,120;330,120;350,120;330,120;350,120;330,120;350,120;330,120;350,120;330,120;350,120;330,120;350,120;330,120;
#4174:
>0:-1,-1;333,6;314,6;333,6;314,6;333,6;314,6;333,6;314,6;333,6;314,6;333,6;314,6;333,6;314,6;333,6;314,6;333,6;314,6;333,6;314,6;333,6;314,6;333,6;314,6;333,6;314,6;333,6;314,6;333,6;314,6;333,6;314,6;333,6;314,6;333,6;314,6;333,6;314,6;333,6;314,6;333,6;314,6;333,6;314,6;333,6;314,6;333,6;314,6;333,6;314,6;333,6;314,6;333,6;314,6;333,6;314,6;333,6;314,6;333,6;314,6;333,6;314,6;333,6;314,6;333,6;314,6;333,6;314,6;333,6;314,6;333,6;314,6;333,6;314,6;333,6;314,6;333,6;314,6;333,6;314,6;333,6;314,6;333,6;314,6;333,6;314,6;333,6;314,6;333,6;314,6;333,6;314,6;333,6;314,6;333,6;314,6;333,6;314,6;333,6;314,6;333,6;314,6;333,6;314,6;333,6;314,6;333,6;314,6;333,6;314,6;333,6;314,6;333,6;314,6;333,6;314,6;333,6;314,6;333,6;314,6;333,6;314,6;333,6;314,6;
#4175:
>0:-1,-1;333,6;314,6;
#4176:
>0:-1,-1;333,9;312,9;313,10;333,10;352,10;352,12;331,12;352,13;
#4177:
>0:-1,-1;333,17;314,18;
#4178:
>0:-1,-1;333,27;313,27;334,28;313,28;292,28;
#4179:
>0:-1,-1;333,37;333,37;
#4180:
>0:-1,-1;333,38;354,38;
#4181:
>0:-1,-1;333,59;334,59;314,59;
#4182:
>0:-1,-1;333,66;333,66;
#4183:
>0:-1,-1;333,88;314,89;314,90;333,90;
#4184:
>0:-1,-1;333,144;314,145;293,145;312,146;292,147;
#4185:
>0:-1,-1;333,180;314,180;
#4186:
>0:-1,-1;333,201;333,201;
#4187:
>0:-1,-1;333,216;333,216;
#4188:
>0:-1,-1;334,5;334,5;
#4189:
>0:-1,-1;334,48;313,48;
#4190:
>0:-1,-1;334,50;333,50;
#4191:
>0:-1,-1;334,54;315,55;335,55;316,55;335,55;316,55;335,55;316,55;335,55;316,55;335,55;316,55;335,55;316,55;335,55;316,55;335,55;316,55;335,55;316,55;335,55;316,55;335,55;316,55;335,55;316,55;335,55;316,55;335,55;316,55;335,55;316,55;335,55;316,55;335,55;316,55;335,55;316,55;335,55;316,55;335,55;316,55;335,55;316,55;335,55;316,55;335,55;316,55;335,55;316,55;335,55;316,55;335,55;316,55;335,55;316,55;335,55;316,55;335,55;316,55;335,55;316,55;335,55;316,55;335,55;316,55;335,55;316,55;335,55;316,55;335,55;316,55;335,55;316,55;335,55;316,55;335,55;316,55;335,55;316,55;335,55;316,55;335,55;316,55;335,55;316,55;335,55;316,55;335,55;316,55;335,55;316,55;335,55;316,55;335,55;316,55;335,55;316,55;335,55;316,55;335,55;316,55;335,55;316,55;335,55;316,55;335,55;316,55;335,55;316,55;335,55;316,55;335,55;316,55;335,55;316,55;335,55;316,55;335,55;316,55;335,55;316,55;335,55;316,55;
#4192:
>0:-1,-1;334,70;334,71;354,72;
#4193:
>0:-1,-1;334,93;334,95;333,96;332,96;
#4194:
>0:-1,-1;334,114;334,114;
#4195:
>0:-1,-1;334,130;333,130;353,130;352,130;332,131;331,132;311,132;
#4196:
>0:-1,-1;334,142;334,142;
#4197:
>0:-1,-1;334,158;315,159;296,160;315,160;294,160;313,161;294,161;315,162;334,163;314,163;295,164;
#4198:
>0:-1,-1;334,183;334,184;354,185;353,186;373,186;353,187;333,187;333,189;312,189;293,190;273,191;
#4199:
>0:-1,-1;334,207;333,207;
#4200:
>0:-1,-1;335,7;335,7;
#4201:
>0:-1,-1;335,10;335,10;
#4202:
>0:-1,-1;335,38;356,38;375,39;
#4203:
>0:-1,-1;335,42;314,43;314,44;
#4204:
>0:-1,-1;335,44;335,44;
#4205:
>0:-1,-1;335,63;315,63;335,63;
#4206:
>0:-1,-1;335,63;335,63;
#4207:
>0:-1,-1;335,71;336,72;335,73;356,74;355,75;356,75;357,75;357,77;378,78;397,79;378,80;379,80;398,81;377,81;378,81;357,81;377,82;377,83;398,83;378,84;398,84;397,84;378,84;398,84;397,84;378,84;398,84;397,84;378,84;398,84;397,84;378,84;398,84;397,84;378,84;398,84;397,84;378,84;398,84;397,84;378,84;398,84;397,84;378,84;398,84;397,84;378,84;398,84;397,84;378,84;398,84;397,84;378,84;398,84;397,84;378,84;398,84;397,84;378,84;398,84;397,84;378,84;398,84;397,84;378,84;398,84;397,84;378,84;398,84;397,84;378,84;398,84;397,84;378,84;398,84;397,84;378,84;398,84;397,84;378,84;398,84;397,84;378,84;398,84;397,84;378,84;398,84;397,84;378,84;398,84;397,84;378,84;398,84;397,84;378,84;398,84;397,84;378,84;398,84;397,84;378,84;398,84;397,84;378,84;398,84;397,84;378,84;398,84;397,84;378,84;398,84;397,84;378,84;398,84;397,84;378,84;398,84;397,84;378,84;398,84;397,84;378,84;398,84;397,84;
#4208:
>0:-1,-1;335,80;316,81;335,81;356,81;
#4209:
>0:-1,-1;335,102;335,102;
#4210:
>0:-1,-1;335,116;335,117;
#4211:
>0:-1,-1;335,116;336,117;337,118;
#4212:
>0:-1,-1;335,117;335,117;
#4213:
>0:-1,-1;335,165;335,165;
#4214:
>0:-1,-1;335,210;316,211;315,212;314,213;315,214;334,215;313,216;294,217;
#4215:
>0:-1,-1;335,214;335,214;
#4216:
>0:-1,-1;335,226;315,227;335,228;
#4217:
>0:-1,-1;335,226;334,227;
#4218:
>0:-1,-1;335,229;355,229;376,229;357,229;376,229;357,229;376,229;357,229;376,229;357,229;376,229;357,229;376,229;357,229;376,229;357,229;376,229;357,229;376,229;357,229;376,229;357,229;376,229;357,229;376,229;357,229;376,229;357,229;376,229;357,229;376,229;357,229;376,229;357,229;376,229;357,229;376,229;357,229;376,229;357,229;376,229;357,229;376,229;357,229;376,229;357,229;376,229;357,229;376,229;357,229;376,229;357,229;376,229;357,229;376,229;357,229;376,229;357,229;376,229;357,229;376,229;357,229;376,229;357,229;376,229;357,229;376,229;357,229;376,229;357,229;376,229;357,229;376,229;357,229;376,229;357,229;376,229;357,229;376,229;357,229;376,229;357,229;376,229;357,229;376,229;357,229;376,229;357,229;376,229;357,229;376,229;357,229;376,229;357,229;376,229;357,229;376,229;357,229;376,229;357,229;376,229;357,229;376,229;357,229;376,229;357,229;376,229;357,229;376,229;357,229;376,229;357,229;376,229;357,229;376,229;357,229;376,229;357,229;376,229;357,229;376,229;357,229;376,229;357,229;
#4219:
>0:-1,-1;336,22;335,22;334,23;354,23;335,24;314,25;315,25;316,25;
#4220:
>0:-1,-1;336,28;336,28;
#4221:
>0:-1,-1;336,50;336,50;
#4222:
>0:-1,-1;336,56;335,57;354,58;374,58;393,59;374,59;394,60;374,61;394,61;374,62;374,64;394,65;
#4223:
>0:-1,-1;336,70;336,72;335,73;356,74;355,75;356,75;357,75;357,77;378,78;397,79;378,80;379,80;398,81;377,81;378,81;357,81;377,82;377,83;398,83;378,84;398,84;397,84;378,84;398,84;397,84;378,84;398,84;397,84;378,84;398,84;397,84;378,84;398,84;397,84;378,84;398,84;397,84;378,84;398,84;397,84;378,84;398,84;397,84;378,84;398,84;397,84;378,84;398,84;397,84;378,84;398,84;397,84;378,84;398,84;397,84;378,84;398,84;397,84;378,84;398,84;397,84;378,84;398,84;397,84;378,84;398,84;397,84;378,84;398,84;397,84;378,84;398,84;397,84;378,84;398,84;397,84;378,84;398,84;397,84;378,84;398,84;397,84;378,84;398,84;397,84;378,84;398,84;397,84;378,84;398,84;397,84;378,84;398,84;397,84;378,84;398,84;397,84;378,84;398,84;397,84;378,84;398,84;397,84;378,84;398,84;397,84;378,84;398,84;397,84;378,84;398,84;397,84;378,84;398,84;397,84;378,84;398,84;397,84;378,84;398,84;397,84;378,84;398,84;397,84;
#4224:
>0:-1,-1;336,143;337,144;337,145;338,145;358,145;357,145;356,146;357,147;376,147;
#4225:
>0:-1,-1;336,144;336,144;
#4226:
>0:-1,-1;336,179;317,179;337,180;357,180;338,180;
#4227:
>0:-1,-1;336,186;355,187;374,188;373,189;374,189;374,190;
#4228:
>0:-1,-1;336,198;316,199;296,199;276,199;277,200;298,201;299,202;278,203;278,204;278,206;299,206;319,206;338,206;339,206;
#4229:
>0:-1,-1;337,93;337,93;
#4230:
>0:-1,-1;337,112;337,113;318,114;318,116;318,117;337,117;316,117;315,118;
#4231:
>0:-1,-1;337,113;318,114;318,116;297,117;296,118;
#4232:
>0:-1,-1;337,113;318,114;318,116;318,117;337,117;316,117;315,118;
#4233:
>0:-1,-1;337,113;357,114;378,114;399,114;
#4234:
>0:-1,-1;337,160;338,160;337,160;338,160;337,160;338,160;337,160;338,160;337,160;338,160;337,160;338,160;337,160;338,160;337,160;338,160;337,160;338,160;337,160;338,160;337,160;338,160;337,160;338,160;337,160;338,160;337,160;338,160;337,160;338,160;337,160;338,160;337,160;338,160;337,160;338,160;337,160;338,160;337,160;338,160;337,160;338,160;337,160;338,160;337,160;338,160;337,160;338,160;337,160;338,160;337,160;338,160;337,160;338,160;337,160;338,160;337,160;338,160;337,160;338,160;337,160;338,160;337,160;338,160;337,160;338,160;337,160;338,160;337,160;338,160;337,160;338,160;337,160;338,160;337,160;338,160;337,160;338,160;337,160;338,160;337,160;338,160;337,160;338,160;337,160;338,160;337,160;338,160;337,160;338,160;337,160;338,160;337,160;338,160;337,160;338,160;337,160;338,160;337,160;338,160;337,160;338,160;337,160;338,160;337,160;338,160;337,160;338,160;337,160;338,160;337,160;338,160;337,160;338,160;337,160;338,160;337,160;338,160;337,160;338,160;337,160;338,160;337,160;338,160;
#4235:
>0:-1,-1;337,164;357,165;
#4236:
>0:-1,-1;337,233;336,233;355,234;356,235;337,236;337,238;
#4237:
>0:-1,-1;337,235;358,236;379,237;
#4238:
>0:-1,-1;338,6;357,7;
#4239:
>0:-1,-1;338,80;339,80;
#4240:
>0:-1,-1;338,85;317,85;318,86;298,87;298,89;279,89;259,90;279,90;298,90;297,90;277,91;257,91;237,91;236,92;235,93;255,93;274,94;274,95;
#4241:
>0:-1,-1;338,89;317,89;
#4242:
>0:-1,-1;338,93;358,94;
#4243:
>0:-1,-1;338,108;339,109;359,110;339,111;339,112;339,114;338,114;317,114;318,115;317,116;297,116;298,116;
#4244:
>0:-1,-1;338,120;317,121;336,122;355,122;335,123;316,124;297,125;
#4245:
>0:-1,-1;338,137;358,138;358,139;377,139;357,140;356,141;375,142;356,143;
#4246:
>0:-1,-1;338,143;318,143;318,145;338,145;358,145;357,145;356,146;357,147;376,147;
#4247:
>0:-1,-1;338,149;337,150;318,151;318,153;298,154;278,154;298,155;299,156;298,156;279,156;
#4248:
>0:-1,-1;338,198;317,199;298,199;317,200;297,201;277,201;277,203;256,204;237,205;
#4249:
>0:-1,-1;338,203;317,203;338,204;
#4250:
>0:-1,-1;338,204;338,204;
#4251:
>0:-1,-1;338,206;339,206;
#4252:
>0:-1,-1;339,12;319,12;298,12;318,12;
#4253:
>0:-1,-1;339,30;359,31;339,31;358,31;
#4254:
>0:-1,-1;339,49;339,49;
#4255:
>0:-1,-1;339,106;339,106;
#4256:
>0:-1,-1;339,107;359,107;339,107;359,107;339,107;359,107;339,107;359,107;339,107;359,107;339,107;359,107;339,107;359,107;339,107;359,107;339,107;359,107;339,107;359,107;339,107;359,107;339,107;359,107;339,107;359,107;339,107;359,107;339,107;359,107;339,107;359,107;339,107;359,107;339,107;359,107;339,107;359,107;339,107;359,107;339,107;359,107;339,107;359,107;339,107;359,107;339,107;359,107;339,107;359,107;339,107;359,107;339,107;359,107;339,107;359,107;339,107;359,107;339,107;359,107;339,107;359,107;339,107;359,107;339,107;359,107;339,107;359,107;339,107;359,107;339,107;359,107;339,107;359,107;339,107;359,107;339,107;359,107;339,107;359,107;339,107;359,107;339,107;359,107;339,107;359,107;339,107;359,107;339,107;359,107;339,107;359,107;339,107;359,107;339,107;359,107;339,107;359,107;339,107;359,107;339,107;359,107;339,107;359,107;339,107;359,107;339,107;359,107;339,107;359,107;339,107;359,107;339,107;359,107;339,107;359,107;339,107;359,107;339,107;359,107;339,107;359,107;339,107;359,107;
#4257:
>0:-1,-1;339,144;339,146;359,147;379,148;379,150;378,151;377,151;
#4258:
>0:-1,-1;339,153;339,153;
#4259:
>0:-1,-1;339,209;358,209;378,209;377,210;398,210;379,210;379,212;399,213;398,213;398,214;378,214;359,215;
#4260:
>0:-1,-1;339,211;318,212;299,213;318,213;318,214;317,214;316,215;335,216;
#4261:
>0:-1,-1;340,14;340,14;
#4262:
>0:-1,-1;340,25;340,25;
#4263:
>0:-1,-1;340,46;361,46;381,47;360,47;380,48;360,49;361,49;382,50;361,50;380,50;
#4264:
>0:-1,-1;340,48;360,48;341,49;341,51;361,52;361,53;341,54;
#4265:
>0:-1,-1;340,114;321,115;342,116;
#4266:
>0:-1,-1;340,123;341,123;341,125;360,125;
#4267:
>0:-1,-1;340,183;321,184;340,185;321,186;301,186;320,187;340,188;340,190;
#4268:
>0:-1,-1;341,33;341,35;
#4269:
>0:-1,-1;341,43;342,44;
#4270:
>0:-1,-1;341,47;321,47;322,48;321,48;321,49;321,51;340,51;360,52;360,53;341,53;342,53;341,53;342,53;341,53;342,53;341,53;342,53;341,53;342,53;341,53;342,53;341,53;342,53;341,53;342,53;341,53;342,53;341,53;342,53;341,53;342,53;341,53;342,53;341,53;342,53;341,53;342,53;341,53;342,53;341,53;342,53;341,53;342,53;341,53;342,53;341,53;342,53;341,53;342,53;341,53;342,53;341,53;342,53;341,53;342,53;341,53;342,53;341,53;342,53;341,53;342,53;341,53;342,53;341,53;342,53;341,53;342,53;341,53;342,53;341,53;342,53;341,53;342,53;341,53;342,53;341,53;342,53;341,53;342,53;341,53;342,53;341,53;342,53;341,53;342,53;341,53;342,53;341,53;342,53;341,53;342,53;341,53;342,53;341,53;342,53;341,53;342,53;341,53;342,53;341,53;342,53;341,53;342,53;341,53;342,53;341,53;342,53;341,53;342,53;341,53;342,53;341,53;342,53;341,53;342,53;341,53;342,53;341,53;342,53;341,53;342,53;341,53;342,53;341,53;
#4271:
>0:-1,-1;341,87;341,87;
#4272:
>0:-1,-1;341,111;361,112;380,112;380,113;
#4273:
>0:-1,-1;341,136;341,136;
#4274:
>0:-1,-1;341,139;342,140;
#4275:
>0:-1,-1;341,181;320,182;321,183;341,184;321,184;340,185;321,186;301,186;320,187;340,188;340,190;
#4276:
>0:-1,-1;341,193;321,194;
#4277:
>0:-1,-1;341,213;362,214;361,214;362,215;383,215;
#4278:
>0:-1,-1;341,220;320,220;340,221;
#4279:
>0:-1,-1;341,231;341,231;
#4280:
>0:-1,-1;342,34;343,34;
#4281:
>0:-1,-1;342,45;362,45;383,45;364,45;364,46;365,47;
#4282:
>0:-1,-1;342,90;342,90;
#4283:
>0:-1,-1;342,111;341,112;
#4284:
>0:-1,-1;342,125;343,126;363,127;363,129;364,129;385,129;
#4285:
>0:-1,-1;342,127;343,127;363,128;
#4286:
>0:-1,-1;342,133;363,133;342,134;
#4287:
>0:-1,-1;342,150;342,151;
#4288:
>0:-1,-1;342,163;342,163;
#4289:
>0:-1,-1;342,167;323,167;323,168;303,168;304,168;304,169;284,170;
#4290:
>0:-1,-1;342,194;321,194;
#4291:
>0:-1,-1;342,197;321,198;342,199;322,199;323,199;
#4292:
>0:-1,-1;342,199;322,199;323,199;
#4293:
>0:-1,-1;342,218;361,219;362,219;381,220;362,220;363,220;343,220;
#4294:
>0:-1,-1;343,6;343,6;
#4295:
>0:-1,-1;343,9;322,10;301,10;280,10;280,12;280,14;261,15;241,16;
#4296:
>0:-1,-1;343,29;343,29;
#4297:
>0:-1,-1;343,71;324,72;305,72;304,72;283,73;282,73;301,73;280,74;281,74;
#4298:
>0:-1,-1;343,124;343,124;
#4299:
>0:-1,-1;343,136;342,136;
#4300:
>0:-1,-1;343,168;343,170;324,170;345,171;365,172;344,172;345,172;364,172;364,174;385,175;
#4301:
>0:-1,-1;343,184;362,185;382,186;382,187;362,187;
#4302:
>0:-1,-1;343,205;342,206;
#4303:
>0:-1,-1;344,12;344,12;
#4304:
>0:-1,-1;344,64;365,65;364,65;344,66;323,67;302,68;282,69;261,69;240,70;260,71;241,72;
#4305:
>0:-1,-1;344,94;323,95;342,96;341,96;
#4306:
>0:-1,-1;344,107;343,107;343,109;362,110;362,111;363,112;
#4307:
>0:-1,-1;344,109;344,109;
#4308:
>0:-1,-1;344,114;344,114;
#4309:
>0:-1,-1;344,131;365,131;386,132;366,133;
#4310:
>0:-1,-1;344,151;364,151;343,151;
#4311:
>0:-1,-1;344,165;343,166;343,167;
#4312:
>0:-1,-1;344,165;344,165;
#4313:
>0:-1,-1;344,182;364,183;345,184;344,185;345,186;365,187;346,187;
#4314:
>0:-1,-1;344,185;345,186;365,187;346,187;
#4315:
>0:-1,-1;344,189;324,190;
#4316:
>0:-1,-1;344,219;365,219;365,220;385,221;
#4317:
>0:-1,-1;344,238;344,238;
#4318:
>0:-1,-1;345,15;345,15;
#4319:
>0:-1,-1;345,17;345,17;
#4320:
>0:-1,-1;345,81;366,81;345,81;366,81;345,81;366,81;345,81;366,81;345,81;366,81;345,81;366,81;345,81;366,81;345,81;366,81;345,81;366,81;345,81;366,81;345,81;366,81;345,81;366,81;345,81;366,81;345,81;366,81;345,81;366,81;345,81;366,81;345,81;366,81;345,81;366,81;345,81;366,81;345,81;366,81;345,81;366,81;345,81;366,81;345,81;366,81;345,81;366,81;345,81;366,81;345,81;366,81;345,81;366,81;345,81;366,81;345,81;366,81;345,81;366,81;345,81;366,81;345,81;366,81;345,81;366,81;345,81;366,81;345,81;366,81;345,81;366,81;345,81;366,81;345,81;366,81;345,81;366,81;345,81;366,81;345,81;366,81;345,81;366,81;345,81;366,81;345,81;366,81;345,81;366,81;345,81;366,81;345,81;366,81;345,81;366,81;345,81;366,81;345,81;366,81;345,81;366,81;345,81;366,81;345,81;366,81;345,81;366,81;345,81;366,81;345,81;366,81;345,81;366,81;345,81;366,81;345,81;366,81;345,81;366,81;345,81;366,81;345,81;366,81;
#4321:
>0:-1,-1;345,127;326,128;325,128;304,128;324,129;345,130;365,130;346,131;326,132;306,133;306,135;326,135;306,135;326,135;306,135;326,135;306,135;326,135;306,135;326,135;306,135;326,135;306,135;326,135;306,135;326,135;306,135;326,135;306,135;326,135;306,135;326,135;306,135;326,135;306,135;326,135;306,135;326,135;306,135;326,135;306,135;326,135;306,135;326,135;306,135;326,135;306,135;326,135;306,135;326,135;306,135;326,135;306,135;326,135;306,135;326,135;306,135;326,135;306,135;326,135;306,135;326,135;306,135;326,135;306,135;326,135;306,135;326,135;306,135;326,135;306,135;326,135;306,135;326,135;306,135;326,135;306,135;326,135;306,135;326,135;306,135;326,135;306,135;326,135;306,135;326,135;306,135;326,135;306,135;326,135;306,135;326,135;306,135;326,135;306,135;326,135;306,135;326,135;306,135;326,135;306,135;326,135;306,135;326,135;306,135;326,135;306,135;326,135;306,135;326,135;306,135;326,135;306,135;326,135;306,135;326,135;306,135;326,135;306,135;326,135;306,135;326,135;306,135;326,135;
#4322:
>0:-1,-1;345,182;325,183;325,184;324,185;343,185;
#4323:
>0:-1,-1;345,184;344,185;345,186;365,187;346,187;
#4324:
>0:-1,-1;345,184;344,185;365,185;345,186;365,187;346,187;
#4325:
>0:-1,-1;345,232;345,232;
#4326:
>0:-1,-1;345,236;364,236;363,237;
#4327:
>0:-1,-1;346,25;346,25;
#4328:
>0:-1,-1;346,30;346,30;
#4329:
>0:-1,-1;346,53;346,53;
#4330:
>0:-1,-1;346,65;345,65;365,66;385,67;364,67;364,68;345,68;
#4331:
>0:-1,-1;346,65;367,65;366,65;347,66;347,67;366,67;366,69;345,69;325,69;
#4332:
>0:-1,-1;346,72;346,74;
#4333:
>0:-1,-1;346,128;326,128;325,128;304,128;324,129;345,130;365,130;346,131;326,132;306,133;306,135;326,135;306,135;326,135;306,135;326,135;306,135;326,135;306,135;326,135;306,135;326,135;306,135;326,135;306,135;326,135;306,135;326,135;306,135;326,135;306,135;326,135;306,135;326,135;306,135;326,135;306,135;326,135;306,135;326,135;306,135;326,135;306,135;326,135;306,135;326,135;306,135;326,135;306,135;326,135;306,135;326,135;306,135;326,135;306,135;326,135;306,135;326,135;306,135;326,135;306,135;326,135;306,135;326,135;306,135;326,135;306,135;326,135;306,135;326,135;306,135;326,135;306,135;326,135;306,135;326,135;306,135;326,135;306,135;326,135;306,135;326,135;306,135;326,135;306,135;326,135;306,135;326,135;306,135;326,135;306,135;326,135;306,135;326,135;306,135;326,135;306,135;326,135;306,135;326,135;306,135;326,135;306,135;326,135;306,135;326,135;306,135;326,135;306,135;326,135;306,135;326,135;306,135;326,135;306,135;326,135;306,135;326,135;306,135;326,135;306,135;326,135;306,135;326,135;
#4334:
>0:-1,-1;346,139;325,139;306,139;307,140;288,141;267,142;288,143;287,143;308,143;287,144;308,145;288,146;308,147;
#4335:
>0:-1,-1;346,194;346,194;
#4336:
>0:-1,-1;346,201;367,201;387,201;366,202;365,203;344,203;364,203;363,203;
#4337:
>0:-1,-1;346,214;345,215;344,216;
#4338:
>0:-1,-1;346,224;327,225;347,226;348,227;367,228;
#4339:
>0:-1,-1;346,224;367,225;
#4340:
>0:-1,-1;346,226;346,226;
#4341:
>0:-1,-1;347,12;347,12;
#4342:
>0:-1,-1;347,24;346,25;
#4343:
>0:-1,-1;347,46;347,46;
#4344:
>0:-1,-1;347,54;347,54;
#4345:
>0:-1,-1;347,84;327,85;308,86;
#4346:
>0:-1,-1;347,111;368,111;
#4347:
>0:-1,-1;347,116;368,117;367,118;368,118;367,118;368,118;367,118;368,118;367,118;368,118;367,118;368,118;367,118;368,118;367,118;368,118;367,118;368,118;367,118;368,118;367,118;368,118;367,118;368,118;367,118;368,118;367,118;368,118;367,118;368,118;367,118;368,118;367,118;368,118;367,118;368,118;367,118;368,118;367,118;368,118;367,118;368,118;367,118;368,118;367,118;368,118;367,118;368,118;367,118;368,118;367,118;368,118;367,118;368,118;367,118;368,118;367,118;368,118;367,118;368,118;367,118;368,118;367,118;368,118;367,118;368,118;367,118;368,118;367,118;368,118;367,118;368,118;367,118;368,118;367,118;368,118;367,118;368,118;367,118;368,118;367,118;368,118;367,118;368,118;367,118;368,118;367,118;368,118;367,118;368,118;367,118;368,118;367,118;368,118;367,118;368,118;367,118;368,118;367,118;368,118;367,118;368,118;367,118;368,118;367,118;368,118;367,118;368,118;367,118;368,118;367,118;368,118;367,118;368,118;367,118;368,118;367,118;368,118;367,118;368,118;367,118;368,118;367,118;368,118;
#4348:
>0:-1,-1;347,158;347,158;
#4349:
>0:-1,-1;347,171;347,173;346,174;366,174;347,175;
#4350:
>0:-1,-1;347,178;346,178;345,179;
#4351:
>0:-1,-1;347,198;327,198;327,200;346,200;
#4352:
>0:-1,-1;347,202;327,203;326,203;
#4353:
>0:-1,-1;347,226;348,227;367,228;
#4354:
>0:-1,-1;347,239;347,239;
#4355:
>0:-1,-1;348,2;329,2;349,2;368,3;348,4;328,4;329,4;
#4356:
>0:-1,-1;348,27;348,27;
#4357:
>0:-1,-1;348,44;348,44;
#4358:
>0:-1,-1;348,85;348,85;
#4359:
>0:-1,-1;348,89;348,90;349,90;
#4360:
>0:-1,-1;348,121;348,121;
#4361:
>0:-1,-1;348,136;329,136;330,136;349,136;
#4362:
>0:-1,-1;348,149;367,150;387,151;386,152;385,153;364,154;
#4363:
>0:-1,-1;348,155;347,155;366,156;
#4364:
>0:-1,-1;348,156;348,158;329,158;
#4365:
>0:-1,-1;348,161;348,161;
#4366:
>0:-1,-1;348,176;369,176;350,177;331,177;312,177;312,178;293,179;314,179;294,180;313,180;312,180;292,181;272,181;251,181;250,181;270,181;291,181;
#4367:
>0:-1,-1;348,190;369,191;
#4368:
>0:-1,-1;348,202;347,203;367,203;368,204;387,204;388,204;389,205;390,205;371,205;351,205;
#4369:
>0:-1,-1;348,202;348,204;
#4370:
>0:-1,-1;348,216;327,217;346,217;347,217;366,218;387,218;368,219;367,220;387,220;386,220;
#4371:
>0:-1,-1;348,222;329,222;350,222;330,222;
#4372:
>0:-1,-1;348,231;349,232;
#4373:
>0:-1,-1;348,233;348,235;347,235;347,237;348,238;349,238;348,239;328,239;
#4374:
>0:-1,-1;349,48;369,49;349,49;370,49;370,50;391,51;392,51;371,52;392,53;372,53;372,55;353,55;353,56;354,57;
#4375:
>0:-1,-1;349,48;370,49;370,50;391,51;392,51;371,52;392,53;372,53;372,55;353,55;353,56;354,57;
#4376:
>0:-1,-1;349,74;349,74;
#4377:
>0:-1,-1;349,77;329,77;350,78;350,79;331,80;352,80;371,81;392,81;
#4378:
>0:-1,-1;349,83;349,83;
#4379:
>0:-1,-1;349,83;349,83;
#4380:
>0:-1,-1;349,109;370,110;350,111;371,112;372,113;
#4381:
>0:-1,-1;349,115;350,115;329,115;309,115;289,116;290,117;309,118;310,119;330,120;350,120;330,120;350,120;330,120;350,120;330,120;350,120;330,120;350,120;330,120;350,120;330,120;350,120;330,120;350,120;330,120;350,120;330,120;350,120;330,120;350,120;330,120;350,120;330,120;350,120;330,120;350,120;330,120;350,120;330,120;350,120;330,120;350,120;330,120;350,120;330,120;350,120;330,120;350,120;330,120;350,120;330,120;350,120;330,120;350,120;330,120;350,120;330,120;350,120;330,120;350,120;330,120;350,120;330,120;350,120;330,120;350,120;330,120;350,120;330,120;350,120;330,120;350,120;330,120;350,120;330,120;350,120;330,120;350,120;330,120;350,120;330,120;350,120;330,120;350,120;330,120;350,120;330,120;350,120;330,120;350,120;330,120;350,120;330,120;350,120;330,120;350,120;330,120;350,120;330,120;350,120;330,120;350,120;330,120;350,120;330,120;350,120;330,120;350,120;330,120;350,120;330,120;350,120;330,120;350,120;330,120;350,120;330,120;350,120;330,120;350,120;330,120;350,120;330,120;350,120;
#4382:
>0:-1,-1;349,126;330,127;349,128;370,129;391,129;
#4383:
>0:-1,-1;349,129;349,129;
#4384:
>0:-1,-1;349,144;328,145;
#4385:
>0:-1,-1;349,200;330,201;349,201;370,202;389,202;370,203;390,204;
#4386:
>0:-1,-1;349,237;349,237;
#4387:
>0:-1,-1;350,14;350,16;330,17;309,17;
#4388:
>0:-1,-1;350,23;350,23;
#4389:
>0:-1,-1;350,39;330,39;
#4390:
>0:-1,-1;350,50;369,50;390,51;391,52;
#4391:
>0:-1,-1;350,53;370,54;
#4392:
>0:-1,-1;350,107;371,108;390,108;369,109;389,109;369,109;389,109;369,109;389,109;369,109;389,109;369,109;389,109;369,109;389,109;369,109;389,109;369,109;389,109;369,109;389,109;369,109;389,109;369,109;389,109;369,109;389,109;369,109;389,109;369,109;389,109;369,109;389,109;369,109;389,109;369,109;389,109;369,109;389,109;369,109;389,109;369,109;389,109;369,109;389,109;369,109;389,109;369,109;389,109;369,109;389,109;369,109;389,109;369,109;389,109;369,109;389,109;369,109;389,109;369,109;389,109;369,109;389,109;369,109;389,109;369,109;389,109;369,109;389,109;369,109;389,109;369,109;389,109;369,109;389,109;369,109;389,109;369,109;389,109;369,109;389,109;369,109;389,109;369,109;389,109;369,109;389,109;369,109;389,109;369,109;389,109;369,109;389,109;369,109;389,109;369,109;389,109;369,109;389,109;369,109;389,109;369,109;389,109;369,109;389,109;369,109;389,109;369,109;389,109;369,109;389,109;369,109;389,109;369,109;389,109;369,109;389,109;369,109;389,109;369,109;389,109;369,109;389,109;369,109;
#4393:
>0:-1,-1;350,114;329,114;309,114;308,115;329,115;309,115;289,116;290,117;309,118;310,119;330,120;350,120;330,120;350,120;330,120;350,120;330,120;350,120;330,120;350,120;330,120;350,120;330,120;350,120;330,120;350,120;330,120;350,120;330,120;350,120;330,120;350,120;330,120;350,120;330,120;350,120;330,120;350,120;330,120;350,120;330,120;350,120;330,120;350,120;330,120;350,120;330,120;350,120;330,120;350,120;330,120;350,120;330,120;350,120;330,120;350,120;330,120;350,120;330,120;350,120;330,120;350,120;330,120;350,120;330,120;350,120;330,120;350,120;330,120;350,120;330,120;350,120;330,120;350,120;330,120;350,120;330,120;350,120;330,120;350,120;330,120;350,120;330,120;350,120;330,120;350,120;330,120;350,120;330,120;350,120;330,120;350,120;330,120;350,120;330,120;350,120;330,120;350,120;330,120;350,120;330,120;350,120;330,120;350,120;330,120;350,120;330,120;350,120;330,120;350,120;330,120;350,120;330,120;350,120;330,120;350,120;330,120;350,120;330,120;350,120;330,120;350,120;330,120;350,120;
#4394:
>0:-1,-1;350,119;331,120;331,121;
#4395:
>0:-1,-1;350,147;350,147;
#4396:
>0:-1,-1;350,147;350,147;
#4397:
>0:-1,-1;350,166;350,167;331,168;
#4398:
>0:-1,-1;350,166;350,167;371,168;352,168;351,169;
#4399:
>0:-1,-1;350,172;350,172;
#4400:
>0:-1,-1;350,178;350,178;
#4401:
>0:-1,-1;350,190;350,192;371,193;392,193;
#4402:
>0:-1,-1;350,190;351,190;
#4403:
>0:-1,-1;350,212;350,212;
#4404:
>0:-1,-1;350,219;331,220;331,222;
#4405:
>0:-1,-1;350,221;371,222;372,223;
#4406:
>0:-1,-1;351,33;351,33;
#4407:
>0:-1,-1;351,63;332,63;313,64;294,64;275,65;295,66;296,66;297,66;316,66;336,67;317,68;
#4408:
>0:-1,-1;351,88;332,89;
#4409:
>0:-1,-1;351,91;372,92;372,94;351,94;372,94;351,94;372,94;351,94;372,94;351,94;372,94;351,94;372,94;351,94;372,94;351,94;372,94;351,94;372,94;351,94;372,94;351,94;372,94;351,94;372,94;351,94;372,94;351,94;372,94;351,94;372,94;351,94;372,94;351,94;372,94;351,94;372,94;351,94;372,94;351,94;372,94;351,94;372,94;351,94;372,94;351,94;372,94;351,94;372,94;351,94;372,94;351,94;372,94;351,94;372,94;351,94;372,94;351,94;372,94;351,94;372,94;351,94;372,94;351,94;372,94;351,94;372,94;351,94;372,94;351,94;372,94;351,94;372,94;351,94;372,94;351,94;372,94;351,94;372,94;351,94;372,94;351,94;372,94;351,94;372,94;351,94;372,94;351,94;372,94;351,94;372,94;351,94;372,94;351,94;372,94;351,94;372,94;351,94;372,94;351,94;372,94;351,94;372,94;351,94;372,94;351,94;372,94;351,94;372,94;351,94;372,94;351,94;372,94;351,94;372,94;351,94;372,94;351,94;372,94;351,94;372,94;351,94;372,94;351,94;
#4410:
>0:-1,-1;351,130;332,130;351,131;
#4411:
>0:-1,-1;351,139;370,139;370,140;350,140;329,141;
#4412:
>0:-1,-1;351,139;371,140;390,140;391,140;390,140;391,140;390,140;391,140;390,140;391,140;390,140;391,140;390,140;391,140;390,140;391,140;390,140;391,140;390,140;391,140;390,140;391,140;390,140;391,140;390,140;391,140;390,140;391,140;390,140;391,140;390,140;391,140;390,140;391,140;390,140;391,140;390,140;391,140;390,140;391,140;390,140;391,140;390,140;391,140;390,140;391,140;390,140;391,140;390,140;391,140;390,140;391,140;390,140;391,140;390,140;391,140;390,140;391,140;390,140;391,140;390,140;391,140;390,140;391,140;390,140;391,140;390,140;391,140;390,140;391,140;390,140;391,140;390,140;391,140;390,140;391,140;390,140;391,140;390,140;391,140;390,140;391,140;390,140;391,140;390,140;391,140;390,140;391,140;390,140;391,140;390,140;391,140;390,140;391,140;390,140;391,140;390,140;391,140;390,140;391,140;390,140;391,140;390,140;391,140;390,140;391,140;390,140;391,140;390,140;391,140;390,140;391,140;390,140;391,140;390,140;391,140;390,140;391,140;390,140;391,140;390,140;391,140;390,140;391,140;
#4413:
>0:-1,-1;351,144;372,144;391,145;392,145;373,146;394,146;393,146;
#4414:
>0:-1,-1;351,151;351,151;
#4415:
>0:-1,-1;351,186;350,186;
#4416:
>0:-1,-1;352,2;332,2;353,2;334,2;355,3;375,3;354,4;335,5;335,6;356,6;356,7;357,8;
#4417:
>0:-1,-1;352,2;353,2;334,2;355,3;375,3;354,4;335,5;335,6;356,6;356,7;357,8;
#4418:
>0:-1,-1;352,25;331,26;352,26;
#4419:
>0:-1,-1;352,45;352,45;
#4420:
>0:-1,-1;352,56;352,56;
#4421:
>0:-1,-1;352,71;352,71;
#4422:
>0:-1,-1;352,84;332,85;352,85;
#4423:
>0:-1,-1;352,93;351,94;372,94;351,94;372,94;351,94;372,94;351,94;372,94;351,94;372,94;351,94;372,94;351,94;372,94;351,94;372,94;351,94;372,94;351,94;372,94;351,94;372,94;351,94;372,94;351,94;372,94;351,94;372,94;351,94;372,94;351,94;372,94;351,94;372,94;351,94;372,94;351,94;372,94;351,94;372,94;351,94;372,94;351,94;372,94;351,94;372,94;351,94;372,94;351,94;372,94;351,94;372,94;351,94;372,94;351,94;372,94;351,94;372,94;351,94;372,94;351,94;372,94;351,94;372,94;351,94;372,94;351,94;372,94;351,94;372,94;351,94;372,94;351,94;372,94;351,94;372,94;351,94;372,94;351,94;372,94;351,94;372,94;351,94;372,94;351,94;372,94;351,94;372,94;351,94;372,94;351,94;372,94;351,94;372,94;351,94;372,94;351,94;372,94;351,94;372,94;351,94;372,94;351,94;372,94;351,94;372,94;351,94;372,94;351,94;372,94;351,94;372,94;351,94;372,94;351,94;372,94;351,94;372,94;351,94;372,94;351,94;372,94;351,94;
#4424:
>0:-1,-1;352,112;351,113;370,114;349,115;350,115;329,115;309,115;289,116;290,117;309,118;310,119;330,120;350,120;330,120;350,120;330,120;350,120;330,120;350,120;330,120;350,120;330,120;350,120;330,120;350,120;330,120;350,120;330,120;350,120;330,120;350,120;330,120;350,120;330,120;350,120;330,120;350,120;330,120;350,120;330,120;350,120;330,120;350,120;330,120;350,120;330,120;350,120;330,120;350,120;330,120;350,120;330,120;350,120;330,120;350,120;330,120;350,120;330,120;350,120;330,120;350,120;330,120;350,120;330,120;350,120;330,120;350,120;330,120;350,120;330,120;350,120;330,120;350,120;330,120;350,120;330,120;350,120;330,120;350,120;330,120;350,120;330,120;350,120;330,120;350,120;330,120;350,120;330,120;350,120;330,120;350,120;330,120;350,120;330,120;350,120;330,120;350,120;330,120;350,120;330,120;350,120;330,120;350,120;330,120;350,120;330,120;350,120;330,120;350,120;330,120;350,120;330,120;350,120;330,120;350,120;330,120;350,120;330,120;350,120;330,120;350,120;330,120;350,120;330,120;
#4425:
>0:-1,-1;352,135;352,135;
#4426:
>0:-1,-1;353,30;372,31;351,31;350,31;
#4427:
>0:-1,-1;353,56;354,57;
#4428:
>0:-1,-1;353,87;352,87;
#4429:
>0:-1,-1;353,93;372,94;351,94;372,94;351,94;372,94;351,94;372,94;351,94;372,94;351,94;372,94;351,94;372,94;351,94;372,94;351,94;372,94;351,94;372,94;351,94;372,94;351,94;372,94;351,94;372,94;351,94;372,94;351,94;372,94;351,94;372,94;351,94;372,94;351,94;372,94;351,94;372,94;351,94;372,94;351,94;372,94;351,94;372,94;351,94;372,94;351,94;372,94;351,94;372,94;351,94;372,94;351,94;372,94;351,94;372,94;351,94;372,94;351,94;372,94;351,94;372,94;351,94;372,94;351,94;372,94;351,94;372,94;351,94;372,94;351,94;372,94;351,94;372,94;351,94;372,94;351,94;372,94;351,94;372,94;351,94;372,94;351,94;372,94;351,94;372,94;351,94;372,94;351,94;372,94;351,94;372,94;351,94;372,94;351,94;372,94;351,94;372,94;351,94;372,94;351,94;372,94;351,94;372,94;351,94;372,94;351,94;372,94;351,94;372,94;351,94;372,94;351,94;372,94;351,94;372,94;351,94;372,94;351,94;372,94;351,94;372,94;351,94;372,94;
#4430:
>0:-1,-1;353,98;353,98;
#4431:
>0:-1,-1;353,131;334,131;313,131;292,132;272,133;292,134;272,135;
#4432:
>0:-1,-1;353,143;374,144;394,145;
#4433:
>0:-1,-1;353,144;373,145;373,147;
#4434:
>0:-1,-1;353,175;333,175;312,176;311,177;310,178;309,179;
#4435:
>0:-1,-1;353,192;353,194;332,194;332,196;353,197;334,198;334,200;315,201;294,201;295,202;275,202;
#4436:
>0:-1,-1;353,223;334,223;333,223;333,224;334,225;
#4437:
>0:-1,-1;354,31;335,32;355,32;336,33;357,34;356,34;337,34;356,35;
#4438:
>0:-1,-1;354,51;374,51;
#4439:
>0:-1,-1;354,79;354,80;334,80;
#4440:
>0:-1,-1;354,121;354,121;
#4441:
>0:-1,-1;354,131;354,131;
#4442:
>0:-1,-1;354,138;354,138;
#4443:
>0:-1,-1;354,165;334,165;355,165;
#4444:
>0:-1,-1;354,180;353,180;
#4445:
>0:-1,-1;355,5;354,6;374,7;395,8;376,8;357,8;
#4446:
>0:-1,-1;355,8;355,8;
#4447:
>0:-1,-1;355,132;355,132;
#4448:
>0:-1,-1;355,144;356,145;375,146;355,147;376,147;
#4449:
>0:-1,-1;355,191;356,191;375,191;
#4450:
>0:-1,-1;355,195;355,195;
#4451:
>0:-1,-1;355,211;376,212;357,212;357,214;378,215;
#4452:
>0:-1,-1;355,229;376,229;357,229;376,229;357,229;376,229;357,229;376,229;357,229;376,229;357,229;376,229;357,229;376,229;357,229;376,229;357,229;376,229;357,229;376,229;357,229;376,229;357,229;376,229;357,229;376,229;357,229;376,229;357,229;376,229;357,229;376,229;357,229;376,229;357,229;376,229;357,229;376,229;357,229;376,229;357,229;376,229;357,229;376,229;357,229;376,229;357,229;376,229;357,229;376,229;357,229;376,229;357,229;376,229;357,229;376,229;357,229;376,229;357,229;376,229;357,229;376,229;357,229;376,229;357,229;376,229;357,229;376,229;357,229;376,229;357,229;376,229;357,229;376,229;357,229;376,229;357,229;376,229;357,229;376,229;357,229;376,229;357,229;376,229;357,229;376,229;357,229;376,229;357,229;376,229;357,229;376,229;357,229;376,229;357,229;376,229;357,229;376,229;357,229;376,229;357,229;376,229;357,229;376,229;357,229;376,229;357,229;376,229;357,229;376,229;357,229;376,229;357,229;376,229;357,229;376,229;357,229;376,229;357,229;376,229;357,229;376,229;357,229;376,229;
#4453:
>0:-1,-1;356,0;335,0;355,0;334,0;
#4454:
>0:-1,-1;356,6;356,7;357,8;
#4455:
>0:-1,-1;356,73;356,73;
#4456:
>0:-1,-1;356,78;356,78;
#4457:
>0:-1,-1;356,164;337,165;337,166;336,167;316,167;295,167;274,168;274,169;
#4458:
>0:-1,-1;356,175;356,175;
#4459:
>0:-1,-1;356,177;377,178;358,179;
#4460:
>0:-1,-1;356,213;375,213;396,213;396,214;376,215;357,215;
#4461:
>0:-1,-1;356,233;375,233;375,235;
#4462:
>0:-1,-1;357,39;377,40;397,40;398,41;377,41;377,43;396,44;375,44;356,45;
#4463:
>0:-1,-1;357,63;357,63;
#4464:
>0:-1,-1;357,90;377,91;357,91;356,92;
#4465:
>0:-1,-1;357,136;378,137;378,138;397,138;378,139;398,140;398,142;
#4466:
>0:-1,-1;357,142;378,142;398,142;
#4467:
>0:-1,-1;357,149;356,150;356,152;376,153;
#4468:
>0:-1,-1;357,169;356,169;356,170;357,171;376,171;375,171;
#4469:
>0:-1,-1;357,194;337,195;
#4470:
>0:-1,-1;357,195;338,196;357,196;377,197;
#4471:
>0:-1,-1;358,2;339,2;
#4472:
>0:-1,-1;358,7;339,7;
#4473:
>0:-1,-1;358,7;358,7;
#4474:
>0:-1,-1;358,29;358,29;
#4475:
>0:-1,-1;358,40;338,40;317,41;296,42;276,42;296,43;315,43;336,43;
#4476:
>0:-1,-1;358,46;377,47;356,48;376,49;355,49;354,50;355,51;334,52;333,52;
#4477:
>0:-1,-1;358,76;358,77;357,78;337,79;337,80;358,81;
#4478:
>0:-1,-1;358,112;358,112;
#4479:
>0:-1,-1;358,123;358,124;377,125;377,127;
#4480:
>0:-1,-1;358,151;357,151;
#4481:
>0:-1,-1;358,155;357,155;378,155;399,156;398,156;378,156;399,157;379,158;358,159;357,160;337,161;358,162;
#4482:
>0:-1,-1;358,188;379,188;398,189;398,191;399,191;398,191;399,191;398,191;399,191;398,191;399,191;398,191;399,191;398,191;399,191;398,191;399,191;398,191;399,191;398,191;399,191;398,191;399,191;398,191;399,191;398,191;399,191;398,191;399,191;398,191;399,191;398,191;399,191;398,191;399,191;398,191;399,191;398,191;399,191;398,191;399,191;398,191;399,191;398,191;399,191;398,191;399,191;398,191;399,191;398,191;399,191;398,191;399,191;398,191;399,191;398,191;399,191;398,191;399,191;398,191;399,191;398,191;399,191;398,191;399,191;398,191;399,191;398,191;399,191;398,191;399,191;398,191;399,191;398,191;399,191;398,191;399,191;398,191;399,191;398,191;399,191;398,191;399,191;398,191;399,191;398,191;399,191;398,191;399,191;398,191;399,191;398,191;399,191;398,191;399,191;398,191;399,191;398,191;399,191;398,191;399,191;398,191;399,191;398,191;399,191;398,191;399,191;398,191;399,191;398,191;399,191;398,191;399,191;398,191;399,191;398,191;399,191;398,191;399,191;398,191;399,191;398,191;399,191;398,191;
#4483:
>0:-1,-1;358,202;358,204;377,204;
#4484:
>0:-1,-1;358,202;358,202;
#4485:
>0:-1,-1;358,210;358,210;
#4486:
>0:-1,-1;358,237;337,237;356,238;336,238;316,238;
#4487:
>0:-1,-1;359,11;338,11;
#4488:
>0:-1,-1;359,18;359,18;
#4489:
>0:-1,-1;359,84;379,84;398,84;397,84;378,84;398,84;397,84;378,84;398,84;397,84;378,84;398,84;397,84;378,84;398,84;397,84;378,84;398,84;397,84;378,84;398,84;397,84;378,84;398,84;397,84;378,84;398,84;397,84;378,84;398,84;397,84;378,84;398,84;397,84;378,84;398,84;397,84;378,84;398,84;397,84;378,84;398,84;397,84;378,84;398,84;397,84;378,84;398,84;397,84;378,84;398,84;397,84;378,84;398,84;397,84;378,84;398,84;397,84;378,84;398,84;397,84;378,84;398,84;397,84;378,84;398,84;397,84;378,84;398,84;397,84;378,84;398,84;397,84;378,84;398,84;397,84;378,84;398,84;397,84;378,84;398,84;397,84;378,84;398,84;397,84;378,84;398,84;397,84;378,84;398,84;397,84;378,84;398,84;397,84;378,84;398,84;397,84;378,84;398,84;397,84;378,84;398,84;397,84;378,84;398,84;397,84;378,84;398,84;397,84;378,84;398,84;397,84;378,84;398,84;397,84;378,84;398,84;397,84;378,84;398,84;397,84;378,84;398,84;397,84;
#4490:
>0:-1,-1;359,95;359,95;
#4491:
>0:-1,-1;359,106;339,107;359,107;339,107;359,107;339,107;359,107;339,107;359,107;339,107;359,107;339,107;359,107;339,107;359,107;339,107;359,107;339,107;359,107;339,107;359,107;339,107;359,107;339,107;359,107;339,107;359,107;339,107;359,107;339,107;359,107;339,107;359,107;339,107;359,107;339,107;359,107;339,107;359,107;339,107;359,107;339,107;359,107;339,107;359,107;339,107;359,107;339,107;359,107;339,107;359,107;339,107;359,107;339,107;359,107;339,107;359,107;339,107;359,107;339,107;359,107;339,107;359,107;339,107;359,107;339,107;359,107;339,107;359,107;339,107;359,107;339,107;359,107;339,107;359,107;339,107;359,107;339,107;359,107;339,107;359,107;339,107;359,107;339,107;359,107;339,107;359,107;339,107;359,107;339,107;359,107;339,107;359,107;339,107;359,107;339,107;359,107;339,107;359,107;339,107;359,107;339,107;359,107;339,107;359,107;339,107;359,107;339,107;359,107;339,107;359,107;339,107;359,107;339,107;359,107;339,107;359,107;339,107;359,107;339,107;359,107;339,107;359,107;339,107;
#4492:
>0:-1,-1;359,150;339,151;339,153;
#4493:
>0:-1,-1;359,168;359,168;
#4494:
>0:-1,-1;359,207;359,207;
#4495:
>0:-1,-1;359,229;359,229;
#4496:
>0:-1,-1;360,46;360,46;
#4497:
>0:-1,-1;360,50;340,51;360,52;360,53;341,53;342,53;341,53;342,53;341,53;342,53;341,53;342,53;341,53;342,53;341,53;342,53;341,53;342,53;341,53;342,53;341,53;342,53;341,53;342,53;341,53;342,53;341,53;342,53;341,53;342,53;341,53;342,53;341,53;342,53;341,53;342,53;341,53;342,53;341,53;342,53;341,53;342,53;341,53;342,53;341,53;342,53;341,53;342,53;341,53;342,53;341,53;342,53;341,53;342,53;341,53;342,53;341,53;342,53;341,53;342,53;341,53;342,53;341,53;342,53;341,53;342,53;341,53;342,53;341,53;342,53;341,53;342,53;341,53;342,53;341,53;342,53;341,53;342,53;341,53;342,53;341,53;342,53;341,53;342,53;341,53;342,53;341,53;342,53;341,53;342,53;341,53;342,53;341,53;342,53;341,53;342,53;341,53;342,53;341,53;342,53;341,53;342,53;341,53;342,53;341,53;342,53;341,53;342,53;341,53;342,53;341,53;342,53;341,53;342,53;341,53;342,53;341,53;342,53;341,53;342,53;341,53;342,53;341,53;342,53;
#4498:
>0:-1,-1;360,88;360,88;
#4499:
>0:-1,-1;360,106;360,106;
#4500:
>0:-1,-1;360,121;360,121;
#4501:
>0:-1,-1;360,123;361,124;360,125;
#4502:
>0:-1,-1;360,162;361,163;360,163;
#4503:
>0:-1,-1;360,171;361,172;
#4504:
>0:-1,-1;360,175;360,175;
#4505:
>0:-1,-1;360,177;360,178;341,178;342,179;
#4506:
>0:-1,-1;360,177;381,178;362,178;382,178;381,179;361,179;
#4507:
>0:-1,-1;360,188;340,188;340,190;
#4508:
>0:-1,-1;360,203;360,205;381,206;360,207;360,208;381,209;380,209;380,210;380,212;361,212;382,213;362,214;361,214;362,215;383,215;
#4509:
>0:-1,-1;360,231;360,231;
#4510:
>0:-1,-1;361,19;342,20;363,20;382,21;381,21;
#4511:
>0:-1,-1;361,21;380,21;361,22;
#4512:
>0:-1,-1;361,142;382,142;362,143;343,143;344,143;324,144;303,145;284,145;
#4513:
>0:-1,-1;361,148;362,148;361,149;340,149;321,150;321,151;342,152;341,152;321,152;300,153;300,154;321,155;320,155;321,155;320,155;321,155;320,155;321,155;320,155;321,155;320,155;321,155;320,155;321,155;320,155;321,155;320,155;321,155;320,155;321,155;320,155;321,155;320,155;321,155;320,155;321,155;320,155;321,155;320,155;321,155;320,155;321,155;320,155;321,155;320,155;321,155;320,155;321,155;320,155;321,155;320,155;321,155;320,155;321,155;320,155;321,155;320,155;321,155;320,155;321,155;320,155;321,155;320,155;321,155;320,155;321,155;320,155;321,155;320,155;321,155;320,155;321,155;320,155;321,155;320,155;321,155;320,155;321,155;320,155;321,155;320,155;321,155;320,155;321,155;320,155;321,155;320,155;321,155;320,155;321,155;320,155;321,155;320,155;321,155;320,155;321,155;320,155;321,155;320,155;321,155;320,155;321,155;320,155;321,155;320,155;321,155;320,155;321,155;320,155;321,155;320,155;321,155;320,155;321,155;320,155;321,155;320,155;321,155;320,155;321,155;320,155;321,155;320,155;321,155;
#4514:
>0:-1,-1;361,148;362,149;343,149;344,149;343,149;344,149;343,149;344,149;343,149;344,149;343,149;344,149;343,149;344,149;343,149;344,149;343,149;344,149;343,149;344,149;343,149;344,149;343,149;344,149;343,149;344,149;343,149;344,149;343,149;344,149;343,149;344,149;343,149;344,149;343,149;344,149;343,149;344,149;343,149;344,149;343,149;344,149;343,149;344,149;343,149;344,149;343,149;344,149;343,149;344,149;343,149;344,149;343,149;344,149;343,149;344,149;343,149;344,149;343,149;344,149;343,149;344,149;343,149;344,149;343,149;344,149;343,149;344,149;343,149;344,149;343,149;344,149;343,149;344,149;343,149;344,149;343,149;344,149;343,149;344,149;343,149;344,149;343,149;344,149;343,149;344,149;343,149;344,149;343,149;344,149;343,149;344,149;343,149;344,149;343,149;344,149;343,149;344,149;343,149;344,149;343,149;344,149;343,149;344,149;343,149;344,149;343,149;344,149;343,149;344,149;343,149;344,149;343,149;344,149;343,149;344,149;343,149;344,149;343,149;344,149;343,149;344,149;343,149;344,149;
#4515:
>0:-1,-1;361,168;361,169;361,170;362,171;363,172;384,173;385,174;
#4516:
>0:-1,-1;361,170;362,171;363,172;384,173;385,174;
#4517:
>0:-1,-1;361,189;360,189;
#4518:
>0:-1,-1;361,189;361,189;
#4519:
>0:-1,-1;362,24;362,24;
#4520:
>0:-1,-1;362,26;342,26;343,27;364,27;
#4521:
>0:-1,-1;362,60;362,60;
#4522:
>0:-1,-1;362,93;361,94;361,96;380,97;380,99;381,100;360,101;
#4523:
>0:-1,-1;362,123;342,123;
#4524:
>0:-1,-1;362,125;382,126;
#4525:
>0:-1,-1;362,130;363,130;382,130;382,132;
#4526:
>0:-1,-1;362,137;362,137;
#4527:
>0:-1,-1;362,143;343,143;344,143;324,144;303,145;284,145;
#4528:
>0:-1,-1;362,143;362,143;
#4529:
>0:-1,-1;362,153;363,154;384,154;
#4530:
>0:-1,-1;362,167;382,168;363,168;362,169;342,169;
#4531:
>0:-1,-1;362,187;362,187;
#4532:
>0:-1,-1;362,205;383,205;
#4533:
>0:-1,-1;362,213;362,213;
#4534:
>0:-1,-1;362,219;381,220;362,220;363,220;343,220;
#4535:
>0:-1,-1;362,227;343,227;342,228;342,230;363,231;342,232;342,233;341,233;341,235;360,235;
#4536:
>0:-1,-1;362,227;343,227;344,227;363,227;363,229;
#4537:
>0:-1,-1;363,39;363,39;
#4538:
>0:-1,-1;363,50;343,51;
#4539:
>0:-1,-1;363,51;363,51;
#4540:
>0:-1,-1;363,129;364,129;385,129;
#4541:
>0:-1,-1;363,140;363,140;
#4542:
>0:-1,-1;363,173;382,173;362,174;
#4543:
>0:-1,-1;363,208;383,208;363,208;383,208;363,208;383,208;363,208;383,208;363,208;383,208;363,208;383,208;363,208;383,208;363,208;383,208;363,208;383,208;363,208;383,208;363,208;383,208;363,208;383,208;363,208;383,208;363,208;383,208;363,208;383,208;363,208;383,208;363,208;383,208;363,208;383,208;363,208;383,208;363,208;383,208;363,208;383,208;363,208;383,208;363,208;383,208;363,208;383,208;363,208;383,208;363,208;383,208;363,208;383,208;363,208;383,208;363,208;383,208;363,208;383,208;363,208;383,208;363,208;383,208;363,208;383,208;363,208;383,208;363,208;383,208;363,208;383,208;363,208;383,208;363,208;383,208;363,208;383,208;363,208;383,208;363,208;383,208;363,208;383,208;363,208;383,208;363,208;383,208;363,208;383,208;363,208;383,208;363,208;383,208;363,208;383,208;363,208;383,208;363,208;383,208;363,208;383,208;363,208;383,208;363,208;383,208;363,208;383,208;363,208;383,208;363,208;383,208;363,208;383,208;363,208;383,208;363,208;383,208;363,208;383,208;363,208;383,208;363,208;383,208;
#4544:
>0:-1,-1;363,215;363,215;
#4545:
>0:-1,-1;363,234;363,234;
#4546:
>0:-1,-1;364,21;365,22;344,23;364,23;
#4547:
>0:-1,-1;364,35;364,36;344,37;363,38;343,38;344,39;343,40;
#4548:
>0:-1,-1;364,47;364,47;
#4549:
>0:-1,-1;364,71;365,72;
#4550:
>0:-1,-1;364,71;383,71;363,71;344,72;365,72;
#4551:
>0:-1,-1;364,77;364,77;
#4552:
>0:-1,-1;364,82;364,82;
#4553:
>0:-1,-1;364,123;363,124;344,124;
#4554:
>0:-1,-1;364,149;345,150;344,150;364,150;344,150;364,150;344,150;364,150;344,150;364,150;344,150;364,150;344,150;364,150;344,150;364,150;344,150;364,150;344,150;364,150;344,150;364,150;344,150;364,150;344,150;364,150;344,150;364,150;344,150;364,150;344,150;364,150;344,150;364,150;344,150;364,150;344,150;364,150;344,150;364,150;344,150;364,150;344,150;364,150;344,150;364,150;344,150;364,150;344,150;364,150;344,150;364,150;344,150;364,150;344,150;364,150;344,150;364,150;344,150;364,150;344,150;364,150;344,150;364,150;344,150;364,150;344,150;364,150;344,150;364,150;344,150;364,150;344,150;364,150;344,150;364,150;344,150;364,150;344,150;364,150;344,150;364,150;344,150;364,150;344,150;364,150;344,150;364,150;344,150;364,150;344,150;364,150;344,150;364,150;344,150;364,150;344,150;364,150;344,150;364,150;344,150;364,150;344,150;364,150;344,150;364,150;344,150;364,150;344,150;364,150;344,150;364,150;344,150;364,150;344,150;364,150;344,150;364,150;344,150;364,150;344,150;364,150;344,150;364,150;
#4555:
>0:-1,-1;364,181;385,181;366,181;367,182;347,182;
#4556:
>0:-1,-1;364,207;343,208;
#4557:
>0:-1,-1;364,224;365,225;385,225;385,227;
#4558:
>0:-1,-1;365,21;384,22;384,23;
#4559:
>0:-1,-1;365,28;344,28;323,29;323,31;324,32;325,32;306,32;325,32;306,32;325,32;306,32;325,32;306,32;325,32;306,32;325,32;306,32;325,32;306,32;325,32;306,32;325,32;306,32;325,32;306,32;325,32;306,32;325,32;306,32;325,32;306,32;325,32;306,32;325,32;306,32;325,32;306,32;325,32;306,32;325,32;306,32;325,32;306,32;325,32;306,32;325,32;306,32;325,32;306,32;325,32;306,32;325,32;306,32;325,32;306,32;325,32;306,32;325,32;306,32;325,32;306,32;325,32;306,32;325,32;306,32;325,32;306,32;325,32;306,32;325,32;306,32;325,32;306,32;325,32;306,32;325,32;306,32;325,32;306,32;325,32;306,32;325,32;306,32;325,32;306,32;325,32;306,32;325,32;306,32;325,32;306,32;325,32;306,32;325,32;306,32;325,32;306,32;325,32;306,32;325,32;306,32;325,32;306,32;325,32;306,32;325,32;306,32;325,32;306,32;325,32;306,32;325,32;306,32;325,32;306,32;325,32;306,32;325,32;306,32;325,32;306,32;325,32;306,32;325,32;
#4560:
>0:-1,-1;365,28;346,28;347,28;327,29;347,30;348,30;329,30;349,31;
#4561:
>0:-1,-1;365,30;344,30;345,30;326,30;346,30;
#4562:
>0:-1,-1;365,37;385,37;365,37;385,37;365,37;385,37;365,37;385,37;365,37;385,37;365,37;385,37;365,37;385,37;365,37;385,37;365,37;385,37;365,37;385,37;365,37;385,37;365,37;385,37;365,37;385,37;365,37;385,37;365,37;385,37;365,37;385,37;365,37;385,37;365,37;385,37;365,37;385,37;365,37;385,37;365,37;385,37;365,37;385,37;365,37;385,37;365,37;385,37;365,37;385,37;365,37;385,37;365,37;385,37;365,37;385,37;365,37;385,37;365,37;385,37;365,37;385,37;365,37;385,37;365,37;385,37;365,37;385,37;365,37;385,37;365,37;385,37;365,37;385,37;365,37;385,37;365,37;385,37;365,37;385,37;365,37;385,37;365,37;385,37;365,37;385,37;365,37;385,37;365,37;385,37;365,37;385,37;365,37;385,37;365,37;385,37;365,37;385,37;365,37;385,37;365,37;385,37;365,37;385,37;365,37;385,37;365,37;385,37;365,37;385,37;365,37;385,37;365,37;385,37;365,37;385,37;365,37;385,37;365,37;385,37;365,37;385,37;365,37;385,37;
#4563:
>0:-1,-1;365,100;345,100;344,100;345,100;344,100;345,100;344,100;345,100;344,100;345,100;344,100;345,100;344,100;345,100;344,100;345,100;344,100;345,100;344,100;345,100;344,100;345,100;344,100;345,100;344,100;345,100;344,100;345,100;344,100;345,100;344,100;345,100;344,100;345,100;344,100;345,100;344,100;345,100;344,100;345,100;344,100;345,100;344,100;345,100;344,100;345,100;344,100;345,100;344,100;345,100;344,100;345,100;344,100;345,100;344,100;345,100;344,100;345,100;344,100;345,100;344,100;345,100;344,100;345,100;344,100;345,100;344,100;345,100;344,100;345,100;344,100;345,100;344,100;345,100;344,100;345,100;344,100;345,100;344,100;345,100;344,100;345,100;344,100;345,100;344,100;345,100;344,100;345,100;344,100;345,100;344,100;345,100;344,100;345,100;344,100;345,100;344,100;345,100;344,100;345,100;344,100;345,100;344,100;345,100;344,100;345,100;344,100;345,100;344,100;345,100;344,100;345,100;344,100;345,100;344,100;345,100;344,100;345,100;344,100;345,100;344,100;345,100;344,100;345,100;
#4564:
>0:-1,-1;365,102;365,102;
#4565:
>0:-1,-1;365,106;365,106;
#4566:
>0:-1,-1;365,130;346,131;326,132;306,133;306,135;326,135;306,135;326,135;306,135;326,135;306,135;326,135;306,135;326,135;306,135;326,135;306,135;326,135;306,135;326,135;306,135;326,135;306,135;326,135;306,135;326,135;306,135;326,135;306,135;326,135;306,135;326,135;306,135;326,135;306,135;326,135;306,135;326,135;306,135;326,135;306,135;326,135;306,135;326,135;306,135;326,135;306,135;326,135;306,135;326,135;306,135;326,135;306,135;326,135;306,135;326,135;306,135;326,135;306,135;326,135;306,135;326,135;306,135;326,135;306,135;326,135;306,135;326,135;306,135;326,135;306,135;326,135;306,135;326,135;306,135;326,135;306,135;326,135;306,135;326,135;306,135;326,135;306,135;326,135;306,135;326,135;306,135;326,135;306,135;326,135;306,135;326,135;306,135;326,135;306,135;326,135;306,135;326,135;306,135;326,135;306,135;326,135;306,135;326,135;306,135;326,135;306,135;326,135;306,135;326,135;306,135;326,135;306,135;326,135;306,135;326,135;306,135;326,135;306,135;326,135;306,135;326,135;306,135;326,135;
#4567:
>0:-1,-1;365,138;366,138;346,139;325,139;306,139;307,140;288,141;267,142;288,143;287,143;308,143;287,144;308,145;288,146;308,147;
#4568:
>0:-1,-1;365,147;344,148;323,149;343,150;324,150;325,150;304,150;283,150;264,150;243,150;224,151;224,152;204,153;184,153;204,154;203,154;224,154;224,156;224,158;203,158;224,158;203,158;224,158;203,158;224,158;203,158;224,158;203,158;224,158;203,158;224,158;203,158;224,158;203,158;224,158;203,158;224,158;203,158;224,158;203,158;224,158;203,158;224,158;203,158;224,158;203,158;224,158;203,158;224,158;203,158;224,158;203,158;224,158;203,158;224,158;203,158;224,158;203,158;224,158;203,158;224,158;203,158;224,158;203,158;224,158;203,158;224,158;203,158;224,158;203,158;224,158;203,158;224,158;203,158;224,158;203,158;224,158;203,158;224,158;203,158;224,158;203,158;224,158;203,158;224,158;203,158;224,158;203,158;224,158;203,158;224,158;203,158;224,158;203,158;224,158;203,158;224,158;203,158;224,158;203,158;224,158;203,158;224,158;203,158;224,158;203,158;224,158;203,158;224,158;203,158;224,158;203,158;224,158;203,158;224,158;203,158;224,158;203,158;224,158;203,158;224,158;203,158;224,158;203,158;
#4569:
>0:-1,-1;365,184;346,185;366,185;
#4570:
>0:-1,-1;365,187;346,187;
#4571:
>0:-1,-1;366,37;366,37;
#4572:
>0:-1,-1;366,46;345,46;
#4573:
>0:-1,-1;366,58;385,58;385,60;365,60;
#4574:
>0:-1,-1;366,87;366,87;
#4575:
>0:-1,-1;366,126;366,126;
#4576:
>0:-1,-1;366,139;366,139;
#4577:
>0:-1,-1;366,191;365,192;366,193;366,194;387,194;368,194;388,194;367,195;
#4578:
>0:-1,-1;366,191;387,191;386,191;
#4579:
>0:-1,-1;366,204;346,204;345,204;
#4580:
>0:-1,-1;367,0;367,0;
#4581:
>0:-1,-1;367,12;367,12;
#4582:
>0:-1,-1;367,30;346,30;
#4583:
>0:-1,-1;367,35;367,35;
#4584:
>0:-1,-1;367,44;367,44;
#4585:
>0:-1,-1;367,79;387,79;387,80;
#4586:
>0:-1,-1;367,79;367,79;
#4587:
>0:-1,-1;367,100;346,100;347,101;347,102;347,103;346,103;
#4588:
>0:-1,-1;367,131;348,132;329,133;350,133;351,133;352,134;351,135;371,136;
#4589:
>0:-1,-1;367,158;386,158;366,159;367,160;
#4590:
>0:-1,-1;367,217;367,217;
#4591:
>0:-1,-1;368,3;348,4;328,4;329,4;
#4592:
>0:-1,-1;368,48;349,49;370,49;370,50;391,51;392,51;371,52;392,53;372,53;372,55;353,55;353,56;354,57;
#4593:
>0:-1,-1;368,52;368,52;
#4594:
>0:-1,-1;368,67;349,68;349,69;
#4595:
>0:-1,-1;368,105;369,105;348,105;347,105;
#4596:
>0:-1,-1;368,114;387,115;387,116;
#4597:
>0:-1,-1;368,137;388,138;387,139;387,141;366,142;367,142;348,142;348,144;349,144;328,145;
#4598:
>0:-1,-1;368,148;368,148;
#4599:
>0:-1,-1;368,156;347,156;326,157;326,158;345,159;346,160;367,161;387,162;387,164;368,164;387,165;386,166;367,167;388,168;389,169;369,169;349,170;370,170;
#4600:
>0:-1,-1;368,156;367,156;388,157;389,157;
#4601:
>0:-1,-1;368,230;367,230;387,231;
#4602:
>0:-1,-1;369,5;368,6;367,6;346,7;365,8;385,9;384,9;385,9;384,9;385,9;384,9;385,9;384,9;385,9;384,9;385,9;384,9;385,9;384,9;385,9;384,9;385,9;384,9;385,9;384,9;385,9;384,9;385,9;384,9;385,9;384,9;385,9;384,9;385,9;384,9;385,9;384,9;385,9;384,9;385,9;384,9;385,9;384,9;385,9;384,9;385,9;384,9;385,9;384,9;385,9;384,9;385,9;384,9;385,9;384,9;385,9;384,9;385,9;384,9;385,9;384,9;385,9;384,9;385,9;384,9;385,9;384,9;385,9;384,9;385,9;384,9;385,9;384,9;385,9;384,9;385,9;384,9;385,9;384,9;385,9;384,9;385,9;384,9;385,9;384,9;385,9;384,9;385,9;384,9;385,9;384,9;385,9;384,9;385,9;384,9;385,9;384,9;385,9;384,9;385,9;384,9;385,9;384,9;385,9;384,9;385,9;384,9;385,9;384,9;385,9;384,9;385,9;384,9;385,9;384,9;385,9;384,9;385,9;384,9;385,9;384,9;385,9;384,9;385,9;
#4603:
>0:-1,-1;369,74;349,74;
#4604:
>0:-1,-1;369,81;389,82;388,83;389,84;389,86;368,87;
#4605:
>0:-1,-1;369,90;369,91;
#4606:
>0:-1,-1;369,101;369,103;369,105;348,105;347,105;
#4607:
>0:-1,-1;369,102;349,103;
#4608:
>0:-1,-1;369,106;390,107;
#4609:
>0:-1,-1;369,107;390,108;369,109;389,109;369,109;389,109;369,109;389,109;369,109;389,109;369,109;389,109;369,109;389,109;369,109;389,109;369,109;389,109;369,109;389,109;369,109;389,109;369,109;389,109;369,109;389,109;369,109;389,109;369,109;389,109;369,109;389,109;369,109;389,109;369,109;389,109;369,109;389,109;369,109;389,109;369,109;389,109;369,109;389,109;369,109;389,109;369,109;389,109;369,109;389,109;369,109;389,109;369,109;389,109;369,109;389,109;369,109;389,109;369,109;389,109;369,109;389,109;369,109;389,109;369,109;389,109;369,109;389,109;369,109;389,109;369,109;389,109;369,109;389,109;369,109;389,109;369,109;389,109;369,109;389,109;369,109;389,109;369,109;389,109;369,109;389,109;369,109;389,109;369,109;389,109;369,109;389,109;369,109;389,109;369,109;389,109;369,109;389,109;369,109;389,109;369,109;389,109;369,109;389,109;369,109;389,109;369,109;389,109;369,109;389,109;369,109;389,109;369,109;389,109;369,109;389,109;369,109;389,109;369,109;389,109;369,109;389,109;369,109;389,109;
#4610:
>0:-1,-1;369,110;350,110;
#4611:
>0:-1,-1;369,111;368,111;
#4612:
>0:-1,-1;369,164;369,165;389,165;370,165;
#4613:
>0:-1,-1;369,170;369,170;
#4614:
>0:-1,-1;369,183;369,183;
#4615:
>0:-1,-1;369,206;369,208;
#4616:
>0:-1,-1;369,208;370,208;390,209;369,209;390,209;369,209;390,209;369,209;390,209;369,209;390,209;369,209;390,209;369,209;390,209;369,209;390,209;369,209;390,209;369,209;390,209;369,209;390,209;369,209;390,209;369,209;390,209;369,209;390,209;369,209;390,209;369,209;390,209;369,209;390,209;369,209;390,209;369,209;390,209;369,209;390,209;369,209;390,209;369,209;390,209;369,209;390,209;369,209;390,209;369,209;390,209;369,209;390,209;369,209;390,209;369,209;390,209;369,209;390,209;369,209;390,209;369,209;390,209;369,209;390,209;369,209;390,209;369,209;390,209;369,209;390,209;369,209;390,209;369,209;390,209;369,209;390,209;369,209;390,209;369,209;390,209;369,209;390,209;369,209;390,209;369,209;390,209;369,209;390,209;369,209;390,209;369,209;390,209;369,209;390,209;369,209;390,209;369,209;390,209;369,209;390,209;369,209;390,209;369,209;390,209;369,209;390,209;369,209;390,209;369,209;390,209;369,209;390,209;369,209;390,209;369,209;390,209;369,209;390,209;369,209;390,209;369,209;390,209;369,209;
#4617:
>0:-1,-1;369,208;388,209;389,210;390,211;389,212;388,213;367,214;348,215;368,216;369,216;368,216;369,216;368,216;369,216;368,216;369,216;368,216;369,216;368,216;369,216;368,216;369,216;368,216;369,216;368,216;369,216;368,216;369,216;368,216;369,216;368,216;369,216;368,216;369,216;368,216;369,216;368,216;369,216;368,216;369,216;368,216;369,216;368,216;369,216;368,216;369,216;368,216;369,216;368,216;369,216;368,216;369,216;368,216;369,216;368,216;369,216;368,216;369,216;368,216;369,216;368,216;369,216;368,216;369,216;368,216;369,216;368,216;369,216;368,216;369,216;368,216;369,216;368,216;369,216;368,216;369,216;368,216;369,216;368,216;369,216;368,216;369,216;368,216;369,216;368,216;369,216;368,216;369,216;368,216;369,216;368,216;369,216;368,216;369,216;368,216;369,216;368,216;369,216;368,216;369,216;368,216;369,216;368,216;369,216;368,216;369,216;368,216;369,216;368,216;369,216;368,216;369,216;368,216;369,216;368,216;369,216;368,216;369,216;368,216;369,216;368,216;369,216;368,216;369,216;
#4618:
>0:-1,-1;369,223;370,224;349,225;
#4619:
>0:-1,-1;369,231;388,231;368,231;
#4620:
>0:-1,-1;370,7;349,7;348,8;329,9;329,10;328,11;327,11;
#4621:
>0:-1,-1;370,16;351,17;352,17;373,18;
#4622:
>0:-1,-1;370,50;391,51;392,51;371,52;392,53;372,53;372,55;353,55;353,56;354,57;
#4623:
>0:-1,-1;370,63;351,63;332,63;313,64;294,64;275,65;295,66;296,66;297,66;316,66;336,67;317,68;
#4624:
>0:-1,-1;370,68;370,68;
#4625:
>0:-1,-1;370,76;390,76;390,78;390,80;370,81;391,81;
#4626:
>0:-1,-1;370,98;349,98;350,98;330,99;310,99;309,99;290,100;311,100;330,100;
#4627:
>0:-1,-1;370,190;371,191;391,192;
#4628:
>0:-1,-1;370,220;370,220;
#4629:
>0:-1,-1;370,237;350,238;331,239;350,239;349,239;330,239;
#4630:
>0:-1,-1;371,33;371,33;
#4631:
>0:-1,-1;371,58;371,58;
#4632:
>0:-1,-1;371,70;350,71;370,71;371,71;
#4633:
>0:-1,-1;371,157;371,157;
#4634:
>0:-1,-1;371,161;392,161;393,161;
#4635:
>0:-1,-1;371,219;391,219;
#4636:
>0:-1,-1;372,0;351,0;
#4637:
>0:-1,-1;372,7;351,8;372,9;393,10;392,10;393,11;392,11;373,11;374,12;375,12;
#4638:
>0:-1,-1;372,7;353,7;333,7;314,7;334,8;315,8;
#4639:
>0:-1,-1;372,40;392,40;
#4640:
>0:-1,-1;372,45;353,46;332,46;311,47;
#4641:
>0:-1,-1;372,54;351,54;330,55;310,56;331,56;332,57;352,58;
#4642:
>0:-1,-1;372,55;353,55;353,56;354,57;
#4643:
>0:-1,-1;372,120;372,120;
#4644:
>0:-1,-1;372,143;372,144;391,145;392,145;373,146;394,146;393,146;
#4645:
>0:-1,-1;372,145;392,145;373,146;394,146;393,146;
#4646:
>0:-1,-1;372,153;372,153;
#4647:
>0:-1,-1;372,153;372,153;
#4648:
>0:-1,-1;372,164;372,164;
#4649:
>0:-1,-1;372,181;351,182;331,183;
#4650:
>0:-1,-1;372,181;372,181;
#4651:
>0:-1,-1;372,188;392,189;
#4652:
>0:-1,-1;372,195;393,195;373,196;
#4653:
>0:-1,-1;372,222;372,222;
#4654:
>0:-1,-1;372,239;373,239;
#4655:
>0:-1,-1;373,3;353,4;353,5;333,6;314,6;333,6;314,6;333,6;314,6;333,6;314,6;333,6;314,6;333,6;314,6;333,6;314,6;333,6;314,6;333,6;314,6;333,6;314,6;333,6;314,6;333,6;314,6;333,6;314,6;333,6;314,6;333,6;314,6;333,6;314,6;333,6;314,6;333,6;314,6;333,6;314,6;333,6;314,6;333,6;314,6;333,6;314,6;333,6;314,6;333,6;314,6;333,6;314,6;333,6;314,6;333,6;314,6;333,6;314,6;333,6;314,6;333,6;314,6;333,6;314,6;333,6;314,6;333,6;314,6;333,6;314,6;333,6;314,6;333,6;314,6;333,6;314,6;333,6;314,6;333,6;314,6;333,6;314,6;333,6;314,6;333,6;314,6;333,6;314,6;333,6;314,6;333,6;314,6;333,6;314,6;333,6;314,6;333,6;314,6;333,6;314,6;333,6;314,6;333,6;314,6;333,6;314,6;333,6;314,6;333,6;314,6;333,6;314,6;333,6;314,6;333,6;314,6;333,6;314,6;333,6;314,6;333,6;314,6;333,6;
#4656:
>0:-1,-1;373,7;373,7;
#4657:
>0:-1,-1;373,16;354,17;374,17;
#4658:
>0:-1,-1;373,24;373,25;
#4659:
>0:-1,-1;373,29;373,30;372,30;391,31;
#4660:
>0:-1,-1;373,29;373,29;
#4661:
>0:-1,-1;373,33;373,33;
#4662:
>0:-1,-1;373,52;372,52;393,53;373,54;
#4663:
>0:-1,-1;373,71;354,71;335,71;336,72;335,73;356,74;355,75;356,75;357,75;357,77;378,78;397,79;378,80;379,80;398,81;377,81;378,81;357,81;377,82;377,83;398,83;378,84;398,84;397,84;378,84;398,84;397,84;378,84;398,84;397,84;378,84;398,84;397,84;378,84;398,84;397,84;378,84;398,84;397,84;378,84;398,84;397,84;378,84;398,84;397,84;378,84;398,84;397,84;378,84;398,84;397,84;378,84;398,84;397,84;378,84;398,84;397,84;378,84;398,84;397,84;378,84;398,84;397,84;378,84;398,84;397,84;378,84;398,84;397,84;378,84;398,84;397,84;378,84;398,84;397,84;378,84;398,84;397,84;378,84;398,84;397,84;378,84;398,84;397,84;378,84;398,84;397,84;378,84;398,84;397,84;378,84;398,84;397,84;378,84;398,84;397,84;378,84;398,84;397,84;378,84;398,84;397,84;378,84;398,84;397,84;378,84;398,84;397,84;378,84;398,84;397,84;378,84;398,84;397,84;378,84;398,84;397,84;378,84;398,84;397,84;378,84;398,84;397,84;378,84;
#4664:
>0:-1,-1;373,74;394,74;
#4665:
>0:-1,-1;373,128;394,129;375,129;396,130;397,130;377,131;
#4666:
>0:-1,-1;373,130;373,130;
#4667:
>0:-1,-1;373,166;393,166;
#4668:
>0:-1,-1;373,181;353,181;334,181;355,181;
#4669:
>0:-1,-1;373,198;372,199;393,200;394,200;374,201;374,203;
#4670:
>0:-1,-1;374,1;374,1;
#4671:
>0:-1,-1;374,39;374,39;
#4672:
>0:-1,-1;374,51;374,51;
#4673:
>0:-1,-1;374,55;353,56;354,57;
#4674:
>0:-1,-1;374,66;355,67;356,67;356,68;
#4675:
>0:-1,-1;374,71;374,71;
#4676:
>0:-1,-1;374,92;354,92;
#4677:
>0:-1,-1;374,102;374,102;
#4678:
>0:-1,-1;374,120;393,120;372,121;372,123;351,123;372,123;351,123;372,123;351,123;372,123;351,123;372,123;351,123;372,123;351,123;372,123;351,123;372,123;351,123;372,123;351,123;372,123;351,123;372,123;351,123;372,123;351,123;372,123;351,123;372,123;351,123;372,123;351,123;372,123;351,123;372,123;351,123;372,123;351,123;372,123;351,123;372,123;351,123;372,123;351,123;372,123;351,123;372,123;351,123;372,123;351,123;372,123;351,123;372,123;351,123;372,123;351,123;372,123;351,123;372,123;351,123;372,123;351,123;372,123;351,123;372,123;351,123;372,123;351,123;372,123;351,123;372,123;351,123;372,123;351,123;372,123;351,123;372,123;351,123;372,123;351,123;372,123;351,123;372,123;351,123;372,123;351,123;372,123;351,123;372,123;351,123;372,123;351,123;372,123;351,123;372,123;351,123;372,123;351,123;372,123;351,123;372,123;351,123;372,123;351,123;372,123;351,123;372,123;351,123;372,123;351,123;372,123;351,123;372,123;351,123;372,123;351,123;372,123;351,123;372,123;351,123;372,123;351,123;372,123;
#4679:
>0:-1,-1;374,134;373,134;353,134;354,135;333,136;353,136;372,136;372,137;371,138;
#4680:
>0:-1,-1;374,152;354,152;
#4681:
>0:-1,-1;374,175;355,176;376,177;396,177;396,179;375,179;354,179;
#4682:
>0:-1,-1;374,202;374,203;
#4683:
>0:-1,-1;374,202;375,203;
#4684:
>0:-1,-1;374,223;395,223;376,223;357,224;356,225;376,225;377,226;356,227;336,227;
#4685:
>0:-1,-1;375,12;375,12;
#4686:
>0:-1,-1;375,38;375,38;
#4687:
>0:-1,-1;375,39;375,39;
#4688:
>0:-1,-1;375,61;375,61;
#4689:
>0:-1,-1;375,100;396,101;397,102;376,103;396,104;
#4690:
>0:-1,-1;375,118;355,119;356,120;
#4691:
>0:-1,-1;375,134;354,135;333,136;353,136;372,136;372,137;371,138;
#4692:
>0:-1,-1;375,232;396,232;397,232;398,233;377,233;376,233;
#4693:
>0:-1,-1;375,232;375,232;
#4694:
>0:-1,-1;375,234;395,235;
#4695:
>0:-1,-1;375,239;355,239;
#4696:
>0:-1,-1;375,239;356,239;376,239;
#4697:
>0:-1,-1;376,2;377,3;356,3;377,4;
#4698:
>0:-1,-1;376,2;376,2;
#4699:
>0:-1,-1;376,24;396,25;
#4700:
>0:-1,-1;376,35;395,35;376,36;356,36;
#4701:
>0:-1,-1;376,44;377,44;377,45;397,46;398,47;398,49;
#4702:
>0:-1,-1;376,66;357,66;
#4703:
>0:-1,-1;376,127;356,128;
#4704:
>0:-1,-1;376,127;376,127;
#4705:
>0:-1,-1;376,177;396,177;396,179;375,179;354,179;
#4706:
>0:-1,-1;376,197;396,198;395,198;396,199;376,200;395,201;396,201;396,202;375,203;
#4707:
>0:-1,-1;376,215;357,215;
#4708:
>0:-1,-1;376,217;355,218;374,219;395,220;395,222;
#4709:
>0:-1,-1;376,237;375,237;354,238;
#4710:
>0:-1,-1;377,2;396,3;
#4711:
>0:-1,-1;377,39;396,39;377,40;397,40;398,41;377,41;377,43;396,44;375,44;356,45;
#4712:
>0:-1,-1;377,75;398,75;378,76;397,76;378,77;
#4713:
>0:-1,-1;377,122;377,122;
#4714:
>0:-1,-1;377,124;358,125;359,126;379,126;
#4715:
>0:-1,-1;377,130;356,130;337,131;318,132;339,133;338,134;357,135;338,135;359,135;339,135;338,136;317,136;296,137;
#4716:
>0:-1,-1;377,138;358,139;377,139;357,140;356,141;375,142;356,143;
#4717:
>0:-1,-1;377,171;397,171;377,172;356,173;337,174;357,175;357,176;356,177;377,178;358,179;
#4718:
>0:-1,-1;378,1;399,1;
#4719:
>0:-1,-1;378,4;378,4;
#4720:
>0:-1,-1;378,83;379,84;398,84;397,84;378,84;398,84;397,84;378,84;398,84;397,84;378,84;398,84;397,84;378,84;398,84;397,84;378,84;398,84;397,84;378,84;398,84;397,84;378,84;398,84;397,84;378,84;398,84;397,84;378,84;398,84;397,84;378,84;398,84;397,84;378,84;398,84;397,84;378,84;398,84;397,84;378,84;398,84;397,84;378,84;398,84;397,84;378,84;398,84;397,84;378,84;398,84;397,84;378,84;398,84;397,84;378,84;398,84;397,84;378,84;398,84;397,84;378,84;398,84;397,84;378,84;398,84;397,84;378,84;398,84;397,84;378,84;398,84;397,84;378,84;398,84;397,84;378,84;398,84;397,84;378,84;398,84;397,84;378,84;398,84;397,84;378,84;398,84;397,84;378,84;398,84;397,84;378,84;398,84;397,84;378,84;398,84;397,84;378,84;398,84;397,84;378,84;398,84;397,84;378,84;398,84;397,84;378,84;398,84;397,84;378,84;398,84;397,84;378,84;398,84;397,84;378,84;398,84;397,84;378,84;398,84;397,84;378,84;398,84;397,84;
#4721:
>0:-1,-1;378,87;359,88;339,88;338,88;318,88;339,88;338,88;318,88;339,88;338,88;318,88;339,88;338,88;318,88;339,88;338,88;318,88;339,88;338,88;318,88;339,88;338,88;318,88;339,88;338,88;318,88;339,88;338,88;318,88;339,88;338,88;318,88;339,88;338,88;318,88;339,88;338,88;318,88;339,88;338,88;318,88;339,88;338,88;318,88;339,88;338,88;318,88;339,88;338,88;318,88;339,88;338,88;318,88;339,88;338,88;318,88;339,88;338,88;318,88;339,88;338,88;318,88;339,88;338,88;318,88;339,88;338,88;318,88;339,88;338,88;318,88;339,88;338,88;318,88;339,88;338,88;318,88;339,88;338,88;318,88;339,88;338,88;318,88;339,88;338,88;318,88;339,88;338,88;318,88;339,88;338,88;318,88;339,88;338,88;318,88;339,88;338,88;318,88;339,88;338,88;318,88;339,88;338,88;318,88;339,88;338,88;318,88;339,88;338,88;318,88;339,88;338,88;318,88;339,88;338,88;318,88;339,88;338,88;318,88;339,88;338,88;318,88;339,88;338,88;
#4722:
>0:-1,-1;378,89;399,90;399,92;399,93;379,94;378,94;377,95;378,95;397,96;398,97;397,97;396,97;395,98;396,99;376,99;396,100;395,100;394,100;373,100;
#4723:
>0:-1,-1;378,93;377,94;356,94;336,95;
#4724:
>0:-1,-1;378,95;397,96;398,97;397,97;396,97;395,98;396,99;376,99;396,100;395,100;394,100;373,100;
#4725:
>0:-1,-1;378,116;379,116;399,117;398,118;
#4726:
>0:-1,-1;378,138;397,138;378,139;398,140;398,142;
#4727:
>0:-1,-1;378,168;399,169;
#4728:
>0:-1,-1;378,177;359,177;
#4729:
>0:-1,-1;378,177;398,178;379,179;
#4730:
>0:-1,-1;378,191;377,191;357,192;356,193;375,193;374,193;395,193;376,194;396,194;396,196;397,196;378,197;379,197;
#4731:
>0:-1,-1;378,231;378,233;357,233;
#4732:
>0:-1,-1;379,25;379,25;
#4733:
>0:-1,-1;379,118;358,118;
#4734:
>0:-1,-1;379,118;398,119;
#4735:
>0:-1,-1;379,139;379,139;
#4736:
>0:-1,-1;379,175;398,176;
#4737:
>0:-1,-1;379,195;399,195;
#4738:
>0:-1,-1;379,232;379,232;
#4739:
>0:-1,-1;380,7;360,7;381,8;
#4740:
>0:-1,-1;380,11;381,12;
#4741:
>0:-1,-1;380,13;361,13;341,13;321,14;302,14;
#4742:
>0:-1,-1;380,20;361,20;381,21;
#4743:
>0:-1,-1;380,22;380,24;381,25;
#4744:
>0:-1,-1;380,25;380,26;360,27;381,28;382,29;382,30;381,30;360,31;360,32;360,34;
#4745:
>0:-1,-1;380,38;380,38;
#4746:
>0:-1,-1;380,53;380,53;
#4747:
>0:-1,-1;380,70;380,70;
#4748:
>0:-1,-1;380,106;360,107;340,108;
#4749:
>0:-1,-1;380,137;380,138;361,138;342,138;341,138;322,138;
#4750:
>0:-1,-1;380,138;361,138;342,138;341,138;322,138;
#4751:
>0:-1,-1;380,168;361,169;361,170;362,171;363,172;384,173;385,174;
#4752:
>0:-1,-1;380,178;361,179;
#4753:
>0:-1,-1;380,184;380,185;380,187;360,187;341,187;
#4754:
>0:-1,-1;380,203;381,203;361,204;341,205;361,205;
#4755:
>0:-1,-1;380,213;360,214;340,214;320,215;301,216;320,217;300,218;
#4756:
>0:-1,-1;380,219;360,220;381,220;362,220;363,220;343,220;
#4757:
>0:-1,-1;381,13;380,14;360,14;360,15;381,16;380,16;361,17;340,18;360,18;360,19;341,19;321,19;321,20;320,20;
#4758:
>0:-1,-1;381,28;382,29;382,30;381,30;360,31;360,32;360,34;
#4759:
>0:-1,-1;381,41;380,42;361,42;342,43;342,45;362,45;383,45;364,45;364,46;365,47;
#4760:
>0:-1,-1;381,47;360,47;380,48;360,49;361,49;382,50;361,50;380,50;
#4761:
>0:-1,-1;381,57;362,58;342,58;321,58;302,59;302,61;303,62;322,63;
#4762:
>0:-1,-1;381,66;361,66;
#4763:
>0:-1,-1;381,109;381,109;
#4764:
>0:-1,-1;381,125;360,125;
#4765:
>0:-1,-1;381,125;361,126;
#4766:
>0:-1,-1;381,126;380,127;
#4767:
>0:-1,-1;381,132;361,132;342,133;363,133;342,134;
#4768:
>0:-1,-1;381,137;381,137;
#4769:
>0:-1,-1;381,146;361,147;
#4770:
>0:-1,-1;381,194;381,194;
#4771:
>0:-1,-1;381,203;361,204;341,205;361,205;
#4772:
>0:-1,-1;381,213;360,214;340,214;320,215;301,216;320,217;300,218;
#4773:
>0:-1,-1;381,213;381,213;
#4774:
>0:-1,-1;381,239;362,239;361,239;340,239;361,239;340,239;361,239;340,239;361,239;340,239;361,239;340,239;361,239;340,239;361,239;340,239;361,239;340,239;361,239;340,239;361,239;340,239;361,239;340,239;361,239;340,239;361,239;340,239;361,239;340,239;361,239;340,239;361,239;340,239;361,239;340,239;361,239;340,239;361,239;340,239;361,239;340,239;361,239;340,239;361,239;340,239;361,239;340,239;361,239;340,239;361,239;340,239;361,239;340,239;361,239;340,239;361,239;340,239;361,239;340,239;361,239;340,239;361,239;340,239;361,239;340,239;361,239;340,239;361,239;340,239;361,239;340,239;361,239;340,239;361,239;340,239;361,239;340,239;361,239;340,239;361,239;340,239;361,239;340,239;361,239;340,239;361,239;340,239;361,239;340,239;361,239;340,239;361,239;340,239;361,239;340,239;361,239;340,239;361,239;340,239;361,239;340,239;361,239;340,239;361,239;340,239;361,239;340,239;361,239;340,239;361,239;340,239;361,239;340,239;361,239;340,239;361,239;340,239;361,239;340,239;361,239;340,239;361,239;340,239;
#4775:
>0:-1,-1;382,17;363,17;384,17;384,18;383,18;382,19;363,19;344,19;363,20;382,21;381,21;
#4776:
>0:-1,-1;382,23;381,23;360,23;341,24;360,25;
#4777:
>0:-1,-1;382,23;381,23;
#4778:
>0:-1,-1;382,23;382,23;
#4779:
>0:-1,-1;382,24;363,24;382,25;
#4780:
>0:-1,-1;382,38;382,39;382,40;361,40;381,41;380,42;361,42;342,43;342,45;362,45;383,45;364,45;364,46;365,47;
#4781:
>0:-1,-1;382,39;382,40;361,40;381,41;380,42;361,42;342,43;342,45;362,45;383,45;364,45;364,46;365,47;
#4782:
>0:-1,-1;382,67;381,68;382,68;362,68;382,69;
#4783:
>0:-1,-1;382,148;363,148;364,149;345,150;344,150;364,150;344,150;364,150;344,150;364,150;344,150;364,150;344,150;364,150;344,150;364,150;344,150;364,150;344,150;364,150;344,150;364,150;344,150;364,150;344,150;364,150;344,150;364,150;344,150;364,150;344,150;364,150;344,150;364,150;344,150;364,150;344,150;364,150;344,150;364,150;344,150;364,150;344,150;364,150;344,150;364,150;344,150;364,150;344,150;364,150;344,150;364,150;344,150;364,150;344,150;364,150;344,150;364,150;344,150;364,150;344,150;364,150;344,150;364,150;344,150;364,150;344,150;364,150;344,150;364,150;344,150;364,150;344,150;364,150;344,150;364,150;344,150;364,150;344,150;364,150;344,150;364,150;344,150;364,150;344,150;364,150;344,150;364,150;344,150;364,150;344,150;364,150;344,150;364,150;344,150;364,150;344,150;364,150;344,150;364,150;344,150;364,150;344,150;364,150;344,150;364,150;344,150;364,150;344,150;364,150;344,150;364,150;344,150;364,150;344,150;364,150;344,150;364,150;344,150;364,150;344,150;364,150;344,150;364,150;
#4784:
>0:-1,-1;382,158;383,159;384,160;385,160;365,160;344,160;363,160;364,161;383,162;384,162;
#4785:
>0:-1,-1;382,160;383,161;364,161;383,162;384,162;
#4786:
>0:-1,-1;382,224;382,224;
#4787:
>0:-1,-1;382,231;363,232;384,233;364,233;364,234;363,235;343,235;
#4788:
>0:-1,-1;383,21;362,21;382,22;363,23;343,23;323,24;
#4789:
>0:-1,-1;383,21;383,21;
#4790:
>0:-1,-1;383,26;363,26;382,26;
#4791:
>0:-1,-1;383,26;382,27;
#4792:
>0:-1,-1;383,35;383,37;364,37;
#4793:
>0:-1,-1;383,54;364,54;
#4794:
>0:-1,-1;383,64;363,65;
#4795:
>0:-1,-1;383,70;383,70;
#4796:
>0:-1,-1;383,77;364,77;
#4797:
>0:-1,-1;383,90;384,91;
#4798:
>0:-1,-1;383,98;383,99;364,100;365,101;
#4799:
>0:-1,-1;383,113;364,114;
#4800:
>0:-1,-1;383,117;363,117;
#4801:
>0:-1,-1;383,131;382,131;
#4802:
>0:-1,-1;383,176;362,176;381,176;
#4803:
>0:-1,-1;383,216;383,217;383,218;
#4804:
>0:-1,-1;383,225;382,225;382,226;383,227;384,228;363,229;
#4805:
>0:-1,-1;383,227;384,228;363,229;
#4806:
>0:-1,-1;384,12;364,13;
#4807:
>0:-1,-1;384,23;384,23;
#4808:
>0:-1,-1;384,29;363,29;384,30;385,31;366,32;347,33;327,33;
#4809:
>0:-1,-1;384,35;384,36;363,37;384,38;365,38;364,39;384,39;
#4810:
>0:-1,-1;384,46;363,46;342,47;322,48;321,48;321,49;321,51;340,51;360,52;360,53;341,53;342,53;341,53;342,53;341,53;342,53;341,53;342,53;341,53;342,53;341,53;342,53;341,53;342,53;341,53;342,53;341,53;342,53;341,53;342,53;341,53;342,53;341,53;342,53;341,53;342,53;341,53;342,53;341,53;342,53;341,53;342,53;341,53;342,53;341,53;342,53;341,53;342,53;341,53;342,53;341,53;342,53;341,53;342,53;341,53;342,53;341,53;342,53;341,53;342,53;341,53;342,53;341,53;342,53;341,53;342,53;341,53;342,53;341,53;342,53;341,53;342,53;341,53;342,53;341,53;342,53;341,53;342,53;341,53;342,53;341,53;342,53;341,53;342,53;341,53;342,53;341,53;342,53;341,53;342,53;341,53;342,53;341,53;342,53;341,53;342,53;341,53;342,53;341,53;342,53;341,53;342,53;341,53;342,53;341,53;342,53;341,53;342,53;341,53;342,53;341,53;342,53;341,53;342,53;341,53;342,53;341,53;342,53;341,53;342,53;341,53;342,53;341,53;342,53;
#4811:
>0:-1,-1;384,55;365,56;345,57;364,57;344,58;325,59;344,60;345,61;325,61;306,62;287,62;286,62;
#4812:
>0:-1,-1;384,76;384,78;363,78;
#4813:
>0:-1,-1;384,147;363,148;364,149;345,150;344,150;364,150;344,150;364,150;344,150;364,150;344,150;364,150;344,150;364,150;344,150;364,150;344,150;364,150;344,150;364,150;344,150;364,150;344,150;364,150;344,150;364,150;344,150;364,150;344,150;364,150;344,150;364,150;344,150;364,150;344,150;364,150;344,150;364,150;344,150;364,150;344,150;364,150;344,150;364,150;344,150;364,150;344,150;364,150;344,150;364,150;344,150;364,150;344,150;364,150;344,150;364,150;344,150;364,150;344,150;364,150;344,150;364,150;344,150;364,150;344,150;364,150;344,150;364,150;344,150;364,150;344,150;364,150;344,150;364,150;344,150;364,150;344,150;364,150;344,150;364,150;344,150;364,150;344,150;364,150;344,150;364,150;344,150;364,150;344,150;364,150;344,150;364,150;344,150;364,150;344,150;364,150;344,150;364,150;344,150;364,150;344,150;364,150;344,150;364,150;344,150;364,150;344,150;364,150;344,150;364,150;344,150;364,150;344,150;364,150;344,150;364,150;344,150;364,150;344,150;364,150;344,150;364,150;344,150;364,150;
#4814:
>0:-1,-1;384,149;384,149;
#4815:
>0:-1,-1;384,159;384,159;
#4816:
>0:-1,-1;384,167;384,167;
#4817:
>0:-1,-1;384,167;384,167;
#4818:
>0:-1,-1;384,177;365,177;
#4819:
>0:-1,-1;384,187;363,187;343,188;324,189;325,190;
#4820:
>0:-1,-1;384,206;383,206;363,206;343,206;323,206;342,206;
#4821:
>0:-1,-1;384,225;363,225;364,225;344,226;
#4822:
>0:-1,-1;385,12;365,12;386,13;386,14;387,14;386,14;387,14;386,14;387,14;386,14;387,14;386,14;387,14;386,14;387,14;386,14;387,14;386,14;387,14;386,14;387,14;386,14;387,14;386,14;387,14;386,14;387,14;386,14;387,14;386,14;387,14;386,14;387,14;386,14;387,14;386,14;387,14;386,14;387,14;386,14;387,14;386,14;387,14;386,14;387,14;386,14;387,14;386,14;387,14;386,14;387,14;386,14;387,14;386,14;387,14;386,14;387,14;386,14;387,14;386,14;387,14;386,14;387,14;386,14;387,14;386,14;387,14;386,14;387,14;386,14;387,14;386,14;387,14;386,14;387,14;386,14;387,14;386,14;387,14;386,14;387,14;386,14;387,14;386,14;387,14;386,14;387,14;386,14;387,14;386,14;387,14;386,14;387,14;386,14;387,14;386,14;387,14;386,14;387,14;386,14;387,14;386,14;387,14;386,14;387,14;386,14;387,14;386,14;387,14;386,14;387,14;386,14;387,14;386,14;387,14;386,14;387,14;386,14;387,14;386,14;387,14;386,14;387,14;386,14;
#4823:
>0:-1,-1;385,22;366,22;385,22;366,22;385,22;366,22;385,22;366,22;385,22;366,22;385,22;366,22;385,22;366,22;385,22;366,22;385,22;366,22;385,22;366,22;385,22;366,22;385,22;366,22;385,22;366,22;385,22;366,22;385,22;366,22;385,22;366,22;385,22;366,22;385,22;366,22;385,22;366,22;385,22;366,22;385,22;366,22;385,22;366,22;385,22;366,22;385,22;366,22;385,22;366,22;385,22;366,22;385,22;366,22;385,22;366,22;385,22;366,22;385,22;366,22;385,22;366,22;385,22;366,22;385,22;366,22;385,22;366,22;385,22;366,22;385,22;366,22;385,22;366,22;385,22;366,22;385,22;366,22;385,22;366,22;385,22;366,22;385,22;366,22;385,22;366,22;385,22;366,22;385,22;366,22;385,22;366,22;385,22;366,22;385,22;366,22;385,22;366,22;385,22;366,22;385,22;366,22;385,22;366,22;385,22;366,22;385,22;366,22;385,22;366,22;385,22;366,22;385,22;366,22;385,22;366,22;385,22;366,22;385,22;366,22;385,22;366,22;385,22;366,22;
#4824:
>0:-1,-1;385,28;386,29;
#4825:
>0:-1,-1;385,69;365,70;366,70;
#4826:
>0:-1,-1;385,74;365,75;365,76;386,77;385,77;385,79;
#4827:
>0:-1,-1;385,98;385,98;
#4828:
>0:-1,-1;385,116;365,117;365,118;
#4829:
>0:-1,-1;385,134;386,134;386,136;366,136;365,137;346,137;326,137;346,138;
#4830:
>0:-1,-1;385,150;364,151;343,151;
#4831:
>0:-1,-1;385,150;385,152;
#4832:
>0:-1,-1;385,198;365,199;346,200;
#4833:
>0:-1,-1;385,208;385,208;
#4834:
>0:-1,-1;385,215;385,215;
#4835:
>0:-1,-1;385,230;385,230;
#4836:
>0:-1,-1;385,231;364,232;344,232;365,232;
#4837:
>0:-1,-1;386,17;366,17;365,18;
#4838:
>0:-1,-1;386,35;386,35;
#4839:
>0:-1,-1;386,43;386,43;
#4840:
>0:-1,-1;386,65;366,66;366,67;366,69;345,69;325,69;
#4841:
>0:-1,-1;386,74;365,74;365,75;365,76;386,77;385,77;385,79;
#4842:
>0:-1,-1;386,74;365,75;365,76;386,77;385,77;385,79;
#4843:
>0:-1,-1;386,77;385,77;385,79;
#4844:
>0:-1,-1;386,79;386,79;
#4845:
>0:-1,-1;386,80;387,80;
#4846:
>0:-1,-1;386,97;386,99;365,100;345,100;344,100;345,100;344,100;345,100;344,100;345,100;344,100;345,100;344,100;345,100;344,100;345,100;344,100;345,100;344,100;345,100;344,100;345,100;344,100;345,100;344,100;345,100;344,100;345,100;344,100;345,100;344,100;345,100;344,100;345,100;344,100;345,100;344,100;345,100;344,100;345,100;344,100;345,100;344,100;345,100;344,100;345,100;344,100;345,100;344,100;345,100;344,100;345,100;344,100;345,100;344,100;345,100;344,100;345,100;344,100;345,100;344,100;345,100;344,100;345,100;344,100;345,100;344,100;345,100;344,100;345,100;344,100;345,100;344,100;345,100;344,100;345,100;344,100;345,100;344,100;345,100;344,100;345,100;344,100;345,100;344,100;345,100;344,100;345,100;344,100;345,100;344,100;345,100;344,100;345,100;344,100;345,100;344,100;345,100;344,100;345,100;344,100;345,100;344,100;345,100;344,100;345,100;344,100;345,100;344,100;345,100;344,100;345,100;344,100;345,100;344,100;345,100;344,100;345,100;344,100;345,100;344,100;345,100;344,100;345,100;
#4847:
>0:-1,-1;386,134;386,136;366,136;365,137;346,137;326,137;346,138;
#4848:
>0:-1,-1;386,138;387,139;387,141;366,142;367,142;348,142;348,144;349,144;328,145;
#4849:
>0:-1,-1;386,185;386,185;
#4850:
>0:-1,-1;386,219;386,221;385,222;
#4851:
>0:-1,-1;387,24;387,24;
#4852:
>0:-1,-1;387,29;387,29;
#4853:
>0:-1,-1;387,36;388,36;367,37;366,38;386,39;
#4854:
>0:-1,-1;387,70;387,71;387,73;386,74;
#4855:
>0:-1,-1;387,96;386,96;367,97;348,98;
#4856:
>0:-1,-1;387,153;368,153;348,153;
#4857:
>0:-1,-1;387,177;386,177;367,177;388,177;389,178;388,179;389,180;
#4858:
>0:-1,-1;387,178;366,179;387,179;367,179;
#4859:
>0:-1,-1;387,203;366,204;346,204;345,204;
#4860:
>0:-1,-1;387,226;387,226;
#4861:
>0:-1,-1;387,233;366,233;
#4862:
>0:-1,-1;388,41;388,41;
#4863:
>0:-1,-1;388,64;388,64;
#4864:
>0:-1,-1;388,75;367,75;
#4865:
>0:-1,-1;388,149;388,149;
#4866:
>0:-1,-1;388,159;369,159;349,160;369,161;350,161;370,161;369,162;370,162;351,163;350,164;349,165;350,165;330,165;
#4867:
>0:-1,-1;388,167;369,168;389,169;369,169;349,170;370,170;
#4868:
>0:-1,-1;388,168;389,169;369,169;349,170;370,170;
#4869:
>0:-1,-1;388,168;388,168;
#4870:
>0:-1,-1;388,193;369,194;
#4871:
>0:-1,-1;388,202;369,202;388,203;368,204;387,204;388,204;389,205;390,205;371,205;351,205;
#4872:
>0:-1,-1;388,236;368,236;348,237;328,238;309,238;328,239;
#4873:
>0:-1,-1;389,1;369,1;
#4874:
>0:-1,-1;389,20;389,20;
#4875:
>0:-1,-1;389,63;368,64;
#4876:
>0:-1,-1;389,68;388,68;368,68;368,70;369,71;369,72;390,72;370,72;389,72;
#4877:
>0:-1,-1;389,102;388,102;367,103;367,104;347,104;346,104;347,105;
#4878:
>0:-1,-1;389,140;370,140;350,140;329,141;
#4879:
>0:-1,-1;389,151;389,151;
#4880:
>0:-1,-1;389,156;368,156;367,156;388,157;389,157;
#4881:
>0:-1,-1;389,220;368,220;
#4882:
>0:-1,-1;389,220;388,221;367,221;388,222;
#4883:
>0:-1,-1;389,226;370,227;349,228;349,230;348,230;369,230;368,231;
#4884:
>0:-1,-1;389,229;389,229;
#4885:
>0:-1,-1;389,235;389,235;
#4886:
>0:-1,-1;390,22;390,22;
#4887:
>0:-1,-1;390,22;390,22;
#4888:
>0:-1,-1;390,61;390,61;
#4889:
>0:-1,-1;390,63;390,64;370,64;391,64;372,65;391,65;370,66;389,66;
#4890:
>0:-1,-1;390,90;391,90;
#4891:
>0:-1,-1;390,91;391,91;372,91;353,92;
#4892:
>0:-1,-1;390,96;370,96;350,97;
#4893:
>0:-1,-1;390,127;390,127;
#4894:
>0:-1,-1;390,181;390,183;390,184;371,185;370,185;391,186;
#4895:
>0:-1,-1;390,200;390,200;
#4896:
>0:-1,-1;391,13;391,13;
#4897:
>0:-1,-1;391,42;370,43;351,43;331,43;350,43;371,43;390,44;390,45;
#4898:
>0:-1,-1;391,42;391,42;
#4899:
>0:-1,-1;391,75;392,76;392,78;393,79;
#4900:
>0:-1,-1;391,84;370,85;350,85;370,85;350,85;370,85;350,85;370,85;350,85;370,85;350,85;370,85;350,85;370,85;350,85;370,85;350,85;370,85;350,85;370,85;350,85;370,85;350,85;370,85;350,85;370,85;350,85;370,85;350,85;370,85;350,85;370,85;350,85;370,85;350,85;370,85;350,85;370,85;350,85;370,85;350,85;370,85;350,85;370,85;350,85;370,85;350,85;370,85;350,85;370,85;350,85;370,85;350,85;370,85;350,85;370,85;350,85;370,85;350,85;370,85;350,85;370,85;350,85;370,85;350,85;370,85;350,85;370,85;350,85;370,85;350,85;370,85;350,85;370,85;350,85;370,85;350,85;370,85;350,85;370,85;350,85;370,85;350,85;370,85;350,85;370,85;350,85;370,85;350,85;370,85;350,85;370,85;350,85;370,85;350,85;370,85;350,85;370,85;350,85;370,85;350,85;370,85;350,85;370,85;350,85;370,85;350,85;370,85;350,85;370,85;350,85;370,85;350,85;370,85;350,85;370,85;350,85;370,85;350,85;370,85;350,85;370,85;350,85;370,85;
#4901:
>0:-1,-1;391,114;391,114;
#4902:
>0:-1,-1;391,147;372,148;352,148;351,149;352,149;
#4903:
>0:-1,-1;391,169;371,169;372,170;372,172;373,172;374,173;375,174;376,174;357,174;
#4904:
>0:-1,-1;391,210;371,211;352,212;351,213;351,214;
#4905:
>0:-1,-1;391,216;392,217;373,218;374,219;395,220;395,222;
#4906:
>0:-1,-1;391,218;390,219;391,219;
#4907:
>0:-1,-1;391,226;371,227;392,228;392,230;
#4908:
>0:-1,-1;392,10;393,11;392,11;373,11;374,12;375,12;
#4909:
>0:-1,-1;392,30;392,32;373,32;
#4910:
>0:-1,-1;392,86;392,88;373,88;393,89;372,89;391,89;371,90;351,91;372,92;372,94;351,94;372,94;351,94;372,94;351,94;372,94;351,94;372,94;351,94;372,94;351,94;372,94;351,94;372,94;351,94;372,94;351,94;372,94;351,94;372,94;351,94;372,94;351,94;372,94;351,94;372,94;351,94;372,94;351,94;372,94;351,94;372,94;351,94;372,94;351,94;372,94;351,94;372,94;351,94;372,94;351,94;372,94;351,94;372,94;351,94;372,94;351,94;372,94;351,94;372,94;351,94;372,94;351,94;372,94;351,94;372,94;351,94;372,94;351,94;372,94;351,94;372,94;351,94;372,94;351,94;372,94;351,94;372,94;351,94;372,94;351,94;372,94;351,94;372,94;351,94;372,94;351,94;372,94;351,94;372,94;351,94;372,94;351,94;372,94;351,94;372,94;351,94;372,94;351,94;372,94;351,94;372,94;351,94;372,94;351,94;372,94;351,94;372,94;351,94;372,94;351,94;372,94;351,94;372,94;351,94;372,94;351,94;372,94;351,94;372,94;351,94;372,94;351,94;372,94;
#4911:
>0:-1,-1;392,106;392,106;
#4912:
>0:-1,-1;392,151;372,152;
#4913:
>0:-1,-1;392,154;391,155;370,156;350,156;329,156;308,157;
#4914:
>0:-1,-1;392,161;393,161;
#4915:
>0:-1,-1;392,163;392,163;
#4916:
>0:-1,-1;392,225;392,225;
#4917:
>0:-1,-1;393,1;394,1;374,1;
#4918:
>0:-1,-1;393,19;373,20;394,20;373,20;394,20;373,20;394,20;373,20;394,20;373,20;394,20;373,20;394,20;373,20;394,20;373,20;394,20;373,20;394,20;373,20;394,20;373,20;394,20;373,20;394,20;373,20;394,20;373,20;394,20;373,20;394,20;373,20;394,20;373,20;394,20;373,20;394,20;373,20;394,20;373,20;394,20;373,20;394,20;373,20;394,20;373,20;394,20;373,20;394,20;373,20;394,20;373,20;394,20;373,20;394,20;373,20;394,20;373,20;394,20;373,20;394,20;373,20;394,20;373,20;394,20;373,20;394,20;373,20;394,20;373,20;394,20;373,20;394,20;373,20;394,20;373,20;394,20;373,20;394,20;373,20;394,20;373,20;394,20;373,20;394,20;373,20;394,20;373,20;394,20;373,20;394,20;373,20;394,20;373,20;394,20;373,20;394,20;373,20;394,20;373,20;394,20;373,20;394,20;373,20;394,20;373,20;394,20;373,20;394,20;373,20;394,20;373,20;394,20;373,20;394,20;373,20;394,20;373,20;394,20;373,20;394,20;373,20;394,20;373,20;
#4919:
>0:-1,-1;393,21;392,21;372,22;371,23;350,23;
#4920:
>0:-1,-1;393,33;393,33;
#4921:
>0:-1,-1;393,52;393,52;
#4922:
>0:-1,-1;393,68;392,69;
#4923:
>0:-1,-1;393,69;393,71;394,72;375,72;
#4924:
>0:-1,-1;393,112;393,112;
#4925:
>0:-1,-1;393,119;394,120;
#4926:
>0:-1,-1;393,124;392,125;
#4927:
>0:-1,-1;393,152;373,152;354,152;
#4928:
>0:-1,-1;393,181;393,181;
#4929:
>0:-1,-1;393,222;372,223;
#4930:
>0:-1,-1;393,222;393,222;
#4931:
>0:-1,-1;393,234;374,235;
#4932:
>0:-1,-1;394,22;395,23;395,24;
#4933:
>0:-1,-1;394,23;375,23;394,24;373,25;
#4934:
>0:-1,-1;394,31;395,31;374,31;353,32;332,33;
#4935:
>0:-1,-1;394,35;395,35;376,36;356,36;
#4936:
>0:-1,-1;394,43;394,43;
#4937:
>0:-1,-1;394,107;393,108;374,108;393,109;372,109;392,110;391,111;
#4938:
>0:-1,-1;394,107;394,109;374,110;353,110;373,111;
#4939:
>0:-1,-1;394,109;374,110;353,110;373,111;
#4940:
>0:-1,-1;394,121;374,122;354,122;
#4941:
>0:-1,-1;394,126;395,127;375,128;375,129;396,130;397,130;377,131;
#4942:
>0:-1,-1;394,139;394,139;
#4943:
>0:-1,-1;394,162;395,163;396,164;396,166;375,167;
#4944:
>0:-1,-1;395,1;374,2;
#4945:
>0:-1,-1;395,3;394,3;373,3;353,4;353,5;333,6;314,6;333,6;314,6;333,6;314,6;333,6;314,6;333,6;314,6;333,6;314,6;333,6;314,6;333,6;314,6;333,6;314,6;333,6;314,6;333,6;314,6;333,6;314,6;333,6;314,6;333,6;314,6;333,6;314,6;333,6;314,6;333,6;314,6;333,6;314,6;333,6;314,6;333,6;314,6;333,6;314,6;333,6;314,6;333,6;314,6;333,6;314,6;333,6;314,6;333,6;314,6;333,6;314,6;333,6;314,6;333,6;314,6;333,6;314,6;333,6;314,6;333,6;314,6;333,6;314,6;333,6;314,6;333,6;314,6;333,6;314,6;333,6;314,6;333,6;314,6;333,6;314,6;333,6;314,6;333,6;314,6;333,6;314,6;333,6;314,6;333,6;314,6;333,6;314,6;333,6;314,6;333,6;314,6;333,6;314,6;333,6;314,6;333,6;314,6;333,6;314,6;333,6;314,6;333,6;314,6;333,6;314,6;333,6;314,6;333,6;314,6;333,6;314,6;333,6;314,6;333,6;314,6;333,6;
#4946:
>0:-1,-1;395,3;395,3;
#4947:
>0:-1,-1;395,6;374,7;395,8;376,8;357,8;
#4948:
>0:-1,-1;395,15;394,16;394,18;375,19;
#4949:
>0:-1,-1;395,22;376,23;377,24;396,25;
#4950:
>0:-1,-1;395,37;375,38;
#4951:
>0:-1,-1;395,67;396,67;397,68;396,69;377,69;358,69;337,69;338,70;317,71;336,72;335,73;356,74;355,75;356,75;357,75;357,77;378,78;397,79;378,80;379,80;398,81;377,81;378,81;357,81;377,82;377,83;398,83;378,84;398,84;397,84;378,84;398,84;397,84;378,84;398,84;397,84;378,84;398,84;397,84;378,84;398,84;397,84;378,84;398,84;397,84;378,84;398,84;397,84;378,84;398,84;397,84;378,84;398,84;397,84;378,84;398,84;397,84;378,84;398,84;397,84;378,84;398,84;397,84;378,84;398,84;397,84;378,84;398,84;397,84;378,84;398,84;397,84;378,84;398,84;397,84;378,84;398,84;397,84;378,84;398,84;397,84;378,84;398,84;397,84;378,84;398,84;397,84;378,84;398,84;397,84;378,84;398,84;397,84;378,84;398,84;397,84;378,84;398,84;397,84;378,84;398,84;397,84;378,84;398,84;397,84;378,84;398,84;397,84;378,84;398,84;397,84;378,84;398,84;397,84;378,84;398,84;397,84;378,84;398,84;397,84;378,84;398,84;397,84;378,84;
#4952:
>0:-1,-1;395,156;374,157;395,158;395,159;394,160;
#4953:
>0:-1,-1;395,200;395,201;396,201;396,202;375,203;
#4954:
>0:-1,-1;395,204;395,204;
#4955:
>0:-1,-1;395,209;395,210;395,212;394,213;
#4956:
>0:-1,-1;395,211;376,212;357,212;357,214;378,215;
#4957:
>0:-1,-1;396,1;375,1;375,3;354,4;335,5;335,6;356,6;356,7;357,8;
#4958:
>0:-1,-1;396,3;396,3;
#4959:
>0:-1,-1;396,5;396,5;
#4960:
>0:-1,-1;396,8;396,8;
#4961:
>0:-1,-1;396,14;396,14;
#4962:
>0:-1,-1;396,65;396,65;
#4963:
>0:-1,-1;396,115;395,116;376,116;376,117;396,118;377,119;376,120;357,120;
#4964:
>0:-1,-1;396,140;395,141;394,141;373,141;392,141;371,141;390,141;
#4965:
>0:-1,-1;396,166;375,167;
#4966:
>0:-1,-1;396,175;397,175;376,176;376,178;357,179;358,179;
#4967:
>0:-1,-1;396,232;397,232;398,233;377,233;376,233;
#4968:
>0:-1,-1;397,53;378,53;357,54;357,56;376,57;
#4969:
>0:-1,-1;397,58;397,58;
#4970:
>0:-1,-1;397,78;376,78;
#4971:
>0:-1,-1;397,78;397,78;
#4972:
>0:-1,-1;397,102;376,103;396,104;
#4973:
>0:-1,-1;397,137;378,138;397,138;378,139;398,140;398,142;
#4974:
>0:-1,-1;397,165;377,165;357,165;
#4975:
>0:-1,-1;397,177;378,178;397,179;396,180;396,181;377,181;397,182;378,183;358,184;379,185;398,185;399,185;399,187;398,187;
#4976:
>0:-1,-1;397,195;397,197;377,198;
#4977:
>0:-1,-1;397,220;397,220;
#4978:
>0:-1,-1;397,237;398,238;398,239;397,239;
#4979:
>0:-1,-1;398,27;378,27;359,28;358,28;379,28;
#4980:
>0:-1,-1;398,27;378,27;378,29;377,29;378,30;398,31;379,31;399,31;
#4981:
>0:-1,-1;398,27;398,28;377,29;378,30;398,31;379,31;399,31;
#4982:
>0:-1,-1;398,27;398,28;
#4983:
>0:-1,-1;398,49;397,50;
#4984:
>0:-1,-1;398,49;398,50;398,51;378,52;379,52;379,53;
#4985:
>0:-1,-1;398,69;377,70;357,71;
#4986:
>0:-1,-1;398,70;377,70;357,71;
#4987:
>0:-1,-1;398,139;398,139;
#4988:
>0:-1,-1;398,148;379,148;379,150;378,151;377,151;
#4989:
>0:-1,-1;398,177;377,178;358,179;
#4990:
>0:-1,-1;398,215;379,216;
#4991:
>0:-1,-1;398,216;377,217;
#4992:
>0:-1,-1;399,4;399,4;
#4993:
>0:-1,-1;399,21;399,23;
#4994:
>0:-1,-1;399,24;399,24;
#4995:
>0:-1,-1;399,55;378,55;
#4996:
>0:-1,-1;399,56;398,56;
#4997:
>0:-1,-1;399,214;378,214;359,215;
#4998:
>0:-1,-1;399,216;398,217;397,218;396,219;397,219;378,219;358,220;
#4999:
>0:-1,-1;399,232;399,232;
